team_size,sim_num,bot_type,faction,class,token_id,rating,side,won,duration_ticks,damage_dealt,healing_done,damage_taken,died
2,0,Blackhole_Tactician,Blackhole,Tactician,4463,33,party,True,5,994.1520467836257,0.0,0,True
2,0,Dead_Fixer,Dead,Fixer,6113,31,party,True,5,608.2068488057793,1435.1413763405717,0,False
2,0,Game_Fixer,Game,Fixer,3152,26,enemy,False,5,0.0,0.0,0,True
2,0,Industrial_Tactician,Industrial,Tactician,1342,28,enemy,False,5,1222.5531729780382,0.0,0,True
2,1,Food_Fixer,Food,Fixer,3804,15,party,True,4,148.9608979310545,0.0,0,False
2,1,Murder_Bulwark,Murder,Bulwark,1424,17,party,True,4,1221.784265534869,0.0,0,False
2,1,Industrial_Fixer,Industrial,Fixer,8425,13,enemy,False,4,0.0,311.6080626496999,0,True
2,1,Murder_Fixer,Murder,Fixer,9651,14,enemy,False,4,148.9608979310545,0.0,0,True
2,2,Bee_Striker,Bee,Striker,8573,17,party,True,6,850.9418872276399,0.0,0,False
2,2,Industrial_Fixer,Industrial,Fixer,3122,16,party,True,6,304.76190476190476,314.9439838730361,0,True
2,2,Master_Bulwark,Master,Bulwark,5859,23,enemy,False,6,0.0,0.0,0,True
2,2,Food_Tactician,Food,Tactician,825,21,enemy,False,6,944.8319516191082,0.0,0,True
2,3,Dead_Fixer,Dead,Fixer,3348,25,party,True,3,372.3689870264214,0.0,0,False
2,3,Industrial_Tactician,Industrial,Tactician,5702,26,party,True,3,1609.0426141833427,0.0,0,False
2,3,Box_Tactician,Box,Tactician,2116,20,enemy,False,3,0.0,0.0,0,True
2,3,Game_Bulwark,Game,Bulwark,8976,23,enemy,False,3,0.0,0.0,0,True
2,4,Dead_Fixer,Dead,Fixer,8550,36,party,False,5,222.20137096979795,0.0,0,True
2,4,Dead_Fixer,Dead,Fixer,766,35,party,False,5,196.71834911906862,0.0,0,True
2,4,Golden_Striker,Golden,Striker,947,45,enemy,True,5,1027.1755634113172,0.0,0,False
2,4,Golden_Striker,Golden,Striker,5677,45,enemy,True,5,2056.33217901822,0.0,0,False
2,5,Murder_Striker,Murder,Striker,6655,16,party,False,3,0.0,0.0,0,True
2,5,Food_Fixer,Food,Fixer,6780,17,party,False,3,156.6976009735928,0.0,0,True
2,5,Master_Bulwark,Master,Bulwark,5584,27,enemy,True,3,521.8444400521876,0.0,0,False
2,5,Master_Bulwark,Master,Bulwark,4136,25,enemy,True,3,471.566521466344,0.0,0,False
2,6,Game_Bulwark,Game,Bulwark,9244,13,party,False,7,340.9548833797003,0.0,0,True
2,6,Game_Fixer,Game,Fixer,8765,13,party,False,7,256.0515879311442,0.0,0,True
2,6,Game_Bulwark,Game,Bulwark,2093,14,enemy,True,7,0.0,0.0,0,True
2,6,Industrial_Bulwark,Industrial,Bulwark,2155,14,enemy,True,7,996.7102816388017,0.0,0,False
2,7,Ultimate-master_Striker,Ultimate-master,Striker,8221,69,party,True,4,2543.408163347307,0.0,0,False
2,7,Wild_Fixer,Wild,Fixer,2177,65,party,True,4,313.41575254467017,0.0,0,True
2,7,Industrial_Tactician,Industrial,Tactician,4578,13,enemy,False,4,689.0194917762462,0.0,0,True
2,7,Industrial_Bulwark,Industrial,Bulwark,4727,14,enemy,False,4,626.3691766488007,0.0,0,True
2,8,Industrial_Tactician,Industrial,Tactician,2539,23,party,True,3,1960.5098428910474,0.0,0,False
2,8,Game_Bulwark,Game,Bulwark,3827,24,party,True,3,459.81126781521755,0.0,0,True
2,8,Blackhole_Fixer,Blackhole,Fixer,6096,44,enemy,False,3,242.19855271613613,0.0,0,True
2,8,Ultimate_Bulwark,Ultimate,Bulwark,383,43,enemy,False,3,518.2226234930312,0.0,0,True
2,9,Industrial_Tactician,Industrial,Tactician,6801,13,party,False,4,0.0,0.0,0,True
2,9,Food_Tactician,Food,Tactician,3136,14,party,False,4,235.3273559743396,0.0,0,True
2,9,Master_Bulwark,Master,Bulwark,7062,26,enemy,True,4,502.8618849697026,0.0,0,False
2,9,Game_Fixer,Game,Fixer,8014,25,enemy,True,4,346.50932338979794,0.0,0,False
2,10,Blackhole_Fixer,Blackhole,Fixer,4829,45,party,True,5,490.47420692447525,0.0,0,False
2,10,Ultimate_Fixer,Ultimate,Fixer,433,45,party,True,5,959.3864750096004,627.5060788805743,0,False
2,10,Blackhole_Tactician,Blackhole,Tactician,7753,40,enemy,False,5,0.0,0.0,0,True
2,10,Blackhole_Bulwark,Blackhole,Bulwark,2649,41,enemy,False,5,627.5060788805743,0.0,0,True
2,11,Master_Bulwark,Master,Bulwark,1787,36,party,True,3,1100.490928455561,0.0,0,False
2,11,Blackhole_Tactician,Blackhole,Tactician,5910,36,party,True,3,2057.75005637751,0.0,0,False
2,11,Ultimate_Fixer,Ultimate,Fixer,8631,45,enemy,False,3,246.7385354482527,0.0,0,True
2,11,Golden_Striker,Golden,Striker,360,46,enemy,False,3,0.0,0.0,0,True
2,12,Ultimate_Fixer,Ultimate,Fixer,433,45,party,True,6,510.24996774698457,453.91545361268606,0,False
2,12,Golden_Striker,Golden,Striker,5677,45,party,True,6,2111.303435289004,0.0,0,False
2,12,Industrial_Fixer,Industrial,Fixer,8209,12,enemy,False,6,97.31499075180103,510.24996774698457,0,True
2,12,Bee_Tactician,Bee,Tactician,5887,13,enemy,False,6,453.91545361268606,0.0,0,True
2,13,Game_Bulwark,Game,Bulwark,4097,18,party,False,3,0.0,0.0,0,True
2,13,Murder_Striker,Murder,Striker,5007,18,party,False,3,0.0,0.0,0,True
2,13,Bee_Striker,Bee,Striker,3300,26,enemy,True,3,0.0,0.0,0,False
2,13,Industrial_Tactician,Industrial,Tactician,9012,26,enemy,True,3,1522.3119679482688,0.0,0,False
2,14,Food_Bulwark,Food,Bulwark,6175,17,party,True,3,693.6416184971099,0.0,0,False
2,14,Industrial_Tactician,Industrial,Tactician,5294,16,party,True,3,919.619520445625,0.0,0,False
2,14,Master_Bulwark,Master,Bulwark,7582,35,enemy,False,3,0.0,0.0,0,True
2,14,Dead_Fixer,Dead,Fixer,9265,35,enemy,False,3,211.17014265259417,0.0,0,True
2,15,Dead_Fixer,Dead,Fixer,3582,35,party,False,5,370.5522587772794,1432.6361651468092,0,True
2,15,Dead_Fixer,Dead,Fixer,1108,35,party,False,5,411.5188181174271,0.0,0,True
2,15,Ultimate-master_Striker,Ultimate-master,Striker,8221,69,enemy,True,5,834.3671452029706,0.0,0,False
2,15,Wild_Fixer,Wild,Fixer,2177,65,enemy,True,5,1230.8804003949017,253.9921258622007,0,False
2,16,Game_Striker,Game,Striker,9736,19,party,False,4,0.0,0.0,0,True
2,16,Animal_Bulwark,Animal,Bulwark,4149,15,party,False,4,340.46754253673174,0.0,0,True
2,16,Ultimate-master_Striker,Ultimate-master,Striker,8221,69,enemy,True,4,1691.706050549189,0.0,0,False
2,16,Wild_Fixer,Wild,Fixer,2177,65,enemy,True,4,624.9806246609269,253.9921258622007,0,False
2,17,Golden_Striker,Golden,Striker,8782,44,party,True,3,993.0363822093965,0.0,0,False
2,17,Blackhole_Tactician,Blackhole,Tactician,3575,40,party,True,3,1091.628682207973,0.0,0,False
2,17,Dead_Striker,Dead,Striker,5008,36,enemy,False,3,0.0,0.0,0,True
2,17,Master_Striker,Master,Striker,9401,36,enemy,False,3,0.0,0.0,0,True
2,18,Dead_Striker,Dead,Striker,1320,39,party,True,3,637.2409732947748,0.0,0,False
2,18,Dead_Tactician,Dead,Tactician,923,36,party,True,3,1531.3337101904328,0.0,0,False
2,18,Animal_Bulwark,Animal,Bulwark,9209,15,enemy,False,3,0.0,0.0,0,True
2,18,Industrial_Fixer,Industrial,Fixer,2447,18,enemy,False,3,274.6170559100141,0.0,0,True
2,19,Bee_Tactician,Bee,Tactician,4466,13,party,False,3,0.0,0.0,0,True
2,19,Box_Tactician,Box,Tactician,9769,14,party,False,3,535.513293161392,0.0,0,True
2,19,Dead_Fixer,Dead,Fixer,4247,41,enemy,True,3,248.0666296041286,535.513293161392,0,True
2,19,Blackhole_Tactician,Blackhole,Tactician,8148,41,enemy,True,3,2584.4245820705796,0.0,0,False
2,20,Box_Tactician,Box,Tactician,6689,14,party,False,4,594.7688610935078,0.0,0,True
2,20,Murder_Striker,Murder,Striker,8565,14,party,False,4,377.71482530689326,0.0,0,True
2,20,Ultimate-master_Striker,Ultimate-master,Striker,8221,69,enemy,True,4,849.193017477061,0.0,0,False
2,20,Wild_Fixer,Wild,Fixer,2177,65,enemy,True,4,628.6933808470314,253.9921258622007,0,False
2,21,Dead_Fixer,Dead,Fixer,9350,35,party,False,3,0.0,0.0,0,True
2,21,Master_Bulwark,Master,Bulwark,1353,36,party,False,3,230.10546500479387,0.0,0,True
2,21,Blackhole_Bulwark,Blackhole,Bulwark,4343,40,enemy,True,3,261.10991272859553,0.0,0,False
2,21,Blackhole_Tactician,Blackhole,Tactician,2683,43,enemy,True,3,2931.976061639385,0.0,0,False
2,22,Industrial_Fixer,Industrial,Fixer,8867,12,party,False,6,109.58904109589041,211.17014265259417,0,True
2,22,Industrial_Tactician,Industrial,Tactician,2589,14,party,False,6,647.5945477108744,0.0,0,True
2,22,Dead_Fixer,Dead,Fixer,6519,35,enemy,True,6,211.17014265259417,0.0,0,True
2,22,Dead_Bulwark,Dead,Bulwark,8083,38,enemy,True,6,1584.105420142866,0.0,0,False
2,23,Golden_Striker,Golden,Striker,5136,46,party,True,6,0.0,0.0,0,True
2,23,Golden_Striker,Golden,Striker,1680,47,party,True,6,3046.755278541259,0.0,0,False
2,23,Industrial_Tactician,Industrial,Tactician,7494,14,enemy,False,6,669.6801174998416,0.0,0,True
2,23,Industrial_Tactician,Industrial,Tactician,9258,14,enemy,False,6,784.0591426081473,0.0,0,True
2,24,Animal_Bulwark,Animal,Bulwark,5523,15,party,False,2,0.0,0.0,0,True
2,24,Food_Fixer,Food,Fixer,140,17,party,False,2,0.0,0.0,0,True
2,24,Blackhole_Tactician,Blackhole,Tactician,2762,31,enemy,True,2,1740.5830775569013,0.0,0,False
2,24,Animal_Tactician,Animal,Tactician,5371,33,enemy,True,2,1861.5000300805084,0.0,0,False
2,25,Game_Striker,Game,Striker,639,17,party,True,2,461.65509447081,0.0,0,False
2,25,Industrial_Tactician,Industrial,Tactician,756,15,party,True,2,710.0591715976332,0.0,0,False
2,25,Murder_Striker,Murder,Striker,434,20,enemy,False,2,0.0,0.0,0,True
2,25,Game_Fixer,Game,Fixer,6814,20,enemy,False,2,171.59274647480402,0.0,0,True
2,26,Golden_Striker,Golden,Striker,10,46,party,True,3,1022.2514236058938,0.0,0,False
2,26,Golden_Striker,Golden,Striker,1895,46,party,True,3,1036.7450639943372,0.0,0,False
2,26,Golden_Striker,Golden,Striker,2869,45,enemy,False,3,0.0,0.0,0,True
2,26,Golden_Striker,Golden,Striker,6017,46,enemy,False,3,0.0,0.0,0,True
2,27,Master_Bulwark,Master,Bulwark,540,30,party,True,6,0.0,0.0,0,True
2,27,Blackhole_Striker,Blackhole,Striker,590,31,party,True,6,1787.8887735011963,0.0,0,False
2,27,Game_Fixer,Game,Fixer,9080,21,enemy,False,6,460.27365878047965,0.0,0,True
2,27,Master_Striker,Master,Striker,1606,24,enemy,False,6,493.13534947705847,0.0,0,True
2,28,Industrial_Tactician,Industrial,Tactician,8378,26,party,True,3,908.7361509373279,0.0,0,True
2,28,Animal_Striker,Animal,Striker,7687,25,party,True,3,513.961663967026,0.0,0,False
2,28,Animal_Fixer,Animal,Fixer,1836,13,enemy,False,3,0.0,0.0,0,True
2,28,Industrial_Tactician,Industrial,Tactician,3743,14,enemy,False,3,1358.9415249850585,0.0,0,True
2,29,Industrial_Fixer,Industrial,Fixer,8002,14,party,False,6,219.17922467851315,0.0,0,True
2,29,Animal_Tactician,Animal,Tactician,3872,14,party,False,6,1111.53796546096,0.0,0,True
2,29,Golden_Striker,Golden,Striker,2062,43,enemy,True,6,0.0,0.0,0,True
2,29,Blackhole_Bulwark,Blackhole,Bulwark,4705,41,enemy,True,6,1759.9980197488628,0.0,0,False
2,30,Blackhole_Bulwark,Blackhole,Bulwark,1891,43,party,True,3,632.8848338288926,0.0,0,False
2,30,Blackhole_Tactician,Blackhole,Tactician,2683,43,party,True,3,2547.720657838138,0.0,0,False
2,30,Master_Tactician,Master,Tactician,2034,24,enemy,False,3,0.0,0.0,0,True
2,30,Master_Tactician,Master,Tactician,1711,22,enemy,False,3,488.1274040789206,0.0,0,True
2,31,Wild_Fixer,Wild,Fixer,2177,65,party,True,3,1229.3918871529495,0.0,0,False
2,31,Ultimate-master_Striker,Ultimate-master,Striker,8221,69,party,True,3,0.0,0.0,0,False
2,31,Dead_Fixer,Dead,Fixer,4970,35,enemy,False,3,0.0,0.0,0,True
2,31,Ultimate_Bulwark,Ultimate,Bulwark,4531,35,enemy,False,3,0.0,0.0,0,True
2,32,Game_Tactician,Game,Tactician,3064,20,party,False,8,1659.2127095836581,0.0,0,True
2,32,Dead_Fixer,Dead,Fixer,6789,21,party,False,8,327.47906306633075,0.0,0,True
2,32,Ultimate_Bulwark,Ultimate,Bulwark,6883,41,enemy,True,8,0.0,0.0,0,True
2,32,Golden_Striker,Golden,Striker,2062,43,enemy,True,8,2990.8511282037293,0.0,0,False
2,33,Animal_Fixer,Animal,Fixer,197,23,party,False,6,176.80484878572238,0.0,0,True
2,33,Industrial_Fixer,Industrial,Fixer,8158,24,party,False,6,312.82143315165234,0.0,0,True
2,33,Master_Bulwark,Master,Bulwark,4941,37,enemy,True,6,799.656159462138,0.0,0,False
2,33,Dead_Striker,Dead,Striker,458,38,enemy,True,6,1583.7587239510901,0.0,0,False
2,34,Blackhole_Bulwark,Blackhole,Bulwark,4705,41,party,True,3,1707.976530268195,0.0,0,False
2,34,Blackhole_Fixer,Blackhole,Fixer,6096,44,party,True,3,463.57460542500263,0.0,0,False
2,34,Golden_Striker,Golden,Striker,5485,45,enemy,False,3,0.0,0.0,0,True
2,34,Blackhole_Fixer,Blackhole,Fixer,4829,45,enemy,False,3,0.0,463.57460542500263,0,True
2,35,Bee_Striker,Bee,Striker,8869,15,party,True,3,425.2584335161633,0.0,0,False
2,35,Bee_Tactician,Bee,Tactician,5474,17,party,True,3,821.9393064146357,0.0,0,False
2,35,Master_Striker,Master,Striker,8552,25,enemy,False,3,0.0,0.0,0,True
2,35,Murder_Striker,Murder,Striker,6935,25,enemy,False,3,0.0,0.0,0,True
2,36,Dead_Tactician,Dead,Tactician,1802,36,party,False,6,1491.3534311445605,0.0,0,True
2,36,Dead_Fixer,Dead,Fixer,9265,35,party,False,6,373.7126191932903,2021.8133994851867,0,True
2,36,Wild_Fixer,Wild,Fixer,2177,65,enemy,True,6,305.86720359128213,0.0,0,True
2,36,Ultimate-master_Striker,Ultimate-master,Striker,8221,69,enemy,True,6,2483.0337124004027,0.0,0,False
2,37,Golden_Striker,Golden,Striker,2062,43,party,False,5,0.0,0.0,0,True
2,37,Blackhole_Tactician,Blackhole,Tactician,7919,44,party,False,5,2646.617938532936,0.0,0,True
2,37,Golden_Striker,Golden,Striker,8000,46,enemy,True,5,1027.1755634113172,0.0,0,True
2,37,Golden_Striker,Golden,Striker,4113,47,enemy,True,5,1031.0262748816924,0.0,0,False
2,38,Dead_Striker,Dead,Striker,1763,35,party,False,6,1238.5153263893324,0.0,0,True
2,38,Master_Fixer,Master,Fixer,2987,36,party,False,6,437.2160578734127,0.0,0,True
2,38,Ultimate_Bulwark,Ultimate,Bulwark,4531,35,enemy,True,6,581.9592628516004,0.0,0,True
2,38,Dead_Fixer,Dead,Fixer,1214,35,enemy,True,6,652.8088036523715,2199.2078332370984,0,False
2,39,Industrial_Tactician,Industrial,Tactician,7543,14,party,False,6,624.6383345365911,0.0,0,True
2,39,Animal_Fixer,Animal,Fixer,2473,14,party,False,6,136.0602686099615,244.4272587569762,0,True
2,39,Ultimate_Bulwark,Ultimate,Bulwark,383,43,enemy,True,6,1702.5122319692082,0.0,0,False
2,39,Ultimate_Fixer,Ultimate,Fixer,416,41,enemy,True,6,244.4272587569762,0.0,0,True
2,40,Food_Striker,Food,Striker,2257,23,party,True,3,516.7483029423029,0.0,0,False
2,40,Bee_Tactician,Bee,Tactician,9079,22,party,True,3,1023.476172594337,0.0,0,False
2,40,Industrial_Tactician,Industrial,Tactician,4963,21,enemy,False,3,0.0,0.0,0,True
2,40,Box_Striker,Box,Striker,6539,24,enemy,False,3,0.0,0.0,0,True
2,41,Food_Striker,Food,Striker,358,26,party,True,3,0.0,0.0,0,False
2,41,Box_Tactician,Box,Tactician,8592,28,party,True,3,1191.109934419118,0.0,0,False
2,41,Bee_Tactician,Bee,Tactician,115,14,enemy,False,3,0.0,0.0,0,True
2,41,Industrial_Fixer,Industrial,Fixer,6195,11,enemy,False,3,105.24379999055591,0.0,0,True
2,42,Industrial_Fixer,Industrial,Fixer,3027,27,party,False,2,0.0,0.0,0,True
2,42,Dead_Tactician,Dead,Tactician,958,25,party,False,2,0.0,0.0,0,True
2,42,Master_Tactician,Master,Tactician,8443,36,enemy,True,2,687.3420701192889,0.0,0,False
2,42,Blackhole_Tactician,Blackhole,Tactician,7259,35,enemy,True,2,1038.7961445476788,0.0,0,False
2,43,Ultimate_Bulwark,Ultimate,Bulwark,6883,41,party,False,3,251.4837401458102,0.0,0,True
2,43,Blackhole_Fixer,Blackhole,Fixer,2680,44,party,False,3,242.30719720284526,0.0,0,True
2,43,Blackhole_Tactician,Blackhole,Tactician,2188,31,enemy,True,3,2136.5392090511023,0.0,0,False
2,43,Dead_Bulwark,Dead,Bulwark,4238,34,enemy,True,3,575.2636625119846,0.0,0,False
2,44,Golden_Striker,Golden,Striker,1680,47,party,False,3,0.0,0.0,0,True
2,44,Golden_Striker,Golden,Striker,6909,45,party,False,3,0.0,0.0,0,True
2,44,Wild_Fixer,Wild,Fixer,2177,65,enemy,True,3,911.4549971131605,0.0,0,False
2,44,Ultimate-master_Striker,Ultimate-master,Striker,8221,69,enemy,True,3,823.1890207696293,0.0,0,False
2,45,Industrial_Fixer,Industrial,Fixer,1524,20,party,False,9,324.50873142854095,253.73821021274213,0,True
2,45,Industrial_Tactician,Industrial,Tactician,9849,21,party,False,9,942.9634692792588,0.0,0,True
2,45,Ultimate_Fixer,Ultimate,Fixer,8631,45,enemy,True,9,253.73821021274213,0.0,0,True
2,45,Golden_Striker,Golden,Striker,8000,46,enemy,True,9,3141.0497452391396,0.0,0,False
2,46,Game_Bulwark,Game,Bulwark,9176,20,party,False,5,0.0,0.0,0,True
2,46,Bee_Fixer,Bee,Fixer,3074,20,party,False,5,75.63866308667366,311.57032122448567,0,True
2,46,Ultimate-master_Striker,Ultimate-master,Striker,8221,69,enemy,True,5,0.0,0.0,0,False
2,46,Wild_Fixer,Wild,Fixer,2177,65,enemy,True,5,1867.5927473788643,0.0,0,False
2,47,Game_Fixer,Game,Fixer,4506,19,party,False,3,0.0,0.0,0,True
2,47,Food_Fixer,Food,Fixer,8509,17,party,False,3,139.47080340355723,0.0,0,True
2,47,Wild_Fixer,Wild,Fixer,2177,65,enemy,True,3,1251.812129750267,0.0,0,False
2,47,Ultimate-master_Striker,Ultimate-master,Striker,8221,69,enemy,True,3,0.0,0.0,0,False
2,48,Dead_Fixer,Dead,Fixer,4247,41,party,True,3,485.6761179134696,0.0,0,True
2,48,Ultimate_Bulwark,Ultimate,Bulwark,6883,41,party,True,3,1282.0016665302055,0.0,0,False
2,48,Murder_Striker,Murder,Striker,3883,26,enemy,False,3,0.0,0.0,0,True
2,48,Animal_Tactician,Animal,Tactician,9805,28,enemy,False,3,854.9350269220763,0.0,0,True
2,49,Industrial_Fixer,Industrial,Fixer,5318,26,party,True,3,193.32775406986863,162.56965756795057,0,False
2,49,Blackhole_Tactician,Blackhole,Tactician,8126,29,party,True,3,1336.884991604647,0.0,0,False
2,49,Game_Striker,Game,Striker,8635,20,enemy,False,3,0.0,0.0,0,True
2,49,Game_Fixer,Game,Fixer,3153,20,enemy,False,3,162.56965756795054,0.0,0,True
2,50,Blackhole_Fixer,Blackhole,Fixer,5741,40,party,True,2,469.5725527860239,0.0,0,False
2,50,Blackhole_Tactician,Blackhole,Tactician,2683,43,party,True,2,1063.0186722300627,0.0,0,False
2,50,Game_Striker,Game,Striker,8405,25,enemy,False,2,0.0,0.0,0,True
2,50,Industrial_Fixer,Industrial,Fixer,6484,25,enemy,False,2,0.0,0.0,0,True
2,51,Golden_Striker,Golden,Striker,2690,46,party,False,3,0.0,0.0,0,True
2,51,Golden_Striker,Golden,Striker,8082,45,party,False,3,0.0,0.0,0,True
2,51,Ultimate-master_Striker,Ultimate-master,Striker,8221,69,enemy,True,3,824.7675232063881,0.0,0,False
2,51,Wild_Fixer,Wild,Fixer,2177,65,enemy,True,3,914.0791477766339,0.0,0,False
2,52,Industrial_Tactician,Industrial,Tactician,34,13,party,False,3,0.0,0.0,0,True
2,52,Industrial_Bulwark,Industrial,Bulwark,3022,13,party,False,3,139.34497682952616,0.0,0,True
2,52,Blackhole_Tactician,Blackhole,Tactician,8148,41,enemy,True,3,1945.9738201025152,0.0,0,False
2,52,Blackhole_Fixer,Blackhole,Fixer,2680,44,enemy,True,3,254.04120191000484,0.0,0,False
2,53,Industrial_Tactician,Industrial,Tactician,2912,22,party,True,5,1012.9963433761343,0.0,0,False
2,53,Murder_Fixer,Murder,Fixer,2615,23,party,True,5,341.5785062783581,0.0,0,False
2,53,Industrial_Tactician,Industrial,Tactician,538,16,enemy,False,5,0.0,0.0,0,True
2,53,Food_Striker,Food,Striker,3568,17,enemy,False,5,0.0,0.0,0,True
2,54,Ultimate_Fixer,Ultimate,Fixer,8631,45,party,False,3,247.3070574193316,0.0,0,True
2,54,Golden_Striker,Golden,Striker,1895,46,party,False,3,1045.7428514349824,0.0,0,True
2,54,Dead_Tactician,Dead,Tactician,2467,35,enemy,True,3,2264.5281466410015,0.0,0,True
2,54,Master_Bulwark,Master,Bulwark,3859,37,enemy,True,3,1471.943295316651,0.0,0,False
2,55,Wild_Fixer,Wild,Fixer,2177,65,party,True,3,924.1335680670816,0.0,0,False
2,55,Ultimate-master_Striker,Ultimate-master,Striker,8221,69,party,True,3,836.8020687784656,0.0,0,False
2,55,Dead_Fixer,Dead,Fixer,6113,31,enemy,False,3,0.0,0.0,0,True
2,55,Blackhole_Fixer,Blackhole,Fixer,7646,31,enemy,False,3,182.16202307431726,0.0,0,True
2,56,Wild_Fixer,Wild,Fixer,2177,65,party,True,3,624.366091106688,0.0,0,True
2,56,Ultimate-master_Striker,Ultimate-master,Striker,8221,69,party,True,3,843.3652222590811,0.0,0,False
2,56,Industrial_Fixer,Industrial,Fixer,5362,21,enemy,False,3,0.0,0.0,0,True
2,56,Animal_Tactician,Animal,Tactician,610,20,enemy,False,3,1351.353640793074,0.0,0,True
2,57,Box_Tactician,Box,Tactician,7696,20,party,False,7,986.3125746170876,0.0,0,True
2,57,Box_Striker,Box,Striker,2595,22,party,False,7,939.8703791546643,0.0,0,True
2,57,Ultimate-master_Striker,Ultimate-master,Striker,8221,69,enemy,True,7,2529.2826274355784,0.0,0,False
2,57,Wild_Fixer,Wild,Fixer,2177,65,enemy,True,7,312.183045553344,253.9921258622007,0,True
2,58,Bee_Bulwark,Bee,Bulwark,9310,24,party,False,17,0.0,0.0,0,True
2,58,Industrial_Fixer,Industrial,Fixer,4408,24,party,False,17,1028.4717995367419,2026.7468793426685,0,True
2,58,Ultimate_Fixer,Ultimate,Fixer,2358,45,enemy,True,17,1764.8476994882742,1028.4717995367419,0,False
2,58,Blackhole_Fixer,Blackhole,Fixer,4829,45,enemy,True,17,1529.6139726314939,0.0,0,False
2,59,Master_Tactician,Master,Tactician,9165,27,party,False,4,0.0,0.0,0,True
2,59,Game_Fixer,Game,Fixer,3152,26,party,False,4,162.2268591395423,309.44459778533223,0,True
2,59,Wild_Fixer,Wild,Fixer,2177,65,enemy,True,4,1548.43175688676,0.0,0,False
2,59,Ultimate-master_Striker,Ultimate-master,Striker,8221,69,enemy,True,4,0.0,0.0,0,False
2,60,Game_Striker,Game,Striker,3930,25,party,True,3,505.4622979286607,0.0,0,False
2,60,Industrial_Tactician,Industrial,Tactician,6046,25,party,True,3,957.3972127163617,0.0,0,False
2,60,Dead_Fixer,Dead,Fixer,4661,32,enemy,False,3,0.0,0.0,0,True
2,60,Box_Striker,Box,Striker,9111,30,enemy,False,3,0.0,0.0,0,True
2,61,Industrial_Tactician,Industrial,Tactician,5670,28,party,False,6,0.0,0.0,0,True
2,61,Dead_Fixer,Dead,Fixer,7072,27,party,False,6,555.5555555555555,1373.598293734956,0,True
2,61,Blackhole_Fixer,Blackhole,Fixer,4244,33,enemy,True,6,612.8430723435299,555.5555555555557,0,False
2,61,Dead_Tactician,Dead,Tactician,3168,30,enemy,True,6,2788.994281799497,0.0,0,False
2,62,Game_Bulwark,Game,Bulwark,1408,14,party,False,4,700.0294456078468,0.0,0,True
2,62,Industrial_Bulwark,Industrial,Bulwark,3022,13,party,False,4,340.46754253673174,0.0,0,True
2,62,Wild_Fixer,Wild,Fixer,2177,65,enemy,True,4,624.9806246609269,253.9921258622007,0,False
2,62,Ultimate-master_Striker,Ultimate-master,Striker,8221,69,enemy,True,4,847.5197307431159,0.0,0,False
2,63,Golden_Striker,Golden,Striker,947,45,party,True,6,0.0,0.0,0,True
2,63,Golden_Striker,Golden,Striker,1052,48,party,True,6,2087.534978503477,0.0,0,False
2,63,Dead_Fixer,Dead,Fixer,3348,25,enemy,False,6,534.4341256981479,0.0,0,True
2,63,Industrial_Tactician,Industrial,Tactician,8613,28,enemy,False,6,863.7236084452975,0.0,0,True
2,64,Game_Fixer,Game,Fixer,3635,25,party,False,8,511.6870173174257,0.0,0,True
2,64,Master_Striker,Master,Striker,5758,25,party,False,8,506.8489101656304,0.0,0,True
2,64,Golden_Striker,Golden,Striker,360,46,enemy,True,8,0.0,0.0,0,True
2,64,Golden_Striker,Golden,Striker,1680,47,enemy,True,8,2016.2622116486486,0.0,0,False
2,65,Animal_Bulwark,Animal,Bulwark,6605,15,party,False,3,134.65895491303223,0.0,0,True
2,65,Murder_Striker,Murder,Striker,931,18,party,False,3,0.0,0.0,0,True
2,65,Box_Striker,Box,Striker,5217,29,enemy,True,3,1107.016487180505,0.0,0,False
2,65,Box_Striker,Box,Striker,7585,28,enemy,True,3,538.56691986742,0.0,0,False
2,66,Dead_Bulwark,Dead,Bulwark,6932,39,party,True,6,0.0,0.0,0,True
2,66,Master_Striker,Master,Striker,9401,36,party,True,6,1188.0406897027638,0.0,0,False
2,66,Animal_Tactician,Animal,Tactician,9048,27,enemy,False,6,841.0327178582205,0.0,0,True
2,66,Industrial_Fixer,Industrial,Fixer,8666,25,enemy,False,6,515.1944084016582,0.0,0,True
2,67,Golden_Striker,Golden,Striker,5677,45,party,True,3,1039.1893126909815,0.0,0,False
2,67,Ultimate_Fixer,Ultimate,Fixer,2358,45,party,True,3,506.27954207542416,0.0,0,False
2,67,Food_Striker,Food,Striker,8307,25,enemy,False,3,0.0,0.0,0,True
2,67,Game_Striker,Game,Striker,5840,26,enemy,False,3,0.0,0.0,0,True
2,68,Box_Bulwark,Box,Bulwark,2676,29,party,True,3,1392.491423154425,0.0,0,False
2,68,Box_Fixer,Box,Fixer,8032,28,party,True,3,195.98157859737708,0.0,0,False
2,68,Industrial_Fixer,Industrial,Fixer,6294,25,enemy,False,3,0.0,195.98157859737708,0,True
2,68,Murder_Striker,Murder,Striker,8177,26,enemy,False,3,0.0,0.0,0,True
2,69,Golden_Striker,Golden,Striker,947,45,party,True,4,1020.2949615511455,0.0,0,False
2,69,Golden_Striker,Golden,Striker,2913,47,party,True,4,2042.5445111512397,0.0,0,True
2,69,Golden_Striker,Golden,Striker,360,46,enemy,False,4,0.0,0.0,0,True
2,69,Golden_Striker,Golden,Striker,9646,45,enemy,False,4,985.426908016221,0.0,0,True
2,70,Animal_Bulwark,Animal,Bulwark,2820,14,party,False,2,0.0,0.0,0,True
2,70,Animal_Tactician,Animal,Tactician,6764,12,party,False,2,0.0,0.0,0,True
2,70,Game_Tactician,Game,Tactician,7100,28,enemy,True,2,970.7659393453885,0.0,0,False
2,70,Bee_Tactician,Bee,Tactician,9278,25,enemy,True,2,726.8515557220113,0.0,0,False
2,71,Bee_Tactician,Bee,Tactician,8232,25,party,True,11,722.5633459537397,0.0,0,True
2,71,Industrial_Fixer,Industrial,Fixer,4585,25,party,True,11,924.3357519936521,732.6322155921004,0,False
2,71,Bee_Striker,Bee,Striker,6940,22,enemy,False,11,0.0,0.0,0,True
2,71,Bee_Tactician,Bee,Tactician,3216,20,enemy,False,11,1281.2623309548485,0.0,0,True
2,72,Murder_Fixer,Murder,Fixer,8713,21,party,True,8,690.5137455601357,525.8215962441315,0,False
2,72,Murder_Fixer,Murder,Fixer,3081,24,party,True,8,180.40060614705502,0.0,0,True
2,72,Animal_Striker,Animal,Striker,6502,14,enemy,False,8,0.0,0.0,0,True
2,72,Industrial_Tactician,Industrial,Tactician,696,14,enemy,False,8,1228.9465962441313,0.0,0,True
2,73,Box_Fixer,Box,Fixer,6513,20,party,False,3,0.0,0.0,0,True
2,73,Game_Striker,Game,Striker,5208,24,party,False,3,0.0,0.0,0,True
2,73,Ultimate-master_Striker,Ultimate-master,Striker,8221,69,enemy,True,3,0.0,0.0,0,False
2,73,Wild_Fixer,Wild,Fixer,2177,65,enemy,True,3,1244.4521049298928,0.0,0,False
2,74,Animal_Striker,Animal,Striker,4150,19,party,False,4,0.0,0.0,0,True
2,74,Industrial_Bulwark,Industrial,Bulwark,701,15,party,False,4,350.73455987003786,0.0,0,True
2,74,Blackhole_Bulwark,Blackhole,Bulwark,5138,28,enemy,True,4,778.7213322801703,0.0,0,False
2,74,Box_Striker,Box,Striker,2164,29,enemy,True,4,554.593553871802,0.0,0,False
2,75,Animal_Striker,Animal,Striker,9944,20,party,False,4,0.0,0.0,0,True
2,75,Murder_Fixer,Murder,Fixer,8781,21,party,False,4,139.47080340355723,312.49031233046344,0,True
2,75,Ultimate-master_Striker,Ultimate-master,Striker,8221,69,enemy,True,4,0.0,0.0,0,False
2,75,Wild_Fixer,Wild,Fixer,2177,65,enemy,True,4,1558.1750568892414,0.0,0,False
2,76,Industrial_Bulwark,Industrial,Bulwark,9928,18,party,False,3,0.0,0.0,0,True
2,76,Animal_Striker,Animal,Striker,5705,15,party,False,3,0.0,0.0,0,True
2,76,Blackhole_Tactician,Blackhole,Tactician,8046,34,enemy,True,3,1384.2050592466453,0.0,0,False
2,76,Dead_Striker,Dead,Striker,9963,30,enemy,True,3,581.7187594001589,0.0,0,False
2,77,Murder_Striker,Murder,Striker,2717,25,party,False,3,0.0,0.0,0,True
2,77,Food_Striker,Food,Striker,5286,27,party,False,3,0.0,0.0,0,True
2,77,Ultimate-master_Striker,Ultimate-master,Striker,8221,69,enemy,True,3,1680.141653719263,0.0,0,False
2,77,Wild_Fixer,Wild,Fixer,2177,65,enemy,True,3,929.2394848617098,0.0,0,False
2,78,Master_Striker,Master,Striker,5951,36,party,False,3,595.5955558424132,0.0,0,True
2,78,Master_Fixer,Master,Fixer,7102,37,party,False,3,221.19815668202764,0.0,0,True
2,78,Blackhole_Tactician,Blackhole,Tactician,6079,30,enemy,True,3,1254.8131994381251,0.0,0,False
2,78,Box_Bulwark,Box,Bulwark,6316,32,enemy,True,3,538.989773749276,0.0,0,True
2,79,Wild_Fixer,Wild,Fixer,2177,65,party,True,4,307.64550128658027,0.0,0,True
2,79,Ultimate-master_Striker,Ultimate-master,Striker,8221,69,party,True,4,1658.3261731136195,0.0,0,False
2,79,Master_Fixer,Master,Fixer,5749,31,enemy,False,4,180.52034531783985,307.64550128658027,0,True
2,79,Dead_Bulwark,Dead,Bulwark,4238,34,enemy,False,4,1133.14447592068,0.0,0,True
2,80,Ultimate-master_Striker,Ultimate-master,Striker,8221,69,party,True,3,852.5594912827182,0.0,0,False
2,80,Wild_Fixer,Wild,Fixer,2177,65,party,True,3,627.4509038097843,253.9921258622007,0,False
2,80,Game_Tactician,Game,Tactician,8275,13,enemy,False,3,0.0,0.0,0,True
2,80,Industrial_Tactician,Industrial,Tactician,6178,14,enemy,False,3,480.75248579255356,0.0,0,True
2,81,Industrial_Bulwark,Industrial,Bulwark,7871,17,party,False,5,0.0,0.0,0,True
2,81,Food_Fixer,Food,Fixer,4814,19,party,False,5,363.66494963508774,0.0,0,True
2,81,Box_Striker,Box,Striker,1762,22,enemy,True,5,482.18302023290903,0.0,0,False
2,81,Industrial_Tactician,Industrial,Tactician,4079,20,enemy,True,5,1083.6839509558877,0.0,0,False
2,82,Game_Striker,Game,Striker,5374,25,party,False,3,0.0,0.0,0,True
2,82,Murder_Striker,Murder,Striker,6076,28,party,False,3,0.0,0.0,0,True
2,82,Golden_Striker,Golden,Striker,9646,45,enemy,True,3,2003.4774916629694,0.0,0,False
2,82,Golden_Striker,Golden,Striker,1052,48,enemy,True,3,1037.167543600143,0.0,0,False
2,83,Wild_Fixer,Wild,Fixer,2177,65,party,True,3,923.533294356902,0.0,0,False
2,83,Ultimate-master_Striker,Ultimate-master,Striker,8221,69,party,True,3,833.5586499072313,0.0,0,False
2,83,Food_Bulwark,Food,Bulwark,2142,26,enemy,False,3,0.0,0.0,0,True
2,83,Industrial_Bulwark,Industrial,Bulwark,4953,29,enemy,False,3,0.0,0.0,0,True
2,84,Bee_Bulwark,Bee,Bulwark,8610,16,party,True,4,502.4427227516504,0.0,0,True
2,84,Animal_Striker,Animal,Striker,4267,15,party,True,4,1463.7595534390925,0.0,0,False
2,84,Golden_Striker,Golden,Striker,5485,45,enemy,False,4,0.0,0.0,0,True
2,84,Golden_Striker,Golden,Striker,10,46,enemy,False,4,1048.3856782900168,0.0,0,True
2,85,Industrial_Tactician,Industrial,Tactician,1066,17,party,False,2,0.0,0.0,0,True
2,85,Animal_Fixer,Animal,Fixer,7566,15,party,False,2,0.0,0.0,0,True
2,85,Blackhole_Tactician,Blackhole,Tactician,9544,30,enemy,True,2,900.1750415072424,0.0,0,False
2,85,Blackhole_Tactician,Blackhole,Tactician,2460,31,enemy,True,2,1955.1515229264323,0.0,0,False
2,86,Master_Bulwark,Master,Bulwark,8963,32,party,False,6,0.0,0.0,0,True
2,86,Master_Striker,Master,Striker,3332,31,party,False,6,560.1298650187609,0.0,0,True
2,86,Dead_Fixer,Dead,Fixer,9245,36,enemy,True,6,672.8971962616822,2355.406118048583,0,False
2,86,Master_Striker,Master,Striker,6762,36,enemy,True,6,1860.7785003330814,0.0,0,False
2,87,Master_Striker,Master,Striker,7597,26,party,False,4,0.0,0.0,0,True
2,87,Animal_Fixer,Animal,Fixer,386,27,party,False,4,162.2268591395423,307.9438965351609,0,True
2,87,Wild_Fixer,Wild,Fixer,2177,65,enemy,True,4,1236.2776898911575,0.0,0,False
2,87,Ultimate-master_Striker,Ultimate-master,Striker,8221,69,enemy,True,4,1668.7342904059412,0.0,0,False
2,88,Industrial_Fixer,Industrial,Fixer,6662,21,party,False,3,0.0,0.0,0,True
2,88,Murder_Fixer,Murder,Fixer,901,22,party,False,3,177.3386239119043,0.0,0,True
2,88,Blackhole_Bulwark,Blackhole,Bulwark,6022,40,enemy,True,3,603.1716245566513,0.0,0,False
2,88,Blackhole_Tactician,Blackhole,Tactician,2545,40,enemy,True,3,1544.6713083824204,0.0,0,False
2,89,Bee_Striker,Bee,Striker,9535,25,party,True,3,504.480817738508,0.0,0,False
2,89,Industrial_Tactician,Industrial,Tactician,5696,26,party,True,3,1219.5107471617282,0.0,0,False
2,89,Box_Fixer,Box,Fixer,5689,34,enemy,False,3,399.3586884625797,0.0,0,True
2,89,Box_Striker,Box,Striker,5153,30,enemy,False,3,0.0,0.0,0,True
2,90,Master_Bulwark,Master,Bulwark,3054,35,party,True,3,521.8444400521876,0.0,0,False
2,90,Dead_Tactician,Dead,Tactician,3948,36,party,True,3,1146.696537826018,0.0,0,False
2,90,Box_Fixer,Box,Fixer,2939,19,enemy,False,3,0.0,0.0,0,True
2,90,Animal_Striker,Animal,Striker,9954,15,enemy,False,3,0.0,0.0,0,True
2,91,Golden_Striker,Golden,Striker,6011,46,party,True,3,1023.2324710373773,0.0,0,False
2,91,Golden_Striker,Golden,Striker,5136,46,party,True,3,1022.2514236058938,0.0,0,False
2,91,Blackhole_Fixer,Blackhole,Fixer,6096,44,enemy,False,3,233.90408173270677,0.0,0,True
2,91,Blackhole_Fixer,Blackhole,Fixer,2680,44,enemy,False,3,239.54113330783562,0.0,0,True
2,92,Murder_Fixer,Murder,Fixer,4225,24,party,True,6,366.9724770642202,224.82435597189698,0,False
2,92,Box_Tactician,Box,Tactician,3468,21,party,True,6,820.3918443513307,0.0,0,True
2,92,Blackhole_Striker,Blackhole,Striker,2745,36,enemy,False,6,637.8681789771516,0.0,0,True
2,92,Master_Fixer,Master,Fixer,7102,37,enemy,False,6,224.82435597189698,0.0,0,True
2,93,Bee_Striker,Bee,Striker,5193,26,party,True,3,515.8203838251441,0.0,0,False
2,93,Bee_Tactician,Bee,Tactician,1689,26,party,True,3,971.7464229682034,0.0,0,False
2,93,Golden_Striker,Golden,Striker,2913,47,enemy,False,3,0.0,0.0,0,True
2,93,Ultimate_Fixer,Ultimate,Fixer,433,45,enemy,False,3,499.4446743123425,0.0,0,True
2,94,Golden_Striker,Golden,Striker,4113,47,party,True,3,1047.0890016568696,0.0,0,False
2,94,Golden_Striker,Golden,Striker,9646,45,party,True,3,1013.5819625309703,0.0,0,False
2,94,Box_Bulwark,Box,Bulwark,1877,22,enemy,False,3,0.0,0.0,0,True
2,94,Game_Fixer,Game,Fixer,1285,20,enemy,False,3,163.365696986286,0.0,0,True
2,95,Animal_Striker,Animal,Striker,5855,14,party,True,3,417.994156366432,0.0,0,False
2,95,Industrial_Tactician,Industrial,Tactician,4654,12,party,True,3,502.5832995600338,0.0,0,False
2,95,Game_Striker,Game,Striker,5792,15,enemy,False,3,0.0,0.0,0,True
2,95,Food_Striker,Food,Striker,7163,17,enemy,False,3,0.0,0.0,0,True
2,96,Bee_Tactician,Bee,Tactician,3929,29,party,True,5,777.3999934567847,0.0,0,True
2,96,Game_Fixer,Game,Fixer,3327,27,party,True,5,545.1330665170088,0.0,0,False
2,96,Animal_Striker,Animal,Striker,4161,18,enemy,False,5,0.0,0.0,0,True
2,96,Animal_Tactician,Animal,Tactician,9352,15,enemy,False,5,1358.816234991673,0.0,0,True
2,97,Box_Bulwark,Box,Bulwark,270,26,party,True,3,380.5899143672693,0.0,0,False
2,97,Industrial_Tactician,Industrial,Tactician,5288,28,party,True,3,2315.6568124185483,0.0,0,False
2,97,Golden_Striker,Golden,Striker,5485,45,enemy,False,3,0.0,0.0,0,True
2,97,Golden_Striker,Golden,Striker,4113,47,enemy,False,3,0.0,0.0,0,True
2,98,Food_Bulwark,Food,Bulwark,2767,14,party,False,3,0.0,0.0,0,True
2,98,Game_Fixer,Game,Fixer,732,14,party,False,3,276.68498996366344,0.0,0,True
2,98,Bee_Tactician,Bee,Tactician,3160,14,enemy,True,3,645.225831169384,0.0,0,False
2,98,Murder_Bulwark,Murder,Bulwark,9512,13,enemy,True,3,355.57704886232636,0.0,0,False
2,99,Dead_Bulwark,Dead,Bulwark,847,36,party,False,9,240.65502884001535,0.0,0,True
2,99,Dead_Fixer,Dead,Fixer,1889,36,party,False,9,814.4854506088659,1562.5094365065308,0,True
2,99,Golden_Striker,Golden,Striker,2062,43,enemy,True,9,1960.0295855755242,0.0,0,True
2,99,Ultimate_Tactician,Ultimate,Tactician,2719,42,enemy,True,9,1679.745441610727,0.0,0,False
2,100,Blackhole_Tactician,Blackhole,Tactician,9164,33,party,True,2,954.1627689429373,0.0,0,False
2,100,Blackhole_Tactician,Blackhole,Tactician,2188,31,party,True,2,879.2524530300117,0.0,0,False
2,100,Wild_Fixer,Wild,Fixer,2177,65,enemy,False,2,308.8425654939211,0.0,0,True
2,100,Ultimate-master_Striker,Ultimate-master,Striker,8221,69,enemy,False,2,0.0,0.0,0,True
2,101,Ultimate_Bulwark,Ultimate,Bulwark,383,43,party,False,4,620.5097830412348,0.0,0,True
2,101,Blackhole_Bulwark,Blackhole,Bulwark,1891,43,party,False,4,611.9679601895996,0.0,0,True
2,101,Wild_Fixer,Wild,Fixer,2177,65,enemy,True,4,1217.6036714391214,253.9921258622007,0,False
2,101,Ultimate-master_Striker,Ultimate-master,Striker,8221,69,enemy,True,4,1647.9550320005033,0.0,0,False
2,102,Dead_Bulwark,Dead,Bulwark,4457,34,party,True,3,0.0,0.0,0,True
2,102,Blackhole_Bulwark,Blackhole,Bulwark,5054,31,party,True,3,1520.5903790087464,0.0,0,False
2,102,Blackhole_Fixer,Blackhole,Fixer,889,33,enemy,False,3,206.69194850413072,0.0,0,True
2,102,Industrial_Tactician,Industrial,Tactician,439,30,enemy,False,3,916.7184523419179,0.0,0,True
2,103,Industrial_Fixer,Industrial,Fixer,7692,20,party,False,3,317.20678034536706,0.0,0,True
2,103,Industrial_Fixer,Industrial,Fixer,6220,20,party,False,3,162.9494932164738,0.0,0,True
2,103,Box_Bulwark,Box,Bulwark,6110,30,enemy,True,3,548.5482130867016,0.0,0,False
2,103,Industrial_Bulwark,Industrial,Bulwark,6976,30,enemy,True,3,509.9266361831827,0.0,0,False
2,104,Dead_Tactician,Dead,Tactician,4692,27,party,False,6,1924.9278152069298,0.0,0,True
2,104,Industrial_Fixer,Industrial,Fixer,3297,25,party,False,6,159.59355399691253,236.43197459202838,0,True
2,104,Ultimate_Fixer,Ultimate,Fixer,416,41,enemy,True,6,236.43197459202838,0.0,0,True
2,104,Ultimate_Bulwark,Ultimate,Bulwark,19,40,enemy,True,6,1683.1041842505401,0.0,0,False
2,105,Industrial_Tactician,Industrial,Tactician,6916,29,party,False,5,0.0,0.0,0,True
2,105,Industrial_Tactician,Industrial,Tactician,6734,28,party,False,5,1125.1641184557288,0.0,0,True
2,105,Wild_Fixer,Wild,Fixer,2177,65,enemy,True,5,620.0979635307634,0.0,0,True
2,105,Ultimate-master_Striker,Ultimate-master,Striker,8221,69,enemy,True,5,836.8020687784656,0.0,0,False
2,106,Golden_Striker,Golden,Striker,8782,44,party,True,4,10165.86652143216,0.0,0,False
2,106,Blackhole_Bulwark,Blackhole,Bulwark,6022,40,party,True,4,849.1943779764216,0.0,0,False
2,106,Animal_Fixer,Animal,Fixer,1253,13,enemy,False,4,125.39734353439835,243.6527273900781,0,True
2,106,Animal_Bulwark,Animal,Bulwark,2053,14,enemy,False,4,318.9062298418654,0.0,0,True
2,107,Blackhole_Fixer,Blackhole,Fixer,1901,40,party,True,3,236.73938624320948,0.0,0,False
2,107,Blackhole_Bulwark,Blackhole,Bulwark,4343,40,party,True,3,2344.223826264541,0.0,0,False
2,107,Ultimate_Bulwark,Ultimate,Bulwark,8633,40,enemy,False,3,498.03963100156466,0.0,0,True
2,107,Dead_Fixer,Dead,Fixer,4247,41,enemy,False,3,0.0,236.73938624320948,0,True
2,108,Box_Striker,Box,Striker,5,17,party,True,4,1141.5157272123977,0.0,0,False
2,108,Bee_Bulwark,Bee,Bulwark,7618,17,party,True,4,1071.840522011288,0.0,0,False
2,108,Blackhole_Fixer,Blackhole,Fixer,7602,32,enemy,False,4,215.1792990465709,411.5073411366911,0,True
2,108,Blackhole_Fixer,Blackhole,Fixer,7838,31,enemy,False,4,218.6223864538118,0.0,0,True
2,109,Game_Tactician,Game,Tactician,5701,29,party,True,3,1722.1253239956463,0.0,0,False
2,109,Blackhole_Fixer,Blackhole,Fixer,2729,29,party,True,3,201.58105227158785,0.0,0,False
2,109,Animal_Fixer,Animal,Fixer,6977,17,enemy,False,3,0.0,0.0,0,True
2,109,Game_Fixer,Game,Fixer,1544,17,enemy,False,3,0.0,201.58105227158785,0,True
2,110,Dead_Tactician,Dead,Tactician,8816,35,party,True,2,1153.5018585252822,0.0,0,False
2,110,Blackhole_Tactician,Blackhole,Tactician,4211,39,party,True,2,1042.877858278711,0.0,0,False
2,110,Game_Striker,Game,Striker,428,18,enemy,False,2,0.0,0.0,0,True
2,110,Industrial_Fixer,Industrial,Fixer,8791,16,enemy,False,2,0.0,0.0,0,True
2,111,Animal_Tactician,Animal,Tactician,6512,19,party,True,3,972.9411785552693,0.0,0,False
2,111,Game_Striker,Game,Striker,8705,16,party,True,3,447.0805556054478,0.0,0,False
2,111,Food_Bulwark,Food,Bulwark,5304,24,enemy,False,3,0.0,0.0,0,True
2,111,Murder_Fixer,Murder,Fixer,8781,21,enemy,False,3,157.44556088277466,0.0,0,True
2,112,Dead_Fixer,Dead,Fixer,3547,35,party,True,3,459.33014354066984,0.0,0,False
2,112,Dead_Bulwark,Dead,Bulwark,2255,35,party,True,3,822.0341576885406,0.0,0,False
2,112,Game_Bulwark,Game,Bulwark,1696,18,enemy,False,3,0.0,0.0,0,True
2,112,Murder_Bulwark,Murder,Bulwark,4068,17,enemy,False,3,375.2890839348272,0.0,0,True
2,113,Ultimate-master_Striker,Ultimate-master,Striker,8221,69,party,True,4,848.3555490180106,0.0,0,False
2,113,Wild_Fixer,Wild,Fixer,2177,65,party,True,4,935.6363842818043,253.9921258622007,0,False
2,113,Industrial_Tactician,Industrial,Tactician,2118,16,enemy,False,4,700.8111544959196,0.0,0,True
2,113,Animal_Striker,Animal,Striker,120,18,enemy,False,4,418.34761038349666,0.0,0,True
2,114,Industrial_Fixer,Industrial,Fixer,8878,13,party,False,7,215.76308129080627,314.03576392458046,0,True
2,114,Murder_Tactician,Murder,Tactician,6998,13,party,False,7,1354.006103516521,0.0,0,True
2,114,Wild_Fixer,Wild,Fixer,2177,65,enemy,True,7,314.03576392458046,0.0,0,True
2,114,Ultimate-master_Striker,Ultimate-master,Striker,8221,69,enemy,True,7,2557.6834933920486,0.0,0,False
2,115,Master_Tactician,Master,Tactician,2888,27,party,False,6,901.3717104679432,0.0,0,True
2,115,Game_Bulwark,Game,Bulwark,7013,27,party,False,6,483.55899419729207,0.0,0,True
2,115,Blackhole_Bulwark,Blackhole,Bulwark,8111,35,enemy,True,6,0.0,0.0,0,True
2,115,Master_Bulwark,Master,Bulwark,5709,39,enemy,True,6,2124.6433635220237,0.0,0,False
2,116,Game_Striker,Game,Striker,3119,25,party,True,3,515.8203838251441,0.0,0,False
2,116,Industrial_Tactician,Industrial,Tactician,248,26,party,True,3,1111.552969519812,0.0,0,False
2,116,Golden_Striker,Golden,Striker,5136,46,enemy,False,3,0.0,0.0,0,True
2,116,Golden_Striker,Golden,Striker,1965,45,enemy,False,3,0.0,0.0,0,True
2,117,Industrial_Tactician,Industrial,Tactician,4339,27,party,True,2,887.6436290587053,0.0,0,False
2,117,Industrial_Tactician,Industrial,Tactician,6329,29,party,True,2,847.9002955787925,0.0,0,False
2,117,Dead_Fixer,Dead,Fixer,6519,35,enemy,False,2,0.0,0.0,0,True
2,117,Blackhole_Striker,Blackhole,Striker,7137,37,enemy,False,2,0.0,0.0,0,True
2,118,Bee_Striker,Bee,Striker,8617,17,party,False,2,0.0,0.0,0,True
2,118,Game_Bulwark,Game,Bulwark,8481,18,party,False,2,0.0,0.0,0,True
2,118,Box_Tactician,Box,Tactician,4464,27,enemy,True,2,737.9218501197137,0.0,0,False
2,118,Industrial_Striker,Industrial,Striker,4756,27,enemy,True,2,536.4569613174987,0.0,0,False
2,119,Golden_Striker,Golden,Striker,2062,43,party,True,3,9819.030679183743,0.0,0,False
2,119,Ultimate_Bulwark,Ultimate,Bulwark,19,40,party,True,3,637.8124596837308,0.0,0,False
2,119,Blackhole_Bulwark,Blackhole,Bulwark,2649,41,enemy,False,3,0.0,0.0,0,True
2,119,Golden_Striker,Golden,Striker,2062,43,enemy,False,3,0.0,0.0,0,True
2,120,Golden_Striker,Golden,Striker,12,42,party,True,3,0.0,0.0,0,False
2,120,Blackhole_Tactician,Blackhole,Tactician,3575,40,party,True,3,2004.9832228044506,0.0,0,False
2,120,Animal_Striker,Animal,Striker,7624,18,enemy,False,3,0.0,0.0,0,True
2,120,Murder_Striker,Murder,Striker,7743,18,enemy,False,3,0.0,0.0,0,True
2,121,Food_Bulwark,Food,Bulwark,7889,23,party,False,2,0.0,0.0,0,True
2,121,Master_Bulwark,Master,Bulwark,1964,22,party,False,2,0.0,0.0,0,True
2,121,Ultimate-master_Striker,Ultimate-master,Striker,8221,69,enemy,True,2,839.2512455651344,0.0,0,False
2,121,Wild_Fixer,Wild,Fixer,2177,65,enemy,True,2,618.2865770744904,0.0,0,False
2,122,Ultimate_Bulwark,Ultimate,Bulwark,5750,33,party,True,4,1512.0237489100941,0.0,0,False
2,122,Dead_Fixer,Dead,Fixer,3708,33,party,True,4,216.53030620066528,1585.222189176904,0,False
2,122,Food_Fixer,Food,Fixer,3993,16,enemy,False,4,152.70761576361707,0.0,0,True
2,122,Industrial_Bulwark,Industrial,Bulwark,8703,17,enemy,False,4,421.9650477774128,0.0,0,True
2,123,Game_Fixer,Game,Fixer,7145,18,party,False,3,0.0,0.0,0,True
2,123,Animal_Bulwark,Animal,Bulwark,313,17,party,False,3,165.72815184059706,0.0,0,True
2,123,Game_Fixer,Game,Fixer,9654,21,enemy,True,3,172.00522903844538,0.0,0,False
2,123,Industrial_Tactician,Industrial,Tactician,9092,23,enemy,True,3,1121.9175702887449,0.0,0,False
2,124,Ultimate_Bulwark,Ultimate,Bulwark,5143,42,party,True,3,522.5475312560366,0.0,0,False
2,124,Blackhole_Bulwark,Blackhole,Bulwark,4705,41,party,True,3,535.5980156563315,0.0,0,True
2,124,Murder_Striker,Murder,Striker,2837,29,enemy,False,3,0.0,0.0,0,True
2,124,Animal_Tactician,Animal,Tactician,2004,25,enemy,False,3,735.6980285043481,0.0,0,True
2,125,Wild_Fixer,Wild,Fixer,2177,65,party,True,3,912.3280382981347,0.0,0,False
2,125,Ultimate-master_Striker,Ultimate-master,Striker,8221,69,party,True,3,1647.9550320005033,0.0,0,False
2,125,Golden_Striker,Golden,Striker,5485,45,enemy,False,3,0.0,0.0,0,True
2,125,Golden_Striker,Golden,Striker,360,46,enemy,False,3,0.0,0.0,0,True
2,126,Master_Tactician,Master,Tactician,6465,25,party,True,5,1450.578422122646,0.0,0,False
2,126,Dead_Fixer,Dead,Fixer,3664,27,party,True,5,601.9685572525045,0.0,0,False
2,126,Box_Bulwark,Box,Bulwark,6306,17,enemy,False,5,0.0,0.0,0,True
2,126,Animal_Striker,Animal,Striker,4040,16,enemy,False,5,0.0,0.0,0,True
2,127,Blackhole_Fixer,Blackhole,Fixer,2306,30,party,False,5,376.4893475661071,0.0,0,True
2,127,Murder_Fixer,Murder,Fixer,3853,30,party,False,5,211.1000706286264,0.0,0,True
2,127,Animal_Striker,Animal,Striker,7654,28,enemy,True,5,2917.160718945093,0.0,0,False
2,127,Animal_Bulwark,Animal,Bulwark,708,29,enemy,True,5,526.4090720561587,0.0,0,False
2,128,Food_Striker,Food,Striker,5388,17,party,False,4,0.0,0.0,0,True
2,128,Murder_Tactician,Murder,Tactician,3584,18,party,False,4,786.8052470092707,0.0,0,True
2,128,Wild_Fixer,Wild,Fixer,2177,65,enemy,True,4,936.549136660032,253.9921258622007,0,False
2,128,Ultimate-master_Striker,Ultimate-master,Striker,8221,69,enemy,True,4,845.8530252745945,0.0,0,False
2,129,Dead_Bulwark,Dead,Bulwark,5813,36,party,False,4,582.0976395626984,0.0,0,True
2,129,Master_Bulwark,Master,Bulwark,5709,39,party,False,4,1029.598811431213,0.0,0,True
2,129,Wild_Fixer,Wild,Fixer,2177,65,enemy,True,4,305.27899743052967,0.0,0,True
2,129,Ultimate-master_Striker,Ultimate-master,Striker,8221,69,enemy,True,4,2471.950726648703,0.0,0,False
2,130,Ultimate_Bulwark,Ultimate,Bulwark,2669,40,party,True,3,512.3115176607004,0.0,0,False
2,130,Blackhole_Tactician,Blackhole,Tactician,8148,41,party,True,3,1070.3354182532785,0.0,0,True
2,130,Game_Bulwark,Game,Bulwark,7761,14,enemy,False,3,0.0,0.0,0,True
2,130,Industrial_Tactician,Industrial,Tactician,737,14,enemy,False,3,695.6521739130435,0.0,0,True
2,131,Master_Striker,Master,Striker,2322,23,party,False,5,988.1422924901185,0.0,0,True
2,131,Animal_Fixer,Animal,Fixer,1998,21,party,False,5,169.27762887536596,0.0,0,True
2,131,Industrial_Striker,Industrial,Striker,3631,14,enemy,True,5,827.8323291940068,0.0,0,False
2,131,Bee_Tactician,Bee,Tactician,9583,13,enemy,True,5,442.9133858267717,0.0,0,True
2,132,Bee_Tactician,Bee,Tactician,5051,13,party,False,6,723.4742255748502,0.0,0,True
2,132,Animal_Fixer,Animal,Fixer,8649,13,party,False,6,126.25427298907532,215.1792990465709,0,True
2,132,Wild_Striker,Wild,Striker,2104,37,enemy,True,6,1279.5156986940078,0.0,0,False
2,132,Dead_Fixer,Dead,Fixer,4920,35,enemy,True,6,430.3585980931418,3138.2631862446137,0,False
2,133,Ultimate_Fixer,Ultimate,Fixer,9964,42,party,False,8,456.25556152682356,0.0,0,True
2,133,Blackhole_Fixer,Blackhole,Fixer,5741,40,party,False,8,695.2215307512738,0.0,0,True
2,133,Golden_Striker,Golden,Striker,9646,45,enemy,True,8,0.0,0.0,0,True
2,133,Golden_Striker,Golden,Striker,1142,46,enemy,True,8,2075.007557288729,0.0,0,False
2,134,Master_Bulwark,Master,Bulwark,6598,39,party,True,3,617.7050443519682,0.0,0,False
2,134,Dead_Tactician,Dead,Tactician,4043,35,party,True,3,1081.3870829322136,0.0,0,False
2,134,Animal_Striker,Animal,Striker,350,13,enemy,False,3,0.0,0.0,0,True
2,134,Industrial_Tactician,Industrial,Tactician,8851,14,enemy,False,3,547.8440604719041,0.0,0,True
2,135,Industrial_Tactician,Industrial,Tactician,6408,30,party,True,3,1270.541393950682,0.0,0,False
2,135,Master_Bulwark,Master,Bulwark,5254,33,party,True,3,227.28239946737997,0.0,0,False
2,135,Animal_Fixer,Animal,Fixer,2747,15,enemy,False,3,0.0,0.0,0,True
2,135,Animal_Striker,Animal,Striker,4307,16,enemy,False,3,0.0,0.0,0,True
2,136,Box_Fixer,Box,Fixer,1643,32,party,True,6,571.4413654327275,390.1568753643636,0,False
2,136,Dead_Tactician,Dead,Tactician,1492,34,party,True,6,3389.048749257689,0.0,0,False
2,136,Master_Bulwark,Master,Bulwark,5942,26,enemy,False,6,0.0,0.0,0,True
2,136,Industrial_Fixer,Industrial,Fixer,9434,28,enemy,False,6,390.1568753643636,377.0592449322596,0,True
2,137,Golden_Striker,Golden,Striker,8782,44,party,True,6,0.0,0.0,0,True
2,137,Ultimate_Tactician,Ultimate,Tactician,2719,42,party,True,6,1323.0806137753125,0.0,0,False
2,137,Animal_Striker,Animal,Striker,3812,14,enemy,False,6,790.6242810388611,0.0,0,True
2,137,Murder_Fixer,Murder,Fixer,7641,13,enemy,False,6,193.07674351659716,0.0,0,True
2,138,Box_Bulwark,Box,Bulwark,8665,30,party,True,3,521.3303075989342,0.0,0,False
2,138,Industrial_Tactician,Industrial,Tactician,2162,30,party,True,3,2317.834076400131,0.0,0,False
2,138,Industrial_Tactician,Industrial,Tactician,3649,14,enemy,False,3,0.0,0.0,0,True
2,138,Food_Bulwark,Food,Bulwark,6651,14,enemy,False,3,0.0,0.0,0,True
2,139,Blackhole_Tactician,Blackhole,Tactician,2450,32,party,True,2,916.4649092114,0.0,0,False
2,139,Dead_Bulwark,Dead,Bulwark,4457,34,party,True,2,470.1273261508325,0.0,0,False
2,139,Industrial_Fixer,Industrial,Fixer,1401,21,enemy,False,2,0.0,0.0,0,True
2,139,Food_Bulwark,Food,Bulwark,3522,21,enemy,False,2,0.0,0.0,0,True
2,140,Dead_Bulwark,Dead,Bulwark,6972,36,party,True,4,1189.2008856888015,0.0,0,False
2,140,Blackhole_Tactician,Blackhole,Tactician,2215,35,party,True,4,1018.4163075847677,0.0,0,True
2,140,Master_Fixer,Master,Fixer,7040,29,enemy,False,4,0.0,0.0,0,True
2,140,Blackhole_Tactician,Blackhole,Tactician,3379,29,enemy,False,4,2008.1222799722666,0.0,0,True
2,141,Wild_Fixer,Wild,Fixer,2177,65,party,True,4,913.2027535793411,253.9921258622007,0,False
2,141,Ultimate-master_Striker,Ultimate-master,Striker,8221,69,party,True,4,2477.4717051550197,0.0,0,False
2,141,Blackhole_Fixer,Blackhole,Fixer,6096,44,enemy,False,4,0.0,608.8018357195607,0,True
2,141,Ultimate_Tactician,Ultimate,Tactician,2719,42,enemy,False,4,388.17817902844826,0.0,0,True
2,142,Ultimate-master_Striker,Ultimate-master,Striker,8221,69,party,True,3,1680.141653719263,0.0,0,False
2,142,Wild_Fixer,Wild,Fixer,2177,65,party,True,3,622.5297202504919,0.0,0,False
2,142,Game_Fixer,Game,Fixer,9215,22,enemy,False,3,0.0,0.0,0,True
2,142,Master_Striker,Master,Striker,4227,23,enemy,False,3,0.0,0.0,0,True
2,143,Ultimate_Bulwark,Ultimate,Bulwark,4051,40,party,True,2,1249.9017740420175,0.0,0,False
2,143,Blackhole_Tactician,Blackhole,Tactician,3033,43,party,True,2,1097.5887088786262,0.0,0,False
2,143,Master_Fixer,Master,Fixer,2100,39,enemy,False,2,0.0,0.0,0,True
2,143,Ultimate_Fixer,Ultimate,Fixer,2471,38,enemy,False,2,433.4085778781038,0.0,0,True
2,144,Wild_Fixer,Wild,Fixer,2177,65,party,True,4,304.9857419094629,0.0,0,True
2,144,Ultimate-master_Striker,Ultimate-master,Striker,8221,69,party,True,4,2479.0562729229473,0.0,0,False
2,144,Ultimate_Bulwark,Ultimate,Bulwark,2669,40,enemy,False,4,611.9679601895996,0.0,0,True
2,144,Ultimate_Bulwark,Ultimate,Bulwark,4051,40,enemy,False,4,854.4652735070125,0.0,0,True
2,145,Game_Bulwark,Game,Bulwark,2827,26,party,True,3,0.0,0.0,0,False
2,145,Animal_Tactician,Animal,Tactician,8118,28,party,True,3,1499.0377231079165,0.0,0,False
2,145,Animal_Fixer,Animal,Fixer,6404,12,enemy,False,3,0.0,0.0,0,True
2,145,Industrial_Fixer,Industrial,Fixer,7044,12,enemy,False,3,112.67605633802818,0.0,0,True
2,146,Blackhole_Bulwark,Blackhole,Bulwark,1891,43,party,True,5,632.8848338288926,0.0,0,True
2,146,Blackhole_Fixer,Blackhole,Fixer,5204,40,party,True,5,491.3668479564776,387.2216844143272,0,False
2,146,Game_Striker,Game,Striker,8900,18,enemy,False,5,2627.8050880432556,0.0,0,True
2,146,Game_Bulwark,Game,Bulwark,8255,18,enemy,False,5,387.2216844143272,0.0,0,True
2,147,Ultimate_Fixer,Ultimate,Fixer,433,45,party,False,3,482.41815132442173,0.0,0,True
2,147,Golden_Striker,Golden,Striker,1052,48,party,False,3,1032.147371559484,0.0,0,True
2,147,Ultimate_Bulwark,Ultimate,Bulwark,5143,42,enemy,True,3,1283.8667813395923,0.0,0,False
2,147,Blackhole_Tactician,Blackhole,Tactician,7753,40,enemy,True,3,1066.7603340969763,0.0,0,True
2,148,Master_Striker,Master,Striker,8016,24,party,False,5,0.0,0.0,0,True
2,148,Animal_Fixer,Animal,Fixer,2806,20,party,False,5,167.40002538651467,0.0,0,True
2,148,Golden_Striker,Golden,Striker,947,45,enemy,True,5,1040.2031559228753,0.0,0,False
2,148,Golden_Striker,Golden,Striker,8000,46,enemy,True,5,1043.2565898443709,0.0,0,False
2,149,Bee_Striker,Bee,Striker,5351,17,party,True,3,435.88069736838,0.0,0,False
2,149,Animal_Tactician,Animal,Tactician,3851,17,party,True,3,829.4248617854873,0.0,0,False
2,149,Animal_Striker,Animal,Striker,6481,25,enemy,False,3,0.0,0.0,0,True
2,149,Murder_Fixer,Murder,Fixer,8029,28,enemy,False,3,375.9408717940609,0.0,0,True
2,150,Industrial_Tactician,Industrial,Tactician,4926,14,party,False,6,556.9569264484425,0.0,0,True
2,150,Bee_Tactician,Bee,Tactician,8952,14,party,False,6,603.692991009102,0.0,0,True
2,150,Game_Striker,Game,Striker,6754,23,enemy,True,6,0.0,0.0,0,True
2,150,Box_Bulwark,Box,Bulwark,7667,23,enemy,True,6,2032.6954277987986,0.0,0,False
2,151,Master_Striker,Master,Striker,7284,33,party,True,8,0.0,0.0,0,True
2,151,Ultimate_Bulwark,Ultimate,Bulwark,3043,31,party,True,8,3248.4333732799396,0.0,0,False
2,151,Dead_Fixer,Dead,Fixer,4247,41,enemy,False,8,483.4145202550701,3575.1210163538194,0,True
2,151,Ultimate_Fixer,Ultimate,Fixer,9964,42,enemy,False,8,464.74403709011335,560.6684514274328,0,True
2,152,Ultimate-master_Striker,Ultimate-master,Striker,8221,69,party,True,3,1649.5350464127762,0.0,0,False
2,152,Wild_Fixer,Wild,Fixer,2177,65,party,True,3,609.0939671186584,0.0,0,False
2,152,Blackhole_Bulwark,Blackhole,Bulwark,4705,41,enemy,False,3,0.0,0.0,0,True
2,152,Dead_Fixer,Dead,Fixer,4247,41,enemy,False,3,0.0,304.40091785978035,0,True
2,153,Ultimate-master_Striker,Ultimate-master,Striker,8221,69,party,True,4,1617.0141420694206,0.0,0,False
2,153,Wild_Fixer,Wild,Fixer,2177,65,party,True,4,596.7991890910145,253.9921258622007,0,False
2,153,Ultimate-master_Striker,Ultimate-master,Striker,8221,69,enemy,False,4,804.7076957009006,0.0,0,True
2,153,Wild_Fixer,Wild,Fixer,2177,65,enemy,False,4,299.8018482792737,253.9921258622007,0,True
2,154,Wild_Fixer,Wild,Fixer,2177,65,party,True,4,928.3337933559967,253.9921258622007,0,False
2,154,Ultimate-master_Striker,Ultimate-master,Striker,8221,69,party,True,4,1678.5024911302687,0.0,0,False
2,154,Game_Fixer,Game,Fixer,3152,26,enemy,False,4,163.61045708529534,0.0,0,True
2,154,Murder_Tactician,Murder,Tactician,1612,25,enemy,False,4,755.4296506137865,0.0,0,True
2,155,Master_Fixer,Master,Fixer,4206,36,party,False,2,226.3353499645849,0.0,0,True
2,155,Dead_Fixer,Dead,Fixer,2439,36,party,False,2,223.25581395348837,0.0,0,True
2,155,Industrial_Tactician,Industrial,Tactician,4350,27,enemy,True,2,1737.4517374517375,0.0,0,False
2,155,Animal_Tactician,Animal,Tactician,1913,27,enemy,True,2,726.4922764489339,0.0,0,False
2,156,Ultimate_Bulwark,Ultimate,Bulwark,2669,40,party,True,6,0.0,0.0,0,True
2,156,Ultimate_Tactician,Ultimate,Tactician,2719,42,party,True,6,1712.1978861385016,0.0,0,False
2,156,Blackhole_Fixer,Blackhole,Fixer,2970,27,enemy,False,6,365.29680365296804,0.0,0,True
2,156,Industrial_Tactician,Industrial,Tactician,7237,26,enemy,False,6,864.5533141210375,0.0,0,True
2,157,Game_Bulwark,Game,Bulwark,9374,17,party,False,5,0.0,0.0,0,True
2,157,Box_Tactician,Box,Tactician,9525,17,party,False,5,1564.5369756550226,0.0,0,True
2,157,Industrial_Tactician,Industrial,Tactician,823,25,enemy,True,5,883.2188420019627,0.0,0,True
2,157,Master_Striker,Master,Striker,6377,26,enemy,True,5,522.3595875744503,0.0,0,False
2,158,Dead_Fixer,Dead,Fixer,7823,25,party,True,5,358.217910058114,1193.7296764193784,0,False
2,158,Animal_Tactician,Animal,Tactician,73,26,party,True,5,844.7317344524712,0.0,0,True
2,158,Industrial_Tactician,Industrial,Tactician,6821,18,enemy,False,5,0.0,0.0,0,True
2,158,Box_Tactician,Box,Tactician,9688,16,enemy,False,5,799.2454440234484,0.0,0,True
2,159,Game_Bulwark,Game,Bulwark,8241,31,party,True,3,1005.7237699394052,0.0,0,False
2,159,Blackhole_Fixer,Blackhole,Fixer,2389,30,party,True,3,430.99841900894324,0.0,0,False
2,159,Murder_Fixer,Murder,Fixer,787,17,enemy,False,3,0.0,0.0,0,True
2,159,Animal_Striker,Animal,Striker,5018,16,enemy,False,3,0.0,0.0,0,True
2,160,Industrial_Tactician,Industrial,Tactician,9152,14,party,True,3,722.0649928564278,0.0,0,False
2,160,Bee_Tactician,Bee,Tactician,9583,13,party,True,3,436.04651162790697,0.0,0,False
2,160,Box_Bulwark,Box,Bulwark,6110,30,enemy,False,3,0.0,0.0,0,True
2,160,Blackhole_Fixer,Blackhole,Fixer,4760,33,enemy,False,3,219.3627740921443,0.0,0,True
2,161,Golden_Striker,Golden,Striker,8082,45,party,True,3,1008.3388530285887,0.0,0,False
2,161,Golden_Striker,Golden,Striker,5136,46,party,True,3,1029.158527819447,0.0,0,False
2,161,Dead_Fixer,Dead,Fixer,7141,35,enemy,False,3,214.47179383339036,0.0,0,True
2,161,Dead_Fixer,Dead,Fixer,6654,37,enemy,False,3,435.20586910158096,0.0,0,True
2,162,Master_Striker,Master,Striker,1507,32,party,False,2,0.0,0.0,0,True
2,162,Dead_Bulwark,Dead,Bulwark,1436,33,party,False,2,0.0,0.0,0,True
2,162,Dead_Tactician,Dead,Tactician,9184,36,enemy,True,2,1131.1254888157714,0.0,0,False
2,162,Dead_Striker,Dead,Striker,2416,36,enemy,True,2,1217.4312454931203,0.0,0,False
2,163,Golden_Striker,Golden,Striker,1052,48,party,True,3,1054.6075517516788,0.0,0,False
2,163,Golden_Striker,Golden,Striker,6011,46,party,True,3,1057.7462647033205,0.0,0,False
2,163,Bee_Tactician,Bee,Tactician,5303,14,enemy,False,3,405.9943241262474,0.0,0,True
2,163,Murder_Fixer,Murder,Fixer,9609,13,enemy,False,3,131.11095547141778,0.0,0,True
2,164,Game_Bulwark,Game,Bulwark,9631,24,party,False,5,0.0,0.0,0,True
2,164,Murder_Fixer,Murder,Fixer,142,21,party,False,5,337.10901664042956,399.8059879069252,0,True
2,164,Dead_Striker,Dead,Striker,8493,35,enemy,True,5,621.883512324165,0.0,0,False
2,164,Dead_Tactician,Dead,Tactician,2605,37,enemy,True,5,1583.222822595295,0.0,0,False
2,165,Golden_Striker,Golden,Striker,947,45,party,True,6,0.0,0.0,0,True
2,165,Golden_Striker,Golden,Striker,9646,45,party,True,6,2979.1147033303014,0.0,0,False
2,165,Dead_Fixer,Dead,Fixer,1488,36,enemy,False,6,438.35616438356163,0.0,0,True
2,165,Dead_Tactician,Dead,Tactician,7587,35,enemy,False,6,1119.184624730384,0.0,0,True
2,166,Golden_Striker,Golden,Striker,5677,45,party,False,3,0.0,0.0,0,True
2,166,Golden_Striker,Golden,Striker,947,45,party,False,3,1021.2722555756199,0.0,0,True
2,166,Golden_Striker,Golden,Striker,2807,46,enemy,True,3,1032.0157434756288,0.0,0,False
2,166,Golden_Striker,Golden,Striker,2913,47,enemy,True,3,1022.2514236058938,0.0,0,True
2,167,Master_Striker,Master,Striker,5097,25,party,False,3,0.0,0.0,0,True
2,167,Murder_Bulwark,Murder,Bulwark,7542,26,party,False,3,194.9317738791423,0.0,0,True
2,167,Industrial_Tactician,Industrial,Tactician,1985,30,enemy,True,3,1253.8601898925292,0.0,0,False
2,167,Blackhole_Fixer,Blackhole,Fixer,5995,34,enemy,True,3,213.4661980940521,194.93177387914227,0,False
2,168,Golden_Striker,Golden,Striker,6909,45,party,False,2,0.0,0.0,0,True
2,168,Golden_Striker,Golden,Striker,5485,45,party,False,2,0.0,0.0,0,True
2,168,Blackhole_Tactician,Blackhole,Tactician,2683,43,enemy,True,2,1041.656574510607,0.0,0,False
2,168,Ultimate_Bulwark,Ultimate,Bulwark,2669,40,enemy,True,2,1241.5212065915441,0.0,0,False
2,169,Blackhole_Tactician,Blackhole,Tactician,7546,30,party,True,5,2059.2547150157898,0.0,0,True
2,169,Box_Fixer,Box,Fixer,4050,31,party,True,5,397.4404045388961,0.0,0,False
2,169,Golden_Striker,Golden,Striker,360,46,enemy,False,5,0.0,0.0,0,True
2,169,Golden_Striker,Golden,Striker,1680,47,enemy,False,5,1003.693358018473,0.0,0,True
2,170,Game_Striker,Game,Striker,845,24,party,False,5,0.0,0.0,0,True
2,170,Animal_Fixer,Animal,Fixer,1464,22,party,False,5,159.72294351507895,323.5175131977782,0,True
2,170,Animal_Striker,Animal,Striker,3292,25,enemy,True,5,507.9327881433658,0.0,0,False
2,170,Animal_Tactician,Animal,Tactician,9010,25,enemy,True,5,1089.7313134818612,0.0,0,False
2,171,Dead_Fixer,Dead,Fixer,3583,37,party,True,5,456.73058752711313,0.0,0,False
2,171,Master_Fixer,Master,Fixer,9862,35,party,True,5,415.743123228171,263.41927126677547,0,False
2,171,Animal_Bulwark,Animal,Bulwark,4754,14,enemy,False,5,0.0,0.0,0,True
2,171,Animal_Fixer,Animal,Fixer,7203,14,enemy,False,5,263.41927126677547,0.0,0,True
2,172,Game_Striker,Game,Striker,6531,23,party,True,6,1038.0646279896746,0.0,0,False
2,172,Industrial_Fixer,Industrial,Fixer,7778,21,party,True,6,515.5403954963458,559.7489266149722,0,False
2,172,Murder_Fixer,Murder,Fixer,233,22,enemy,False,6,370.1754668993324,0.0,0,True
2,172,Murder_Fixer,Murder,Fixer,3917,24,enemy,False,6,189.5734597156398,0.0,0,True
2,173,Industrial_Fixer,Industrial,Fixer,7859,20,party,False,6,0.0,0.0,0,True
2,173,Industrial_Tactician,Industrial,Tactician,4192,21,party,False,6,1088.6976367802122,0.0,0,True
2,173,Blackhole_Bulwark,Blackhole,Bulwark,4343,40,enemy,True,6,1331.1736963935757,0.0,0,False
2,173,Blackhole_Tactician,Blackhole,Tactician,2545,40,enemy,True,6,1108.8027814364168,0.0,0,True
2,174,Master_Bulwark,Master,Bulwark,64,36,party,True,4,1136.6370294155804,0.0,0,False
2,174,Master_Striker,Master,Striker,4738,35,party,True,4,4508.593891725214,0.0,0,False
2,174,Industrial_Fixer,Industrial,Fixer,3077,12,enemy,False,4,122.27188167208845,0.0,0,True
2,174,Industrial_Tactician,Industrial,Tactician,5038,12,enemy,False,4,488.5958564820674,0.0,0,True
2,175,Animal_Tactician,Animal,Tactician,5941,26,party,True,3,1114.193285080676,0.0,0,False
2,175,Murder_Striker,Murder,Striker,5853,25,party,True,3,526.656305293429,0.0,0,False
2,175,Dead_Fixer,Dead,Fixer,8308,37,enemy,False,3,226.41509433962264,0.0,0,True
2,175,Ultimate_Bulwark,Ultimate,Bulwark,921,38,enemy,False,3,0.0,0.0,0,True
2,176,Ultimate_Bulwark,Ultimate,Bulwark,19,40,party,True,3,644.6306686793781,0.0,0,False
2,176,Blackhole_Tactician,Blackhole,Tactician,8148,41,party,True,3,1494.0623220676644,0.0,0,False
2,176,Box_Tactician,Box,Tactician,8150,20,enemy,False,3,0.0,0.0,0,True
2,176,Master_Bulwark,Master,Bulwark,8551,23,enemy,False,3,0.0,0.0,0,True
2,177,Industrial_Fixer,Industrial,Fixer,9199,12,party,True,3,115.94202898550724,0.0,0,False
2,177,Animal_Tactician,Animal,Tactician,8120,14,party,True,3,842.2963374387837,0.0,0,False
2,177,Game_Bulwark,Game,Bulwark,4241,14,enemy,False,3,0.0,0.0,0,True
2,177,Animal_Striker,Animal,Striker,276,14,enemy,False,3,0.0,0.0,0,True
2,178,Industrial_Bulwark,Industrial,Bulwark,7871,17,party,True,2,810.8368978599135,0.0,0,False
2,178,Industrial_Tactician,Industrial,Tactician,7201,15,party,True,2,1222.624099460384,0.0,0,False
2,178,Murder_Bulwark,Murder,Bulwark,6680,20,enemy,False,2,0.0,0.0,0,True
2,178,Game_Fixer,Game,Fixer,4301,20,enemy,False,2,175.4095959791709,0.0,0,True
2,179,Industrial_Tactician,Industrial,Tactician,3611,21,party,False,3,0.0,0.0,0,True
2,179,Food_Striker,Food,Striker,398,23,party,False,3,0.0,0.0,0,True
2,179,Dead_Tactician,Dead,Tactician,2748,33,enemy,True,3,1508.4460062959997,0.0,0,False
2,179,Master_Striker,Master,Striker,7948,34,enemy,True,3,579.4397436924207,0.0,0,False
2,180,Golden_Striker,Golden,Striker,947,45,party,True,4,1021.2722555756199,0.0,0,False
2,180,Golden_Striker,Golden,Striker,5136,46,party,True,4,1032.147371559484,0.0,0,True
2,180,Blackhole_Bulwark,Blackhole,Bulwark,1891,43,enemy,False,4,1618.6288007550852,0.0,0,True
2,180,Blackhole_Fixer,Blackhole,Fixer,5204,40,enemy,False,4,233.90408173270677,0.0,0,True
2,181,Ultimate_Tactician,Ultimate,Tactician,2719,42,party,True,6,889.1494195280279,0.0,0,False
2,181,Ultimate_Bulwark,Ultimate,Bulwark,2669,40,party,True,6,254.8963893179099,0.0,0,True
2,181,Industrial_Bulwark,Industrial,Bulwark,549,14,enemy,False,6,133.10669030308372,0.0,0,True
2,181,Animal_Tactician,Animal,Tactician,4640,14,enemy,False,6,554.1673430107957,0.0,0,True
2,182,Dead_Tactician,Dead,Tactician,7631,34,party,True,3,1182.2660098522167,0.0,0,True
2,182,Box_Bulwark,Box,Bulwark,3970,30,party,True,3,1024.8821346561406,0.0,0,False
2,182,Game_Bulwark,Game,Bulwark,7226,14,enemy,False,3,0.0,0.0,0,True
2,182,Industrial_Tactician,Industrial,Tactician,6583,14,enemy,False,3,579.0421554451717,0.0,0,True
2,183,Dead_Tactician,Dead,Tactician,1669,35,party,True,2,1084.903238250808,0.0,0,False
2,183,Dead_Striker,Dead,Striker,1763,35,party,True,2,1197.9652455440316,0.0,0,False
2,183,Wild_Fixer,Wild,Fixer,2177,65,enemy,False,2,307.0504422898945,0.0,0,True
2,183,Ultimate-master_Striker,Ultimate-master,Striker,8221,69,enemy,False,2,0.0,0.0,0,True
2,184,Industrial_Fixer,Industrial,Fixer,8901,26,party,False,8,0.0,0.0,0,True
2,184,Dead_Tactician,Dead,Tactician,1746,27,party,False,8,2715.9062146020824,0.0,0,True
2,184,Dead_Fixer,Dead,Fixer,4247,41,enemy,True,8,969.08272125725,3348.6765825722982,0,False
2,184,Blackhole_Tactician,Blackhole,Tactician,2545,40,enemy,True,8,2204.5990786331104,0.0,0,True
2,185,Golden_Striker,Golden,Striker,2022,46,party,False,5,0.0,0.0,0,True
2,185,Golden_Striker,Golden,Striker,6909,45,party,False,5,962.381376958779,0.0,0,True
2,185,Ultimate-master_Striker,Ultimate-master,Striker,8221,69,enemy,True,5,823.1890207696293,0.0,0,True
2,185,Wild_Fixer,Wild,Fixer,2177,65,enemy,True,5,1519.0916618552674,0.0,0,False
2,186,Wild_Fixer,Wild,Fixer,2177,65,party,True,4,308.2428711919911,0.0,0,True
2,186,Ultimate-master_Striker,Ultimate-master,Striker,8221,69,party,True,4,1670.3544207849761,0.0,0,False
2,186,Dead_Tactician,Dead,Tactician,193,33,enemy,False,4,1101.2184881671956,0.0,0,True
2,186,Box_Fixer,Box,Fixer,5087,33,enemy,False,4,186.85630959664516,308.2428711919911,0,True
2,187,Blackhole_Tactician,Blackhole,Tactician,3575,40,party,True,2,1104.4587940458728,0.0,0,False
2,187,Ultimate_Bulwark,Ultimate,Bulwark,4051,40,party,True,2,506.30786706311403,0.0,0,False
2,187,Master_Tactician,Master,Tactician,1711,22,enemy,False,2,0.0,0.0,0,True
2,187,Animal_Striker,Animal,Striker,7708,24,enemy,False,2,0.0,0.0,0,True
2,188,Wild_Fixer,Wild,Fixer,2177,65,party,True,3,622.5297202504919,0.0,0,False
2,188,Ultimate-master_Striker,Ultimate-master,Striker,8221,69,party,True,3,1696.7110980360212,0.0,0,False
2,188,Murder_Bulwark,Murder,Bulwark,822,17,enemy,False,3,0.0,0.0,0,True
2,188,Food_Fixer,Food,Fixer,5771,15,enemy,False,3,0.0,0.0,0,True
2,189,Golden_Striker,Golden,Striker,6909,45,party,True,6,0.0,0.0,0,True
2,189,Golden_Striker,Golden,Striker,9646,45,party,True,6,3007.168944601338,0.0,0,False
2,189,Blackhole_Fixer,Blackhole,Fixer,6219,32,enemy,False,6,438.35616438356163,0.0,0,True
2,189,Industrial_Tactician,Industrial,Tactician,8953,30,enemy,False,6,943.4455535974153,0.0,0,True
2,190,Box_Fixer,Box,Fixer,7123,25,party,False,8,0.0,0.0,0,True
2,190,Dead_Tactician,Dead,Tactician,9622,25,party,False,8,1626.5063329478298,0.0,0,True
2,190,Blackhole_Tactician,Blackhole,Tactician,3575,40,enemy,True,8,1099.0764412483782,0.0,0,True
2,190,Blackhole_Fixer,Blackhole,Fixer,5204,40,enemy,True,8,719.2416437898148,640.2356339937129,0,False
2,191,Industrial_Tactician,Industrial,Tactician,3193,14,party,False,5,0.0,0.0,0,True
2,191,Industrial_Fixer,Industrial,Fixer,8977,13,party,False,5,118.49283972527887,0.0,0,True
2,191,Food_Striker,Food,Striker,9734,24,enemy,True,5,540.6935414661068,0.0,0,False
2,191,Murder_Fixer,Murder,Fixer,1398,24,enemy,True,5,384.61538461538464,0.0,0,False
2,192,Game_Tactician,Game,Tactician,2032,22,party,False,6,1121.5536169177385,0.0,0,True
2,192,Industrial_Tactician,Industrial,Tactician,6489,20,party,False,6,726.2903154215313,0.0,0,True
2,192,Wild_Fixer,Wild,Fixer,2177,65,enemy,True,6,310.9599973827139,0.0,0,True
2,192,Ultimate-master_Striker,Ultimate-master,Striker,8221,69,enemy,True,6,1688.3922287067812,0.0,0,False
2,193,Golden_Striker,Golden,Striker,10,46,party,True,3,1055.651717644502,0.0,0,False
2,193,Golden_Striker,Golden,Striker,1895,46,party,True,3,1074.762474666082,0.0,0,False
2,193,Game_Fixer,Game,Fixer,926,13,enemy,False,3,121.43248660340134,0.0,0,True
2,193,Murder_Fixer,Murder,Fixer,7,12,enemy,False,3,115.78133309540978,0.0,0,True
2,194,Box_Tactician,Box,Tactician,2955,25,party,False,3,0.0,0.0,0,True
2,194,Murder_Fixer,Murder,Fixer,9396,25,party,False,3,176.39840085747934,0.0,0,True
2,194,Dead_Tactician,Dead,Tactician,9606,35,enemy,True,3,1162.294652868294,0.0,0,False
2,194,Master_Bulwark,Master,Bulwark,5469,38,enemy,True,3,577.1785154243528,0.0,0,False
2,195,Game_Bulwark,Game,Bulwark,8456,30,party,True,3,1033.4966058846057,0.0,0,False
2,195,Dead_Tactician,Dead,Tactician,547,33,party,True,3,1531.1306778043781,0.0,0,False
2,195,Food_Striker,Food,Striker,731,23,enemy,False,3,0.0,0.0,0,True
2,195,Murder_Bulwark,Murder,Bulwark,7726,23,enemy,False,3,0.0,0.0,0,True
2,196,Animal_Striker,Animal,Striker,5949,14,party,False,4,0.0,0.0,0,True
2,196,Food_Bulwark,Food,Bulwark,9735,14,party,False,4,383.5091083413231,0.0,0,True
2,196,Blackhole_Bulwark,Blackhole,Bulwark,4705,41,enemy,True,4,1758.9280316338209,0.0,0,False
2,196,Blackhole_Fixer,Blackhole,Fixer,6096,44,enemy,True,4,246.86744047933874,383.5091083413231,0,False
2,197,Industrial_Fixer,Industrial,Fixer,8286,24,party,True,6,359.8284165659091,652.4163987315036,0,False
2,197,Animal_Striker,Animal,Striker,520,24,party,True,6,1496.7796285060845,0.0,0,False
2,197,Dead_Fixer,Dead,Fixer,8364,24,enemy,False,6,343.4248764369716,1115.8251152374148,0,True
2,197,Master_Fixer,Master,Fixer,7934,22,enemy,False,6,308.991522294532,179.7032889297506,0,True
2,198,Blackhole_Bulwark,Blackhole,Bulwark,2649,41,party,True,3,0.0,0.0,0,False
2,198,Blackhole_Tactician,Blackhole,Tactician,2545,40,party,True,3,1970.0830821879176,0.0,0,False
2,198,Dead_Fixer,Dead,Fixer,2521,26,enemy,False,3,0.0,0.0,0,True
2,198,Food_Fixer,Food,Fixer,5958,25,enemy,False,3,184.57989189476143,0.0,0,True
2,199,Golden_Striker,Golden,Striker,1706,46,party,False,3,0.0,0.0,0,True
2,199,Golden_Striker,Golden,Striker,10,46,party,False,3,1036.1596062399876,0.0,0,True
2,199,Industrial_Tactician,Industrial,Tactician,9144,27,enemy,True,3,1030.8230201050578,0.0,0,False
2,199,Master_Bulwark,Master,Bulwark,2356,25,enemy,True,3,450.13586946482053,0.0,0,True
3,0,Industrial_Tactician,Industrial,Tactician,5090,25,party,True,2,834.263672695867,0.0,0,False
3,0,Industrial_Tactician,Industrial,Tactician,7237,26,party,True,2,887.5739644970414,0.0,0,False
3,0,Dead_Tactician,Dead,Tactician,2371,27,party,True,2,995.9022487485906,0.0,0,False
3,0,Industrial_Fixer,Industrial,Fixer,9762,18,enemy,False,2,0.0,0.0,0,True
3,0,Food_Striker,Food,Striker,8925,17,enemy,False,2,0.0,0.0,0,True
3,0,Game_Bulwark,Game,Bulwark,6978,15,enemy,False,2,0.0,0.0,0,True
3,1,Box_Tactician,Box,Tactician,3961,24,party,False,6,740.6689611293775,0.0,0,True
3,1,Game_Striker,Game,Striker,4342,23,party,False,6,500.1109165261436,0.0,0,True
3,1,Murder_Fixer,Murder,Fixer,2228,23,party,False,6,177.21317407160163,221.67980451895517,0,True
3,1,Dead_Bulwark,Dead,Bulwark,6398,35,enemy,True,6,587.0841487279843,0.0,0,True
3,1,Ultimate_Fixer,Ultimate,Fixer,6152,36,enemy,True,6,221.67980451895517,0.0,0,True
3,1,Master_Bulwark,Master,Bulwark,431,36,enemy,True,6,1442.8140444692317,0.0,0,False
3,2,Golden_Striker,Golden,Striker,6909,45,party,True,6,3951.170154880773,0.0,0,False
3,2,Ultimate_Fixer,Ultimate,Fixer,8060,46,party,True,6,239.57560562386632,621.3557716594305,0,True
3,2,Golden_Striker,Golden,Striker,2690,46,party,True,6,2048.430806572425,0.0,0,False
3,2,Dead_Fixer,Dead,Fixer,4247,41,enemy,False,6,234.59694835865557,1579.4622639086226,0,True
3,2,Ultimate_Bulwark,Ultimate,Bulwark,4051,40,enemy,False,6,621.3557716594305,0.0,0,True
3,2,Ultimate_Tactician,Ultimate,Tactician,2719,42,enemy,False,6,821.5135511429798,0.0,0,True
3,3,Master_Striker,Master,Striker,9068,33,party,False,4,0.0,0.0,0,True
3,3,Dead_Striker,Dead,Striker,9963,30,party,False,4,0.0,0.0,0,True
3,3,Blackhole_Striker,Blackhole,Striker,4771,31,party,False,4,0.0,0.0,0,True
3,3,Golden_Striker,Golden,Striker,6909,45,enemy,True,4,999.791731748236,0.0,0,False
3,3,Golden_Striker,Golden,Striker,2807,46,enemy,True,4,1045.0538432474298,0.0,0,False
3,3,Golden_Striker,Golden,Striker,1680,47,enemy,True,4,996.8853604350143,0.0,0,False
3,4,Food_Tactician,Food,Tactician,6876,14,party,False,5,0.0,0.0,0,True
3,4,Industrial_Fixer,Industrial,Fixer,9951,14,party,False,5,237.96411051877305,0.0,0,True
3,4,Animal_Fixer,Animal,Fixer,8324,13,party,False,5,129.3471309583494,0.0,0,True
3,4,Ultimate_Fixer,Ultimate,Fixer,433,45,enemy,True,5,510.86472674427006,367.3112414771224,0,False
3,4,Golden_Striker,Golden,Striker,360,46,enemy,True,5,2113.3959064835426,0.0,0,False
3,4,Ultimate_Fixer,Ultimate,Fixer,2358,45,enemy,True,5,1033.2747855249263,0.0,0,False
3,5,Blackhole_Tactician,Blackhole,Tactician,2545,40,party,True,6,1083.239604919151,0.0,0,True
3,5,Ultimate_Fixer,Ultimate,Fixer,9964,42,party,True,6,463.6657446606699,0.0,0,False
3,5,Golden_Striker,Golden,Striker,12,42,party,True,6,2032.3279416232058,0.0,0,False
3,5,Dead_Bulwark,Dead,Bulwark,8141,33,enemy,False,6,0.0,0.0,0,True
3,5,Master_Fixer,Master,Fixer,5749,31,enemy,False,6,191.5476062309206,231.8328723303349,0,True
3,5,Dead_Tactician,Dead,Tactician,651,31,enemy,False,6,1059.4246760254664,0.0,0,True
3,6,Dead_Fixer,Dead,Fixer,4226,36,party,True,6,423.10979607186795,228.8413550986163,0,False
3,6,Master_Striker,Master,Striker,6762,36,party,True,6,2478.2296027558086,0.0,0,False
3,6,Dead_Fixer,Dead,Fixer,1488,36,party,True,6,436.3726523275274,2859.400886173316,0,True
3,6,Blackhole_Fixer,Blackhole,Fixer,5849,37,enemy,False,6,223.652208724498,1124.9906638602288,0,True
3,6,Blackhole_Fixer,Blackhole,Fixer,5449,36,enemy,False,6,228.84135509861628,217.19457013574663,0,True
3,6,Dead_Fixer,Dead,Fixer,5679,35,enemy,False,6,198.72020226944804,423.10979607186795,0,True
3,7,Industrial_Striker,Industrial,Striker,5148,25,party,True,8,0.0,0.0,0,True
3,7,Master_Bulwark,Master,Bulwark,7235,25,party,True,8,2459.116749644455,0.0,0,False
3,7,Bee_Bulwark,Bee,Bulwark,8763,25,party,True,8,945.7489354375203,0.0,0,True
3,7,Master_Bulwark,Master,Bulwark,6598,39,enemy,False,8,1216.163193456358,0.0,0,True
3,7,Master_Fixer,Master,Fixer,2987,36,enemy,False,8,675.0527412273377,395.65621831951773,0,True
3,7,Box_Tactician,Box,Tactician,5841,35,enemy,False,8,883.021151140274,0.0,0,True
3,8,Murder_Striker,Murder,Striker,9567,26,party,False,11,532.1309097958996,0.0,0,True
3,8,Game_Fixer,Game,Fixer,3011,25,party,False,11,723.3412256113241,253.65557835030535,0,True
3,8,Master_Fixer,Master,Fixer,6352,28,party,False,11,196.58870413851702,0.0,0,True
3,8,Game_Bulwark,Game,Bulwark,8189,14,enemy,True,11,1340.968934302619,0.0,0,False
3,8,Industrial_Tactician,Industrial,Tactician,700,13,enemy,True,11,527.34375,0.0,0,True
3,8,Industrial_Fixer,Industrial,Fixer,8867,12,enemy,True,11,334.89827856025045,919.9299297498412,0,False
3,9,Blackhole_Tactician,Blackhole,Tactician,3033,43,party,True,2,2229.51059340155,0.0,0,False
3,9,Blackhole_Tactician,Blackhole,Tactician,3575,40,party,True,2,1107.7135842051434,0.0,0,False
3,9,Blackhole_Bulwark,Blackhole,Bulwark,1891,43,party,True,2,507.2986848068774,0.0,0,False
3,9,Animal_Bulwark,Animal,Bulwark,2410,20,enemy,False,2,0.0,0.0,0,True
3,9,Food_Striker,Food,Striker,2257,23,enemy,False,2,0.0,0.0,0,True
3,9,Industrial_Tactician,Industrial,Tactician,3771,20,enemy,False,2,0.0,0.0,0,True
3,10,Blackhole_Fixer,Blackhole,Fixer,6282,35,party,False,6,0.0,0.0,0,True
3,10,Dead_Fixer,Dead,Fixer,6455,35,party,False,6,207.322734038944,1439.9696084872053,0,True
3,10,Blackhole_Tactician,Blackhole,Tactician,4407,39,party,False,6,2380.5539218284894,0.0,0,True
3,10,Blackhole_Fixer,Blackhole,Fixer,2680,44,enemy,True,6,714.2878138002882,585.8057359241665,0,False
3,10,Blackhole_Tactician,Blackhole,Tactician,7753,40,enemy,True,6,1083.3474724308458,0.0,0,True
3,10,Ultimate_Bulwark,Ultimate,Bulwark,19,40,enemy,True,6,1922.0814975754636,0.0,0,False
3,11,Blackhole_Tactician,Blackhole,Tactician,2683,43,party,True,3,2516.846412855246,0.0,0,False
3,11,Ultimate_Fixer,Ultimate,Fixer,416,41,party,True,3,224.87307805641808,621.3557716594305,0,False
3,11,Blackhole_Tactician,Blackhole,Tactician,3575,40,party,True,3,1506.2433797547403,0.0,0,False
3,11,Blackhole_Fixer,Blackhole,Fixer,5204,40,enemy,False,3,0.0,0.0,0,True
3,11,Blackhole_Fixer,Blackhole,Fixer,2680,44,enemy,False,3,0.0,224.87307805641808,0,True
3,11,Ultimate_Bulwark,Ultimate,Bulwark,8633,40,enemy,False,3,621.3557716594305,0.0,0,True
3,12,Industrial_Fixer,Industrial,Fixer,9449,21,party,False,8,343.492697447936,493.4602577593216,0,True
3,12,Food_Striker,Food,Striker,2151,24,party,False,8,1082.1699441846495,0.0,0,True
3,12,Industrial_Fixer,Industrial,Fixer,7540,20,party,False,8,169.33305108381856,0.0,0,True
3,12,Bee_Striker,Bee,Striker,5211,25,enemy,True,8,1056.4388797244546,0.0,0,False
3,12,Master_Bulwark,Master,Bulwark,2356,25,enemy,True,8,461.201156324821,0.0,0,True
3,12,Industrial_Fixer,Industrial,Fixer,3741,25,enemy,True,8,657.9470103457621,338.66610216763706,0,False
3,13,Master_Fixer,Master,Fixer,8222,24,party,True,5,166.26124970361323,251.95132140842705,0,False
3,13,Food_Striker,Food,Striker,9074,24,party,True,5,1032.1372179457712,0.0,0,False
3,13,Murder_Tactician,Murder,Tactician,1283,21,party,True,5,971.2747904155913,0.0,0,True
3,13,Golden_Striker,Golden,Striker,8000,46,enemy,False,5,0.0,0.0,0,True
3,13,Golden_Striker,Golden,Striker,9646,45,enemy,False,5,1006.639620321854,0.0,0,True
3,13,Ultimate_Fixer,Ultimate,Fixer,8288,45,enemy,False,5,251.95132140842705,0.0,0,True
3,14,Blackhole_Fixer,Blackhole,Fixer,5741,40,party,True,5,238.10090617738388,0.0,0,False
3,14,Blackhole_Tactician,Blackhole,Tactician,3033,43,party,True,5,1549.1700782809696,0.0,0,False
3,14,Blackhole_Fixer,Blackhole,Fixer,6096,44,party,True,5,722.6105187474618,0.0,0,False
3,14,Industrial_Tactician,Industrial,Tactician,382,28,enemy,False,5,0.0,0.0,0,True
3,14,Industrial_Tactician,Industrial,Tactician,2218,27,enemy,False,5,0.0,0.0,0,True
3,14,Box_Striker,Box,Striker,210,28,enemy,False,5,0.0,0.0,0,True
3,15,Animal_Fixer,Animal,Fixer,8971,28,party,True,3,401.634969871044,0.0,0,False
3,15,Industrial_Tactician,Industrial,Tactician,1790,26,party,True,3,1252.6985252648853,0.0,0,False
3,15,Master_Striker,Master,Striker,3790,27,party,True,3,531.6056078118958,0.0,0,False
3,15,Industrial_Tactician,Industrial,Tactician,6801,13,enemy,False,3,0.0,0.0,0,True
3,15,Animal_Tactician,Animal,Tactician,712,12,enemy,False,3,0.0,0.0,0,True
3,15,Food_Tactician,Food,Tactician,117,14,enemy,False,3,0.0,0.0,0,True
3,16,Box_Bulwark,Box,Bulwark,6500,16,party,False,3,0.0,0.0,0,True
3,16,Industrial_Fixer,Industrial,Fixer,8462,15,party,False,3,0.0,0.0,0,True
3,16,Game_Striker,Game,Striker,1099,16,party,False,3,0.0,0.0,0,True
3,16,Blackhole_Tactician,Blackhole,Tactician,7919,44,enemy,True,3,1132.6091327419406,0.0,0,False
3,16,Blackhole_Tactician,Blackhole,Tactician,7753,40,enemy,True,3,1098.2901961885125,0.0,0,False
3,16,Golden_Striker,Golden,Striker,2062,43,enemy,True,3,1005.1433772182176,0.0,0,False
3,17,Industrial_Fixer,Industrial,Fixer,1482,27,party,True,5,310.6739175922588,243.98159377327076,0,False
3,17,Murder_Striker,Murder,Striker,9271,25,party,True,5,1084.7285617513758,0.0,0,False
3,17,Murder_Tactician,Murder,Tactician,4988,27,party,True,5,1042.2791743962634,0.0,0,True
3,17,Golden_Striker,Golden,Striker,1965,45,enemy,False,5,0.0,0.0,0,True
3,17,Ultimate_Fixer,Ultimate,Fixer,433,45,enemy,False,5,243.98159377327076,0.0,0,True
3,17,Golden_Striker,Golden,Striker,1142,46,enemy,False,5,1053.2423160642559,0.0,0,True
3,18,Golden_Striker,Golden,Striker,2690,46,party,False,3,0.0,0.0,0,True
3,18,Golden_Striker,Golden,Striker,4113,47,party,False,3,0.0,0.0,0,True
3,18,Golden_Striker,Golden,Striker,5677,45,party,False,3,2058.317055638894,0.0,0,True
3,18,Blackhole_Tactician,Blackhole,Tactician,2711,34,enemy,True,3,1751.300549341452,0.0,0,False
3,18,Ultimate_Bulwark,Ultimate,Bulwark,5750,33,enemy,True,3,567.2176206231655,0.0,0,True
3,18,Dead_Tactician,Dead,Tactician,7571,32,enemy,True,3,2219.2014823388395,0.0,0,False
3,19,Box_Bulwark,Box,Bulwark,4266,31,party,False,3,0.0,0.0,0,True
3,19,Master_Striker,Master,Striker,2693,30,party,False,3,0.0,0.0,0,True
3,19,Box_Striker,Box,Striker,9381,31,party,False,3,0.0,0.0,0,True
3,19,Ultimate_Bulwark,Ultimate,Bulwark,2669,40,enemy,True,3,629.8095916820079,0.0,0,False
3,19,Blackhole_Tactician,Blackhole,Tactician,2545,40,enemy,True,3,3046.8123988056686,0.0,0,False
3,19,Blackhole_Fixer,Blackhole,Fixer,6096,44,enemy,True,3,238.25578557889668,0.0,0,False
3,20,Murder_Bulwark,Murder,Bulwark,8581,18,party,False,6,0.0,0.0,0,True
3,20,Food_Striker,Food,Striker,1080,19,party,False,6,449.70429144999326,0.0,0,True
3,20,Animal_Bulwark,Animal,Bulwark,8574,15,party,False,6,766.2835249042146,0.0,0,True
3,20,Golden_Striker,Golden,Striker,6017,46,enemy,True,6,1009.6032305877673,0.0,0,False
3,20,Golden_Striker,Golden,Striker,2869,45,enemy,True,6,2022.183666622991,0.0,0,False
3,20,Ultimate_Fixer,Ultimate,Fixer,8288,45,enemy,True,6,257.3891197122061,0.0,0,True
3,21,Dead_Fixer,Dead,Fixer,1214,35,party,True,26,2280.3552152446937,5447.013876415498,0,False
3,21,Dead_Fixer,Dead,Fixer,9245,36,party,True,26,231.32530120481928,1323.168599011704,0,True
3,21,Dead_Fixer,Dead,Fixer,5099,37,party,True,26,493.14716262298657,2437.267594107448,0,True
3,21,Animal_Fixer,Animal,Fixer,4045,13,enemy,False,26,0.0,0.0,0,True
3,21,Industrial_Fixer,Industrial,Fixer,5619,13,enemy,False,26,1044.4413978567518,1599.8642389820798,0,True
3,21,Animal_Tactician,Animal,Tactician,228,12,enemy,False,26,976.9168578086743,0.0,0,True
3,22,Murder_Bulwark,Murder,Bulwark,6230,16,party,False,5,0.0,0.0,0,True
3,22,Industrial_Fixer,Industrial,Fixer,373,18,party,False,5,155.22280002325311,0.0,0,True
3,22,Murder_Bulwark,Murder,Bulwark,3424,17,party,False,5,438.01527473061503,0.0,0,True
3,22,Industrial_Tactician,Industrial,Tactician,1076,25,enemy,True,5,882.3529411764705,0.0,0,True
3,22,Bee_Striker,Bee,Striker,1921,26,enemy,True,5,520.8171872174391,0.0,0,False
3,22,Box_Striker,Box,Striker,8048,27,enemy,True,5,564.2988847286865,0.0,0,False
3,23,Animal_Tactician,Animal,Tactician,4769,27,party,True,3,1112.184041237303,0.0,0,False
3,23,Master_Striker,Master,Striker,9330,26,party,True,3,516.2441582565056,0.0,0,False
3,23,Industrial_Tactician,Industrial,Tactician,1677,29,party,True,3,938.3636643603202,0.0,0,True
3,23,Box_Bulwark,Box,Bulwark,8785,26,enemy,False,3,0.0,0.0,0,True
3,23,Murder_Striker,Murder,Striker,1222,27,enemy,False,3,0.0,0.0,0,True
3,23,Master_Tactician,Master,Tactician,5275,25,enemy,False,3,1342.4640052674763,0.0,0,True
3,24,Master_Tactician,Master,Tactician,4363,24,party,True,3,1099.3161937086165,0.0,0,True
3,24,Murder_Fixer,Murder,Fixer,8043,21,party,True,3,187.07320231279644,0.0,0,False
3,24,Food_Bulwark,Food,Bulwark,9180,22,party,True,3,943.3238271237192,0.0,0,False
3,24,Box_Bulwark,Box,Bulwark,6799,19,enemy,False,3,0.0,0.0,0,True
3,24,Animal_Fixer,Animal,Fixer,1067,16,enemy,False,3,0.0,0.0,0,True
3,24,Bee_Tactician,Bee,Tactician,7223,18,enemy,False,3,620.874246895505,0.0,0,True
3,25,Industrial_Tactician,Industrial,Tactician,2830,14,party,False,4,0.0,0.0,0,True
3,25,Murder_Striker,Murder,Striker,6906,14,party,False,4,421.5569577892335,0.0,0,True
3,25,Animal_Tactician,Animal,Tactician,6347,14,party,False,4,582.3591263461387,0.0,0,True
3,25,Blackhole_Bulwark,Blackhole,Bulwark,8111,35,enemy,True,4,1562.4102407771666,0.0,0,False
3,25,Blackhole_Tactician,Blackhole,Tactician,7259,35,enemy,True,4,1049.0609285847113,0.0,0,True
3,25,Dead_Fixer,Dead,Fixer,147,35,enemy,True,4,225.8964414467913,421.5569577892335,0,True
3,26,Murder_Fixer,Murder,Fixer,2019,14,party,False,8,0.0,0.0,0,True
3,26,Murder_Fixer,Murder,Fixer,3753,14,party,False,8,0.0,0.0,0,True
3,26,Industrial_Tactician,Industrial,Tactician,5104,14,party,False,8,872.1194428860434,0.0,0,True
3,26,Game_Fixer,Game,Fixer,5378,20,enemy,True,8,516.844627978172,187.22449052693457,0,False
3,26,Animal_Tactician,Animal,Tactician,4358,24,enemy,True,8,757.4857292497879,0.0,0,True
3,26,Game_Fixer,Game,Fixer,1060,21,enemy,True,8,476.1250796589069,187.22449052693457,0,False
3,27,Murder_Striker,Murder,Striker,9191,24,party,False,5,0.0,0.0,0,True
3,27,Industrial_Fixer,Industrial,Fixer,5050,24,party,False,5,353.60969757144477,354.7873284700379,0,True
3,27,Food_Tactician,Food,Tactician,825,21,party,False,5,302.60746837570514,0.0,0,True
3,27,Blackhole_Tactician,Blackhole,Tactician,9493,31,enemy,True,5,2146.3294365186985,0.0,0,True
3,27,Master_Striker,Master,Striker,9850,34,enemy,True,5,585.3658536585366,0.0,0,False
3,27,Master_Striker,Master,Striker,9888,30,enemy,True,5,554.0503672372556,0.0,0,False
3,28,Animal_Tactician,Animal,Tactician,5176,17,party,True,3,630.5418719211823,0.0,0,True
3,28,Box_Tactician,Box,Tactician,7751,17,party,True,3,844.0155583442452,0.0,0,False
3,28,Food_Striker,Food,Striker,3026,18,party,True,3,462.1099270762,0.0,0,False
3,28,Industrial_Fixer,Industrial,Fixer,2270,12,enemy,False,3,0.0,0.0,0,True
3,28,Murder_Bulwark,Murder,Bulwark,9512,13,enemy,False,3,0.0,0.0,0,True
3,28,Industrial_Tactician,Industrial,Tactician,9473,13,enemy,False,3,531.496062992126,0.0,0,True
3,29,Box_Tactician,Box,Tactician,9769,14,party,False,3,0.0,0.0,0,True
3,29,Animal_Fixer,Animal,Fixer,7472,13,party,False,3,0.0,0.0,0,True
3,29,Game_Fixer,Game,Fixer,566,14,party,False,3,139.25333379622174,0.0,0,True
3,29,Blackhole_Tactician,Blackhole,Tactician,7919,44,enemy,True,3,1140.451134650144,0.0,0,False
3,29,Blackhole_Tactician,Blackhole,Tactician,2683,43,enemy,True,3,1508.809397521462,0.0,0,False
3,29,Blackhole_Bulwark,Blackhole,Bulwark,4343,40,enemy,True,3,0.0,0.0,0,False
3,30,Golden_Striker,Golden,Striker,6011,46,party,False,3,0.0,0.0,0,True
3,30,Golden_Striker,Golden,Striker,2022,46,party,False,3,0.0,0.0,0,True
3,30,Golden_Striker,Golden,Striker,2807,46,party,False,3,1040.0003913942023,0.0,0,True
3,30,Industrial_Tactician,Industrial,Tactician,815,31,enemy,True,3,1249.1711740319874,0.0,0,False
3,30,Blackhole_Bulwark,Blackhole,Bulwark,1635,33,enemy,True,3,1164.1650775690373,0.0,0,True
3,30,Master_Bulwark,Master,Bulwark,4659,33,enemy,True,3,1005.2304596525776,0.0,0,False
3,31,Blackhole_Tactician,Blackhole,Tactician,5910,36,party,True,6,1427.0169562664596,0.0,0,True
3,31,Blackhole_Fixer,Blackhole,Fixer,5849,37,party,True,6,448.32101839774367,1236.6,0,False
3,31,Dead_Fixer,Dead,Fixer,9657,38,party,True,6,865.8938377059183,488.95050802136006,0,False
3,31,Blackhole_Fixer,Blackhole,Fixer,4829,45,enemy,False,6,247.19198116174098,0.0,0,True
3,31,Golden_Striker,Golden,Striker,1895,46,enemy,False,6,1052.8498416874531,0.0,0,True
3,31,Ultimate_Fixer,Ultimate,Fixer,8060,46,enemy,False,6,241.75852685961908,0.0,0,True
3,32,Blackhole_Tactician,Blackhole,Tactician,7753,40,party,True,3,1544.0016125137397,0.0,0,False
3,32,Blackhole_Fixer,Blackhole,Fixer,2680,44,party,True,3,252.81690696104098,0.0,0,False
3,32,Blackhole_Tactician,Blackhole,Tactician,3575,40,party,True,3,2215.427168410287,0.0,0,True
3,32,Murder_Tactician,Murder,Tactician,598,15,enemy,False,3,0.0,0.0,0,True
3,32,Bee_Striker,Bee,Striker,4458,19,enemy,False,3,0.0,0.0,0,True
3,32,Industrial_Tactician,Industrial,Tactician,1803,15,enemy,False,3,674.2137353165716,0.0,0,True
3,33,Dead_Fixer,Dead,Fixer,6455,35,party,False,8,0.0,0.0,0,True
3,33,Master_Bulwark,Master,Bulwark,1787,36,party,False,8,1099.437827088618,0.0,0,True
3,33,Blackhole_Fixer,Blackhole,Fixer,5449,36,party,False,8,447.36192459938593,487.86937690904506,0,True
3,33,Ultimate_Fixer,Ultimate,Fixer,2358,45,enemy,True,8,732.9179223884742,447.36192459938593,0,False
3,33,Golden_Striker,Golden,Striker,6909,45,enemy,True,8,2976.2585157218364,0.0,0,False
3,33,Ultimate_Fixer,Ultimate,Fixer,8631,45,enemy,True,8,490.0970909588581,0.0,0,True
3,34,Dead_Fixer,Dead,Fixer,9883,26,party,True,8,531.7419482046289,0.0,0,False
3,34,Industrial_Fixer,Industrial,Fixer,9434,28,party,True,8,613.0266362216073,448.0131419115803,0,False
3,34,Box_Fixer,Box,Fixer,4409,27,party,True,8,383.69304556354916,0.0,0,True
3,34,Murder_Tactician,Murder,Tactician,7732,14,enemy,False,8,0.0,0.0,0,True
3,34,Industrial_Tactician,Industrial,Tactician,7257,12,enemy,False,8,0.0,0.0,0,True
3,34,Animal_Tactician,Animal,Tactician,2716,14,enemy,False,8,986.6489615637092,0.0,0,True
3,35,Blackhole_Fixer,Blackhole,Fixer,7602,32,party,False,6,817.286511975049,382.6879271070615,0,True
3,35,Dead_Tactician,Dead,Tactician,2630,33,party,False,6,1101.6269229780683,0.0,0,True
3,35,Blackhole_Fixer,Blackhole,Fixer,4244,33,party,False,6,202.3917071612623,0.0,0,True
3,35,Industrial_Fixer,Industrial,Fixer,8788,30,enemy,True,6,199.6255334870765,817.286511975049,0,False
3,35,Blackhole_Tactician,Blackhole,Tactician,2450,32,enemy,True,6,906.648829365903,0.0,0,True
3,35,Blackhole_Tactician,Blackhole,Tactician,2092,33,enemy,True,6,1750.8831005909346,0.0,0,False
3,36,Animal_Striker,Animal,Striker,120,18,party,False,3,0.0,0.0,0,True
3,36,Industrial_Tactician,Industrial,Tactician,6544,16,party,False,3,0.0,0.0,0,True
3,36,Animal_Striker,Animal,Striker,3694,17,party,False,3,0.0,0.0,0,True
3,36,Industrial_Tactician,Industrial,Tactician,2999,21,enemy,True,3,1324.7936205685628,0.0,0,False
3,36,Murder_Tactician,Murder,Tactician,7680,24,enemy,True,3,1617.9664115129526,0.0,0,False
3,36,Murder_Striker,Murder,Striker,2372,21,enemy,True,3,0.0,0.0,0,False
3,37,Blackhole_Fixer,Blackhole,Fixer,5741,40,party,True,6,480.7262951324853,0.0,0,True
3,37,Ultimate_Tactician,Ultimate,Tactician,2719,42,party,True,6,1736.2873132727768,0.0,0,False
3,37,Golden_Striker,Golden,Striker,8782,44,party,True,6,1003.693358018473,0.0,0,True
3,37,Animal_Bulwark,Animal,Bulwark,97,24,enemy,False,6,470.6032166730409,0.0,0,True
3,37,Game_Striker,Game,Striker,4823,24,enemy,False,6,2841.07523335795,0.0,0,True
3,37,Bee_Bulwark,Bee,Bulwark,1922,24,enemy,False,6,908.1153455611675,0.0,0,True
3,38,Golden_Striker,Golden,Striker,12,42,party,True,4,0.0,0.0,0,False
3,38,Ultimate_Bulwark,Ultimate,Bulwark,6883,41,party,True,4,2554.5230455885894,0.0,0,False
3,38,Ultimate_Bulwark,Ultimate,Bulwark,5143,42,party,True,4,522.5475312560366,0.0,0,True
3,38,Murder_Bulwark,Murder,Bulwark,4939,25,enemy,False,4,0.0,0.0,0,True
3,38,Bee_Striker,Bee,Striker,6691,26,enemy,False,4,506.8489101656304,0.0,0,True
3,38,Game_Fixer,Game,Fixer,1228,28,enemy,False,4,181.8181818181818,0.0,0,True
3,39,Bee_Tactician,Bee,Tactician,5051,13,party,False,3,0.0,0.0,0,True
3,39,Animal_Bulwark,Animal,Bulwark,4025,14,party,False,3,0.0,0.0,0,True
3,39,Animal_Fixer,Animal,Fixer,1154,12,party,False,3,97.7644826259433,0.0,0,True
3,39,Master_Fixer,Master,Fixer,8606,27,enemy,True,3,197.06355608088057,0.0,0,False
3,39,Murder_Fixer,Murder,Fixer,4857,27,enemy,True,3,401.634969871044,0.0,0,False
3,39,Murder_Bulwark,Murder,Bulwark,9598,26,enemy,True,3,730.6864624614259,0.0,0,False
3,40,Industrial_Tactician,Industrial,Tactician,1531,20,party,False,3,0.0,0.0,0,True
3,40,Master_Bulwark,Master,Bulwark,5703,22,party,False,3,0.0,0.0,0,True
3,40,Murder_Tactician,Murder,Tactician,2661,20,party,False,3,637.3883092742277,0.0,0,True
3,40,Dead_Tactician,Dead,Tactician,2630,33,enemy,True,3,2207.552877850685,0.0,0,True
3,40,Dead_Tactician,Dead,Tactician,7115,33,enemy,True,3,1532.4579203149328,0.0,0,False
3,40,Dead_Fixer,Dead,Fixer,3705,31,enemy,True,3,207.66732038110564,0.0,0,False
3,41,Dead_Tactician,Dead,Tactician,9875,30,party,False,3,0.0,0.0,0,True
3,41,Blackhole_Fixer,Blackhole,Fixer,8151,31,party,False,3,211.07518171385703,0.0,0,True
3,41,Master_Striker,Master,Striker,2693,30,party,False,3,0.0,0.0,0,True
3,41,Ultimate_Bulwark,Ultimate,Bulwark,19,40,enemy,True,3,0.0,0.0,0,False
3,41,Blackhole_Bulwark,Blackhole,Bulwark,4705,41,enemy,True,3,664.9519496024292,0.0,0,False
3,41,Blackhole_Tactician,Blackhole,Tactician,3575,40,enemy,True,3,1947.5318539125924,0.0,0,False
3,42,Animal_Tactician,Animal,Tactician,7497,20,party,False,6,0.0,0.0,0,True
3,42,Game_Fixer,Game,Fixer,7473,20,party,False,6,161.52184036115864,238.10090617738388,0,True
3,42,Murder_Tactician,Murder,Tactician,1283,21,party,False,6,692.6832069699252,0.0,0,True
3,42,Blackhole_Fixer,Blackhole,Fixer,5204,40,enemy,True,6,244.51071073729256,0.0,0,True
3,42,Ultimate_Fixer,Ultimate,Fixer,416,41,enemy,True,6,479.61137187043437,0.0,0,False
3,42,Ultimate_Bulwark,Ultimate,Bulwark,5143,42,enemy,True,6,1316.6363251030205,0.0,0,False
3,43,Industrial_Bulwark,Industrial,Bulwark,4727,14,party,False,4,318.9062298418654,0.0,0,True
3,43,Industrial_Fixer,Industrial,Fixer,8977,13,party,False,4,0.0,229.19437416366551,0,True
3,43,Industrial_Tactician,Industrial,Tactician,4235,14,party,False,4,549.9613322031963,0.0,0,True
3,43,Master_Bulwark,Master,Bulwark,6598,39,enemy,True,4,2579.5496923082264,0.0,0,False
3,43,Dead_Fixer,Dead,Fixer,6798,35,enemy,True,4,229.19437416366551,1761.9917753636855,0,False
3,43,Dead_Bulwark,Dead,Bulwark,5813,36,enemy,True,4,608.5305037481714,0.0,0,False
3,44,Industrial_Tactician,Industrial,Tactician,7297,13,party,False,3,0.0,0.0,0,True
3,44,Murder_Fixer,Murder,Fixer,9609,13,party,False,3,0.0,0.0,0,True
3,44,Industrial_Fixer,Industrial,Fixer,8370,13,party,False,3,117.9244369904142,0.0,0,True
3,44,Ultimate_Tactician,Ultimate,Tactician,2719,42,enemy,True,3,441.36605452032694,0.0,0,False
3,44,Ultimate_Fixer,Ultimate,Fixer,416,41,enemy,True,3,486.50425541051993,0.0,0,False
3,44,Blackhole_Fixer,Blackhole,Fixer,2680,44,enemy,True,3,504.4183480232308,0.0,0,False
3,45,Animal_Striker,Animal,Striker,4521,25,party,False,3,0.0,0.0,0,True
3,45,Industrial_Tactician,Industrial,Tactician,5448,26,party,False,3,0.0,0.0,0,True
3,45,Game_Bulwark,Game,Bulwark,3980,26,party,False,3,511.75073714982415,0.0,0,True
3,45,Blackhole_Tactician,Blackhole,Tactician,2683,43,enemy,True,3,1484.9204171013025,0.0,0,False
3,45,Blackhole_Fixer,Blackhole,Fixer,1901,40,enemy,True,3,243.408101348652,511.75073714982415,0,False
3,45,Blackhole_Tactician,Blackhole,Tactician,3575,40,enemy,True,3,1972.125181650924,0.0,0,False
3,46,Blackhole_Fixer,Blackhole,Fixer,2680,44,party,True,3,252.81690696104098,508.7823264207708,0,False
3,46,Blackhole_Tactician,Blackhole,Tactician,3575,40,party,True,3,1113.181074749098,0.0,0,False
3,46,Blackhole_Tactician,Blackhole,Tactician,7919,44,party,True,3,1596.9078116221524,0.0,0,False
3,46,Food_Tactician,Food,Tactician,9472,14,enemy,False,3,0.0,0.0,0,True
3,46,Industrial_Striker,Industrial,Striker,7596,14,enemy,False,3,0.0,0.0,0,True
3,46,Animal_Tactician,Animal,Tactician,1100,13,enemy,False,3,508.7823264207708,0.0,0,True
3,47,Golden_Striker,Golden,Striker,8782,44,party,False,8,9863.717085032931,0.0,0,True
3,47,Blackhole_Fixer,Blackhole,Fixer,5741,40,party,False,8,457.4162776499265,1199.013637706021,0,True
3,47,Blackhole_Bulwark,Blackhole,Bulwark,4705,41,party,False,8,656.0435024307219,0.0,0,True
3,47,Golden_Striker,Golden,Striker,2807,46,enemy,True,8,3113.0406111868333,0.0,0,False
3,47,Golden_Striker,Golden,Striker,2869,45,enemy,True,8,1972.7434170065865,0.0,0,True
3,47,Ultimate_Fixer,Ultimate,Fixer,433,45,enemy,True,8,1199.013637706021,882.4257957761092,0,False
3,48,Box_Bulwark,Box,Bulwark,7118,32,party,False,4,541.8442767713008,0.0,0,True
3,48,Master_Bulwark,Master,Bulwark,5508,32,party,False,4,521.3131468668445,0.0,0,True
3,48,Blackhole_Fixer,Blackhole,Fixer,4897,33,party,False,4,0.0,234.2427896421022,0,True
3,48,Ultimate_Bulwark,Ultimate,Bulwark,6883,41,enemy,True,4,1646.4284961864087,0.0,0,False
3,48,Ultimate_Bulwark,Ultimate,Bulwark,5143,42,enemy,True,4,651.9148622448367,0.0,0,False
3,48,Blackhole_Fixer,Blackhole,Fixer,5741,40,enemy,True,4,234.2427896421022,521.3131468668445,0,False
3,49,Bee_Tactician,Bee,Tactician,5791,20,party,False,5,0.0,0.0,0,True
3,49,Murder_Fixer,Murder,Fixer,8699,22,party,False,5,176.16585013421334,343.9533518576494,0,True
3,49,Dead_Fixer,Dead,Fixer,3461,24,party,False,5,167.18265252334876,0.0,0,True
3,49,Food_Bulwark,Food,Bulwark,7426,25,enemy,True,5,978.9527553471041,0.0,0,False
3,49,Box_Tactician,Box,Tactician,2925,26,enemy,True,5,1163.8590595825617,0.0,0,False
3,49,Master_Fixer,Master,Fixer,603,27,enemy,True,5,533.0865905644503,167.18265252334874,0,False
3,50,Golden_Striker,Golden,Striker,2807,46,party,True,5,1045.0538432474298,0.0,0,False
3,50,Golden_Striker,Golden,Striker,6011,46,party,True,5,1040.2031559228753,0.0,0,False
3,50,Golden_Striker,Golden,Striker,1895,46,party,True,5,1055.9253524226647,0.0,0,False
3,50,Animal_Striker,Animal,Striker,6225,29,enemy,False,5,0.0,0.0,0,True
3,50,Dead_Striker,Dead,Striker,4650,27,enemy,False,5,0.0,0.0,0,True
3,50,Murder_Fixer,Murder,Fixer,9536,25,enemy,False,5,177.74075231079752,0.0,0,True
3,51,Box_Fixer,Box,Fixer,457,24,party,False,7,0.0,0.0,0,True
3,51,Game_Fixer,Game,Fixer,9159,22,party,False,7,168.94288276334893,0.0,0,True
3,51,Industrial_Fixer,Industrial,Fixer,8429,23,party,False,7,307.9606080033411,363.27160689008247,0,True
3,51,Game_Fixer,Game,Fixer,3152,26,enemy,True,7,358.9867103620018,0.0,0,False
3,51,Industrial_Fixer,Industrial,Fixer,3381,27,enemy,True,7,549.8471580026762,320.9467767953364,0,False
3,51,Animal_Bulwark,Animal,Bulwark,9976,25,enemy,True,7,1897.209579718494,0.0,0,False
3,52,Animal_Fixer,Animal,Fixer,2473,14,party,False,3,0.0,0.0,0,True
3,52,Industrial_Tactician,Industrial,Tactician,3204,13,party,False,3,0.0,0.0,0,True
3,52,Game_Fixer,Game,Fixer,926,13,party,False,3,0.0,187.07320231279644,0,True
3,52,Master_Tactician,Master,Tactician,8419,26,enemy,True,3,828.6232675575206,0.0,0,False
3,52,Industrial_Fixer,Industrial,Fixer,4574,29,enemy,True,3,187.07320231279644,0.0,0,False
3,52,Box_Tactician,Box,Tactician,3933,29,enemy,True,3,1542.9928743416363,0.0,0,False
3,53,Ultimate_Bulwark,Ultimate,Bulwark,6883,41,party,True,4,2301.853283536658,0.0,0,False
3,53,Blackhole_Fixer,Blackhole,Fixer,2680,44,party,True,4,248.03549973719151,379.6275742616717,0,False
3,53,Golden_Striker,Golden,Striker,12,42,party,True,4,10251.116128147783,0.0,0,False
3,53,Master_Striker,Master,Striker,4344,26,enemy,False,4,0.0,0.0,0,True
3,53,Food_Striker,Food,Striker,4383,25,enemy,False,4,0.0,0.0,0,True
3,53,Food_Fixer,Food,Fixer,4514,25,enemy,False,4,379.6275742616717,0.0,0,True
3,54,Dead_Fixer,Dead,Fixer,1675,35,party,True,11,420.2086311569828,0.0,0,True
3,54,Dead_Striker,Dead,Striker,458,38,party,True,11,629.8095916820079,0.0,0,True
3,54,Blackhole_Fixer,Blackhole,Fixer,5449,36,party,True,11,925.5746004192736,1112.2096121080406,0,False
3,54,Dead_Striker,Dead,Striker,3313,27,enemy,False,11,0.0,0.0,0,True
3,54,Animal_Striker,Animal,Striker,3401,26,enemy,False,11,2546.970695777481,0.0,0,True
3,54,Bee_Bulwark,Bee,Bulwark,2288,28,enemy,False,11,942.1114395319916,0.0,0,True
3,55,Master_Bulwark,Master,Bulwark,1820,22,party,True,4,1168.3729308121078,0.0,0,False
3,55,Game_Fixer,Game,Fixer,4324,20,party,True,4,171.18223751194563,437.5866883561232,0,False
3,55,Animal_Tactician,Animal,Tactician,127,22,party,True,4,1030.1803091286697,0.0,0,False
3,55,Animal_Striker,Animal,Striker,33,17,enemy,False,4,0.0,0.0,0,True
3,55,Industrial_Bulwark,Industrial,Bulwark,7346,16,enemy,False,4,402.6470337517247,0.0,0,True
3,55,Game_Bulwark,Game,Bulwark,8768,17,enemy,False,4,437.5866883561232,0.0,0,True
3,56,Blackhole_Tactician,Blackhole,Tactician,7919,44,party,True,9,1529.142048676815,0.0,0,True
3,56,Ultimate_Fixer,Ultimate,Fixer,9964,42,party,True,9,448.0716052662528,963.6938102656422,0,False
3,56,Ultimate_Tactician,Ultimate,Tactician,2719,42,party,True,9,2075.3457529068173,0.0,0,False
3,56,Golden_Striker,Golden,Striker,2022,46,enemy,False,9,2044.5028472117876,0.0,0,True
3,56,Ultimate_Fixer,Ultimate,Fixer,2358,45,enemy,False,9,726.3546572282628,1285.5458613379199,0,True
3,56,Ultimate_Fixer,Ultimate,Fixer,8631,45,enemy,False,9,482.3876985168086,0.0,0,True
3,57,Animal_Fixer,Animal,Fixer,9319,12,party,True,6,0.0,0.0,0,True
3,57,Industrial_Tactician,Industrial,Tactician,7297,13,party,True,6,932.3657420028013,0.0,0,False
3,57,Animal_Tactician,Animal,Tactician,8120,14,party,True,6,838.7170833608577,0.0,0,True
3,57,Game_Fixer,Game,Fixer,1343,21,enemy,False,6,172.4196994698633,0.0,0,True
3,57,Box_Striker,Box,Striker,8211,20,enemy,False,6,463.02228626095064,0.0,0,True
3,57,Game_Fixer,Game,Fixer,1296,20,enemy,False,6,172.4196994698633,0.0,0,True
3,58,Box_Fixer,Box,Fixer,680,18,party,False,3,127.2565866803031,0.0,0,True
3,58,Food_Striker,Food,Striker,3600,15,party,False,3,0.0,0.0,0,True
3,58,Murder_Tactician,Murder,Tactician,3727,16,party,False,3,647.3963690861882,0.0,0,True
3,58,Bee_Bulwark,Bee,Bulwark,2423,18,enemy,True,3,0.0,0.0,0,True
3,58,Murder_Striker,Murder,Striker,2448,19,enemy,True,3,512.9469321526784,0.0,0,False
3,58,Game_Tactician,Game,Tactician,8192,15,enemy,True,3,1237.7273403279873,0.0,0,False
3,59,Murder_Bulwark,Murder,Bulwark,748,17,party,False,5,0.0,0.0,0,True
3,59,Food_Tactician,Food,Tactician,7388,16,party,False,5,262.29508196721315,0.0,0,True
3,59,Industrial_Bulwark,Industrial,Bulwark,4664,15,party,False,5,362.9153624417014,0.0,0,True
3,59,Master_Tactician,Master,Tactician,3518,33,enemy,True,5,1047.4496169788774,0.0,0,False
3,59,Dead_Fixer,Dead,Fixer,4668,34,enemy,True,5,460.43165467625903,362.9153624417014,0,True
3,59,Box_Bulwark,Box,Bulwark,3190,30,enemy,True,5,538.56691986742,0.0,0,False
3,60,Industrial_Fixer,Industrial,Fixer,2517,21,party,False,4,0.0,0.0,0,True
3,60,Industrial_Fixer,Industrial,Fixer,3986,23,party,False,4,0.0,0.0,0,True
3,60,Industrial_Tactician,Industrial,Tactician,6292,23,party,False,4,1149.044020802455,0.0,0,True
3,60,Dead_Tactician,Dead,Tactician,3391,33,enemy,True,4,1176.4705882352941,0.0,0,True
3,60,Blackhole_Bulwark,Blackhole,Bulwark,3380,30,enemy,True,4,572.2229533704908,0.0,0,False
3,60,Industrial_Tactician,Industrial,Tactician,2409,30,enemy,True,4,1238.2337723369083,0.0,0,False
3,61,Master_Tactician,Master,Tactician,7783,29,party,True,3,972.3694082278017,0.0,0,False
3,61,Bee_Tactician,Bee,Tactician,9882,28,party,True,3,1143.6298295151314,0.0,0,False
3,61,Dead_Fixer,Dead,Fixer,8316,27,party,True,3,383.9261751411038,0.0,0,False
3,61,Box_Tactician,Box,Tactician,7440,20,enemy,False,3,0.0,0.0,0,True
3,61,Dead_Fixer,Dead,Fixer,6043,24,enemy,False,3,0.0,0.0,0,True
3,61,Murder_Fixer,Murder,Fixer,9560,20,enemy,False,3,0.0,383.9261751411038,0,True
3,62,Industrial_Tactician,Industrial,Tactician,7297,13,party,True,6,1067.193675889328,0.0,0,True
3,62,Animal_Tactician,Animal,Tactician,8868,14,party,True,6,1348.2647761747305,0.0,0,False
3,62,Industrial_Fixer,Industrial,Fixer,8002,14,party,True,6,230.76923076923077,213.87385141235416,0,False
3,62,Industrial_Fixer,Industrial,Fixer,3067,13,enemy,False,6,0.0,0.0,0,True
3,62,Bee_Fixer,Bee,Fixer,473,13,enemy,False,6,0.0,0.0,0,True
3,62,Industrial_Tactician,Industrial,Tactician,7659,14,enemy,False,6,1342.1394189649968,0.0,0,True
3,63,Dead_Fixer,Dead,Fixer,813,32,party,False,6,421.1412955799254,0.0,0,True
3,63,Blackhole_Fixer,Blackhole,Fixer,9351,31,party,False,6,439.86773736419457,0.0,0,True
3,63,Blackhole_Bulwark,Blackhole,Bulwark,2369,31,party,False,6,581.9592628516004,0.0,0,True
3,63,Master_Bulwark,Master,Bulwark,1787,36,enemy,True,6,782.8870586692207,0.0,0,False
3,63,Blackhole_Fixer,Blackhole,Fixer,5745,35,enemy,True,6,0.0,211.29425826346773,0,True
3,63,Dead_Bulwark,Dead,Bulwark,8083,38,enemy,True,6,1195.2354898189833,0.0,0,False
3,64,Golden_Striker,Golden,Striker,5485,45,party,True,6,0.0,0.0,0,True
3,64,Golden_Striker,Golden,Striker,1052,48,party,True,6,3077.6141053445294,0.0,0,False
3,64,Golden_Striker,Golden,Striker,1965,45,party,True,6,1956.2675326281624,0.0,0,False
3,64,Blackhole_Tactician,Blackhole,Tactician,2545,40,enemy,False,6,2160.253694867502,0.0,0,True
3,64,Blackhole_Fixer,Blackhole,Fixer,2680,44,enemy,False,6,238.45230997461817,0.0,0,True
3,64,Dead_Fixer,Dead,Fixer,4247,41,enemy,False,6,472.94442209308863,0.0,0,True
3,65,Box_Tactician,Box,Tactician,7563,21,party,False,3,0.0,0.0,0,True
3,65,Master_Striker,Master,Striker,8152,24,party,False,3,0.0,0.0,0,True
3,65,Master_Bulwark,Master,Bulwark,6765,23,party,False,3,895.0343154210625,0.0,0,True
3,65,Bee_Striker,Bee,Striker,9251,25,enemy,True,3,541.6113193414417,0.0,0,False
3,65,Box_Tactician,Box,Tactician,9429,26,enemy,True,3,783.5455435847209,0.0,0,True
3,65,Industrial_Striker,Industrial,Striker,4756,27,enemy,True,3,1068.726941473495,0.0,0,False
3,66,Dead_Fixer,Dead,Fixer,6453,37,party,False,9,439.8769721717771,1788.961792936349,0,True
3,66,Dead_Fixer,Dead,Fixer,2632,35,party,False,9,591.9910354928084,2118.0676684731657,0,True
3,66,Dead_Striker,Dead,Striker,5008,36,party,False,9,614.503285742116,0.0,0,True
3,66,Dead_Fixer,Dead,Fixer,9245,36,enemy,True,9,875.2259380919179,3283.869850982558,0,True
3,66,Master_Bulwark,Master,Bulwark,64,36,enemy,True,9,552.3617929363489,0.0,0,True
3,66,Dead_Striker,Dead,Striker,6197,37,enemy,True,9,4367.460367636404,0.0,0,False
3,67,Golden_Striker,Golden,Striker,2062,43,party,True,3,19965.041811934818,0.0,0,False
3,67,Blackhole_Fixer,Blackhole,Fixer,5204,40,party,True,3,243.34913966490637,0.0,0,False
3,67,Blackhole_Bulwark,Blackhole,Bulwark,4705,41,party,True,3,2419.1166764624536,0.0,0,False
3,67,Game_Tactician,Game,Tactician,3064,20,enemy,False,3,0.0,0.0,0,True
3,67,Industrial_Fixer,Industrial,Fixer,6222,21,enemy,False,3,154.6292733346436,0.0,0,True
3,67,Box_Striker,Box,Striker,6549,23,enemy,False,3,488.88010676824393,0.0,0,True
3,68,Ultimate_Fixer,Ultimate,Fixer,433,45,party,True,3,511.47948574155555,0.0,0,True
3,68,Golden_Striker,Golden,Striker,1895,46,party,True,3,1062.1305944545315,0.0,0,False
3,68,Golden_Striker,Golden,Striker,5136,46,party,True,3,2084.4735773625557,0.0,0,False
3,68,Box_Striker,Box,Striker,1608,16,enemy,False,3,0.0,0.0,0,True
3,68,Game_Bulwark,Game,Bulwark,7025,17,enemy,False,3,394.5555622600632,0.0,0,True
3,68,Industrial_Bulwark,Industrial,Bulwark,7365,16,enemy,False,3,370.620415905016,0.0,0,True
3,69,Master_Tactician,Master,Tactician,8443,36,party,True,3,1074.9803389971908,0.0,0,False
3,69,Master_Striker,Master,Striker,4738,35,party,True,3,621.883512324165,0.0,0,False
3,69,Blackhole_Fixer,Blackhole,Fixer,9339,36,party,True,3,238.47247726580997,0.0,0,False
3,69,Food_Bulwark,Food,Bulwark,8549,19,enemy,False,3,0.0,0.0,0,True
3,69,Animal_Bulwark,Animal,Bulwark,3733,16,enemy,False,3,0.0,0.0,0,True
3,69,Murder_Striker,Murder,Striker,9949,18,enemy,False,3,0.0,0.0,0,True
3,70,Animal_Fixer,Animal,Fixer,7135,14,party,False,6,126.83209574875072,246.27400913203263,0,True
3,70,Industrial_Bulwark,Industrial,Bulwark,8010,14,party,False,6,383.5091083413231,0.0,0,True
3,70,Industrial_Tactician,Industrial,Tactician,3302,14,party,False,6,622.2427896294516,0.0,0,True
3,70,Ultimate_Bulwark,Ultimate,Bulwark,19,40,enemy,True,6,655.4594447342688,0.0,0,False
3,70,Blackhole_Bulwark,Blackhole,Bulwark,4705,41,enemy,True,6,1350.2057229673965,0.0,0,False
3,70,Blackhole_Fixer,Blackhole,Fixer,6096,44,enemy,True,6,246.27400913203263,0.0,0,True
3,71,Industrial_Fixer,Industrial,Fixer,1322,17,party,False,6,0.0,0.0,0,True
3,71,Game_Fixer,Game,Fixer,1272,18,party,False,6,308.6339284417829,0.0,0,True
3,71,Animal_Bulwark,Animal,Bulwark,7535,17,party,False,6,422.7836026712584,0.0,0,True
3,71,Industrial_Bulwark,Industrial,Bulwark,368,26,enemy,True,6,507.9327881433658,0.0,0,False
3,71,Game_Bulwark,Game,Bulwark,6582,26,enemy,True,6,919.2442742079154,0.0,0,False
3,71,Master_Tactician,Master,Tactician,6016,29,enemy,True,6,1132.873588184107,0.0,0,True
3,72,Game_Tactician,Game,Tactician,7166,15,party,False,8,739.0806178101654,0.0,0,True
3,72,Industrial_Fixer,Industrial,Fixer,3273,16,party,False,8,263.7372010433757,237.33959138806264,0,True
3,72,Animal_Striker,Animal,Striker,8263,18,party,False,8,441.05637102558615,0.0,0,True
3,72,Dead_Striker,Dead,Striker,458,38,enemy,True,8,635.9902549958646,0.0,0,False
3,72,Master_Fixer,Master,Fixer,2100,39,enemy,True,8,237.33959138806264,548.604427333975,0,True
3,72,Master_Striker,Master,Striker,8656,36,enemy,True,8,1203.9117307374036,0.0,0,False
3,73,Industrial_Bulwark,Industrial,Bulwark,2329,17,party,False,4,0.0,0.0,0,True
3,73,Industrial_Fixer,Industrial,Fixer,8462,15,party,False,4,227.48815165876778,0.0,0,True
3,73,Industrial_Bulwark,Industrial,Bulwark,649,18,party,False,4,1319.5865669314348,0.0,0,True
3,73,Murder_Bulwark,Murder,Bulwark,3687,21,enemy,True,4,1448.1151465583978,0.0,0,False
3,73,Game_Tactician,Game,Tactician,6706,20,enemy,True,4,978.8413743155213,0.0,0,True
3,73,Game_Bulwark,Game,Bulwark,3072,20,enemy,True,4,881.2090551723309,0.0,0,True
3,74,Ultimate_Bulwark,Ultimate,Bulwark,8633,40,party,True,5,620.7606032957721,0.0,0,True
3,74,Ultimate_Bulwark,Ultimate,Bulwark,383,43,party,True,5,1788.6049290525514,0.0,0,True
3,74,Ultimate_Fixer,Ultimate,Fixer,416,41,party,True,5,683.2235487259226,621.3557716594305,0,False
3,74,Blackhole_Fixer,Blackhole,Fixer,1901,40,enemy,False,5,0.0,0.0,0,True
3,74,Blackhole_Bulwark,Blackhole,Bulwark,1891,43,enemy,False,5,2609.694240969608,0.0,0,True
3,74,Blackhole_Bulwark,Blackhole,Bulwark,4343,40,enemy,False,5,651.5206515970478,0.0,0,True
3,75,Ultimate_Bulwark,Ultimate,Bulwark,5143,42,party,True,3,649.3905065343049,0.0,0,False
3,75,Ultimate_Bulwark,Ultimate,Bulwark,383,43,party,True,3,513.707615156693,0.0,0,True
3,75,Blackhole_Bulwark,Blackhole,Bulwark,6022,40,party,True,3,1429.8905890505175,0.0,0,False
3,75,Blackhole_Tactician,Blackhole,Tactician,4211,39,enemy,False,3,1017.8807859326249,0.0,0,True
3,75,Master_Striker,Master,Striker,5951,36,enemy,False,3,592.7321156700939,0.0,0,True
3,75,Dead_Striker,Dead,Striker,2416,36,enemy,False,3,0.0,0.0,0,True
3,76,Ultimate_Fixer,Ultimate,Fixer,433,45,party,True,6,738.7377723297409,542.8842849800749,0,False
3,76,Golden_Striker,Golden,Striker,1965,45,party,True,6,992.4200433293793,0.0,0,False
3,76,Golden_Striker,Golden,Striker,10,46,party,True,6,3105.466726841358,0.0,0,False
3,76,Box_Striker,Box,Striker,9381,31,enemy,False,6,542.8842849800749,0.0,0,True
3,76,Box_Fixer,Box,Fixer,8138,31,enemy,False,6,0.0,246.24592410991363,0,True
3,76,Dead_Fixer,Dead,Fixer,1977,33,enemy,False,6,196.0528170040863,0.0,0,True
3,77,Industrial_Fixer,Industrial,Fixer,4538,23,party,False,9,670.7702917305575,0.0,0,True
3,77,Game_Fixer,Game,Fixer,9546,21,party,False,9,521.9952678435614,0.0,0,True
3,77,Industrial_Tactician,Industrial,Tactician,6514,23,party,False,9,1132.1575216428023,0.0,0,True
3,77,Golden_Striker,Golden,Striker,5677,45,enemy,True,9,0.0,0.0,0,True
3,77,Golden_Striker,Golden,Striker,1680,47,enemy,True,9,1010.5949822877552,0.0,0,True
3,77,Golden_Striker,Golden,Striker,6017,46,enemy,True,9,3033.7723509582265,0.0,0,False
3,78,Box_Bulwark,Box,Bulwark,9314,17,party,False,5,0.0,0.0,0,True
3,78,Food_Fixer,Food,Fixer,9362,16,party,False,5,152.74463007159906,0.0,0,True
3,78,Bee_Striker,Bee,Striker,1757,18,party,False,5,450.1547833944833,0.0,0,True
3,78,Industrial_Tactician,Industrial,Tactician,9719,20,enemy,True,5,1088.7693782928895,0.0,0,True
3,78,Industrial_Fixer,Industrial,Fixer,796,22,enemy,True,5,334.49776581826666,152.74463007159903,0,False
3,78,Box_Striker,Box,Striker,9582,21,enemy,True,5,481.235705851312,0.0,0,False
3,79,Animal_Fixer,Animal,Fixer,7369,20,party,False,3,0.0,0.0,0,True
3,79,Animal_Fixer,Animal,Fixer,2861,22,party,False,3,0.0,0.0,0,True
3,79,Bee_Fixer,Bee,Fixer,3269,20,party,False,3,78.71600800976385,0.0,0,True
3,79,Blackhole_Tactician,Blackhole,Tactician,7753,40,enemy,True,3,1955.7782027792407,0.0,0,False
3,79,Ultimate_Fixer,Ultimate,Fixer,416,41,enemy,True,3,478.45335756684705,0.0,0,False
3,79,Golden_Striker,Golden,Striker,8782,44,enemy,True,3,0.0,0.0,0,False
3,80,Master_Fixer,Master,Fixer,6325,36,party,False,11,0.0,0.0,0,True
3,80,Master_Bulwark,Master,Bulwark,1319,35,party,False,11,550.2454642277805,0.0,0,True
3,80,Dead_Tactician,Dead,Tactician,2929,37,party,False,11,2329.6697725636045,0.0,0,True
3,80,Blackhole_Fixer,Blackhole,Fixer,5204,40,enemy,True,11,934.582074853183,763.7549365396867,0,False
3,80,Blackhole_Fixer,Blackhole,Fixer,1901,40,enemy,True,11,468.1347682822833,0.0,0,True
3,80,Ultimate_Bulwark,Ultimate,Bulwark,5143,42,enemy,True,11,2319.8399766568427,0.0,0,True
3,81,Dead_Fixer,Dead,Fixer,8664,35,party,False,10,646.8673573916891,0.0,0,True
3,81,Dead_Striker,Dead,Striker,1763,35,party,False,10,614.503285742116,0.0,0,True
3,81,Dead_Striker,Dead,Striker,821,38,party,False,10,621.3557716594305,0.0,0,True
3,81,Golden_Striker,Golden,Striker,8000,46,enemy,True,10,0.0,0.0,0,True
3,81,Golden_Striker,Golden,Striker,4113,47,enemy,True,10,3116.986680294507,0.0,0,False
3,81,Golden_Striker,Golden,Striker,6011,46,enemy,True,10,1029.158527819447,0.0,0,True
3,82,Master_Fixer,Master,Fixer,8323,30,party,False,3,0.0,0.0,0,True
3,82,Box_Striker,Box,Striker,9381,31,party,False,3,0.0,0.0,0,True
3,82,Blackhole_Fixer,Blackhole,Fixer,1453,33,party,False,3,444.44444444444446,0.0,0,True
3,82,Dead_Tactician,Dead,Tactician,1866,32,enemy,True,3,1099.4857627779165,0.0,0,False
3,82,Industrial_Tactician,Industrial,Tactician,2162,30,enemy,True,3,1653.094598094699,0.0,0,False
3,82,Box_Striker,Box,Striker,9111,30,enemy,True,3,0.0,0.0,0,False
3,83,Golden_Striker,Golden,Striker,2690,46,party,True,6,1033.147514361383,0.0,0,False
3,83,Ultimate_Fixer,Ultimate,Fixer,2358,45,party,True,6,247.3070574193316,0.0,0,True
3,83,Golden_Striker,Golden,Striker,1965,45,party,True,6,2963.8026312327324,0.0,0,False
3,83,Dead_Fixer,Dead,Fixer,3705,31,enemy,False,6,198.27060905164385,0.0,0,True
3,83,Blackhole_Tactician,Blackhole,Tactician,9880,31,enemy,False,6,876.0555188639863,0.0,0,True
3,83,Blackhole_Fixer,Blackhole,Fixer,9121,33,enemy,False,6,204.7730045065115,247.3070574193316,0,True
3,84,Dead_Fixer,Dead,Fixer,9350,35,party,False,6,424.05132466010116,202.46415864836445,0,True
3,84,Dead_Fixer,Dead,Fixer,6453,37,party,False,6,221.19815668202764,1181.9734040145297,0,True
3,84,Dead_Bulwark,Dead,Bulwark,2418,36,party,False,6,233.46303501945525,0.0,0,True
3,84,Master_Fixer,Master,Fixer,8966,31,enemy,True,6,0.0,0.0,0,True
3,84,Blackhole_Tactician,Blackhole,Tactician,4170,32,enemy,True,6,1720.864692184799,0.0,0,False
3,84,Blackhole_Fixer,Blackhole,Fixer,7602,32,enemy,True,6,608.3148639116006,212.27021326699412,0,False
3,85,Industrial_Fixer,Industrial,Fixer,2786,13,party,False,2,0.0,0.0,0,True
3,85,Industrial_Tactician,Industrial,Tactician,8036,12,party,False,2,0.0,0.0,0,True
3,85,Game_Bulwark,Game,Bulwark,9833,14,party,False,2,0.0,0.0,0,True
3,85,Dead_Tactician,Dead,Tactician,3948,36,enemy,True,2,2302.448921952735,0.0,0,False
3,85,Dead_Tactician,Dead,Tactician,923,36,enemy,True,2,1154.6439395733269,0.0,0,False
3,85,Dead_Fixer,Dead,Fixer,6519,35,enemy,True,2,421.3250442347432,0.0,0,False
3,86,Murder_Fixer,Murder,Fixer,8713,21,party,False,3,0.0,0.0,0,True
3,86,Animal_Striker,Animal,Striker,1894,24,party,False,3,0.0,0.0,0,True
3,86,Food_Striker,Food,Striker,3559,23,party,False,3,0.0,0.0,0,True
3,86,Master_Tactician,Master,Tactician,1315,35,enemy,True,3,1074.22987356874,0.0,0,False
3,86,Dead_Bulwark,Dead,Bulwark,6972,36,enemy,True,3,595.7651841624114,0.0,0,False
3,86,Dead_Fixer,Dead,Fixer,1488,36,enemy,True,3,227.48815165876778,0.0,0,False
3,87,Dead_Fixer,Dead,Fixer,3583,37,party,True,6,455.0856899403201,1708.6404211675972,0,False
3,87,Dead_Striker,Dead,Striker,7392,36,party,True,6,1251.1484313228011,0.0,0,False
3,87,Dead_Fixer,Dead,Fixer,4129,35,party,True,6,230.21582733812951,0.0,0,True
3,87,Industrial_Fixer,Industrial,Fixer,9270,13,enemy,False,6,0.0,0.0,0,True
3,87,Industrial_Tactician,Industrial,Tactician,1153,13,enemy,False,6,578.4810680852441,0.0,0,True
3,87,Industrial_Tactician,Industrial,Tactician,9412,13,enemy,False,6,670.8193170200224,0.0,0,True
3,88,Blackhole_Fixer,Blackhole,Fixer,5741,40,party,False,3,234.78627639301195,0.0,0,True
3,88,Ultimate_Tactician,Ultimate,Tactician,2719,42,party,False,3,425.01916361216666,0.0,0,True
3,88,Ultimate_Fixer,Ultimate,Fixer,9964,42,party,False,3,231.83287233033494,0.0,0,True
3,88,Murder_Tactician,Murder,Tactician,3035,30,enemy,True,3,1172.7440043636784,0.0,0,False
3,88,Industrial_Tactician,Industrial,Tactician,4782,33,enemy,True,3,1326.1117346647711,0.0,0,False
3,88,Master_Striker,Master,Striker,7932,33,enemy,True,3,0.0,0.0,0,False
3,89,Golden_Striker,Golden,Striker,5136,46,party,False,3,0.0,0.0,0,True
3,89,Ultimate_Fixer,Ultimate,Fixer,8288,45,party,False,3,0.0,637.1997675995005,0,True
3,89,Golden_Striker,Golden,Striker,2807,46,party,False,3,0.0,0.0,0,True
3,89,Blackhole_Bulwark,Blackhole,Bulwark,4343,40,enemy,True,3,651.5206515970478,0.0,0,False
3,89,Blackhole_Tactician,Blackhole,Tactician,2683,43,enemy,True,3,1449.2019004808335,0.0,0,False
3,89,Ultimate_Bulwark,Ultimate,Bulwark,383,43,enemy,True,3,1145.9820940202712,0.0,0,False
3,90,Golden_Striker,Golden,Striker,2062,43,party,True,4,59718.7958578199,0.0,0,False
3,90,Ultimate_Bulwark,Ultimate,Bulwark,4051,40,party,True,4,622.5495387519559,0.0,0,True
3,90,Blackhole_Tactician,Blackhole,Tactician,7919,44,party,True,4,2640.2647012153116,0.0,0,False
3,90,Golden_Striker,Golden,Striker,5136,46,enemy,False,4,2048.430806572425,0.0,0,True
3,90,Ultimate_Fixer,Ultimate,Fixer,8631,45,enemy,False,4,245.60929729974808,0.0,0,True
3,90,Golden_Striker,Golden,Striker,6017,46,enemy,False,4,0.0,0.0,0,True
3,91,Blackhole_Striker,Blackhole,Striker,773,30,party,False,6,599.8779615678718,0.0,0,True
3,91,Ultimate_Bulwark,Ultimate,Bulwark,6257,32,party,False,6,233.60630930304507,0.0,0,True
3,91,Blackhole_Tactician,Blackhole,Tactician,4170,32,party,False,6,992.8268145379416,0.0,0,True
3,91,Industrial_Striker,Industrial,Striker,8625,14,enemy,True,6,0.0,0.0,0,True
3,91,Game_Tactician,Game,Tactician,5593,14,enemy,True,6,896.9661660316294,0.0,0,True
3,91,Industrial_Tactician,Industrial,Tactician,9584,14,enemy,True,6,1009.6718938800863,0.0,0,False
3,92,Blackhole_Fixer,Blackhole,Fixer,3784,33,party,True,6,446.4965874037446,0.0,0,False
3,92,Blackhole_Striker,Blackhole,Striker,590,31,party,True,6,1195.6292872983327,0.0,0,False
3,92,Dead_Tactician,Dead,Tactician,5747,33,party,True,6,1075.0197399512583,0.0,0,True
3,92,Game_Tactician,Game,Tactician,5056,21,enemy,False,6,0.0,0.0,0,True
3,92,Animal_Fixer,Animal,Fixer,8862,20,enemy,False,6,157.1348402636772,446.4965874037446,0,True
3,92,Industrial_Tactician,Industrial,Tactician,4229,20,enemy,False,6,1519.0741719986859,0.0,0,True
3,93,Dead_Tactician,Dead,Tactician,7623,37,party,True,3,1169.5906432748538,0.0,0,True
3,93,Dead_Bulwark,Dead,Bulwark,7643,37,party,True,3,1091.3588735065164,0.0,0,False
3,93,Master_Striker,Master,Striker,5951,36,party,True,3,2154.552467057118,0.0,0,False
3,93,Blackhole_Striker,Blackhole,Striker,1057,30,enemy,False,3,0.0,0.0,0,True
3,93,Game_Fixer,Game,Fixer,8761,30,enemy,False,3,0.0,0.0,0,True
3,93,Dead_Tactician,Dead,Tactician,2602,33,enemy,False,3,1106.8521476951887,0.0,0,True
3,94,Golden_Striker,Golden,Striker,1706,46,party,True,9,4007.931336879381,0.0,0,False
3,94,Ultimate_Fixer,Ultimate,Fixer,8288,45,party,True,9,751.2240037567096,894.6353458481813,0,False
3,94,Blackhole_Fixer,Blackhole,Fixer,4829,45,party,True,9,759.5250734758456,0.0,0,False
3,94,Industrial_Fixer,Industrial,Fixer,3693,27,enemy,False,9,0.0,498.4954795611875,0,True
3,94,Box_Striker,Box,Striker,4016,25,enemy,False,9,524.6384650432626,0.0,0,True
3,94,Box_Fixer,Box,Fixer,6588,27,enemy,False,9,550.8933602228445,1012.2535976713677,0,True
3,95,Animal_Striker,Animal,Striker,3893,14,party,False,8,394.5555622600632,0.0,0,True
3,95,Murder_Fixer,Murder,Fixer,7064,12,party,False,8,324.35414176703136,256.3574717182917,0,True
3,95,Murder_Tactician,Murder,Tactician,3406,13,party,False,8,777.897214906952,0.0,0,True
3,95,Ultimate_Fixer,Ultimate,Fixer,433,45,enemy,True,8,256.3574717182917,552.0461283007065,0,True
3,95,Golden_Striker,Golden,Striker,6909,45,enemy,True,8,1015.5831115191854,0.0,0,False
3,95,Golden_Striker,Golden,Striker,2869,45,enemy,True,8,2038.2209043467265,0.0,0,False
3,96,Dead_Fixer,Dead,Fixer,5033,26,party,False,6,526.7732565652415,0.0,0,True
3,96,Food_Fixer,Food,Fixer,5958,25,party,False,6,186.69178997136052,0.0,0,True
3,96,Box_Fixer,Box,Fixer,8563,27,party,False,6,183.06636155606407,0.0,0,True
3,96,Golden_Striker,Golden,Striker,2062,43,enemy,True,6,19926.009472126538,0.0,0,True
3,96,Ultimate_Bulwark,Ultimate,Bulwark,383,43,enemy,True,6,1682.2031652471153,0.0,0,False
3,96,Golden_Striker,Golden,Striker,8782,44,enemy,True,6,0.0,0.0,0,False
3,97,Blackhole_Bulwark,Blackhole,Bulwark,4343,40,party,True,3,0.0,0.0,0,False
3,97,Blackhole_Tactician,Blackhole,Tactician,7753,40,party,True,3,1517.520504113927,0.0,0,False
3,97,Blackhole_Tactician,Blackhole,Tactician,3575,40,party,True,3,1542.6147601024586,0.0,0,False
3,97,Master_Bulwark,Master,Bulwark,8796,23,enemy,False,3,0.0,0.0,0,True
3,97,Box_Tactician,Box,Tactician,8444,20,enemy,False,3,0.0,0.0,0,True
3,97,Game_Fixer,Game,Fixer,9556,21,enemy,False,3,144.79638009049773,0.0,0,True
3,98,Food_Bulwark,Food,Bulwark,1190,18,party,True,4,828.6407592029854,0.0,0,True
3,98,Industrial_Bulwark,Industrial,Bulwark,9438,19,party,True,4,1483.866299245573,0.0,0,False
3,98,Animal_Striker,Animal,Striker,7998,15,party,True,4,1047.9056330993076,0.0,0,False
3,98,Murder_Fixer,Murder,Fixer,3081,24,enemy,False,4,179.108955029057,0.0,0,True
3,98,Game_Bulwark,Game,Bulwark,3044,22,enemy,False,4,0.0,0.0,0,True
3,98,Master_Striker,Master,Striker,1556,24,enemy,False,4,499.41425206589463,0.0,0,True
3,99,Box_Fixer,Box,Fixer,7883,20,party,False,6,170.91191403098702,193.32775406986863,0,True
3,99,Industrial_Bulwark,Industrial,Bulwark,348,20,party,False,6,401.4708496219728,0.0,0,True
3,99,Animal_Bulwark,Animal,Bulwark,9935,22,party,False,6,608.7948789536575,0.0,0,True
3,99,Box_Fixer,Box,Fixer,4641,28,enemy,True,6,193.32775406986863,0.0,0,True
3,99,Animal_Striker,Animal,Striker,3036,26,enemy,True,6,1858.2831968065227,0.0,0,False
3,99,Game_Bulwark,Game,Bulwark,7013,27,enemy,True,6,2056.54815318291,0.0,0,False
3,100,Animal_Fixer,Animal,Fixer,4002,25,party,True,6,362.10741306267374,389.48393378773125,0,False
3,100,Master_Striker,Master,Striker,4536,25,party,True,6,1011.2108664021794,0.0,0,False
3,100,Bee_Bulwark,Bee,Bulwark,6627,25,party,True,6,193.44440219413056,0.0,0,True
3,100,Animal_Striker,Animal,Striker,9234,14,enemy,False,6,0.0,0.0,0,True
3,100,Industrial_Striker,Industrial,Striker,3688,14,enemy,False,6,778.2108531268955,0.0,0,True
3,100,Bee_Striker,Bee,Striker,8528,13,enemy,False,6,400.69053698908266,0.0,0,True
3,101,Murder_Tactician,Murder,Tactician,7732,14,party,True,2,497.50680985933207,0.0,0,False
3,101,Bee_Tactician,Bee,Tactician,8894,12,party,True,2,442.04322200392926,0.0,0,False
3,101,Animal_Tactician,Animal,Tactician,3796,14,party,True,2,564.4698670002331,0.0,0,False
3,101,Game_Fixer,Game,Fixer,9418,19,enemy,False,2,162.78717264726274,0.0,0,True
3,101,Food_Striker,Food,Striker,909,18,enemy,False,2,0.0,0.0,0,True
3,101,Game_Bulwark,Game,Bulwark,2152,16,enemy,False,2,0.0,0.0,0,True
3,102,Dead_Bulwark,Dead,Bulwark,6972,36,party,True,2,1176.549812436793,0.0,0,False
3,102,Dead_Tactician,Dead,Tactician,8816,35,party,True,2,2246.994949844047,0.0,0,False
3,102,Blackhole_Tactician,Blackhole,Tactician,3470,38,party,True,2,1046.6645388111388,0.0,0,False
3,102,Dead_Fixer,Dead,Fixer,8308,37,enemy,False,2,0.0,0.0,0,True
3,102,Dead_Fixer,Dead,Fixer,5455,36,enemy,False,2,0.0,0.0,0,True
3,102,Dead_Fixer,Dead,Fixer,4920,35,enemy,False,2,205.73725128240264,0.0,0,True
3,103,Ultimate_Fixer,Ultimate,Fixer,8060,46,party,True,5,741.6091250418681,497.23946628771597,0,False
3,103,Blackhole_Fixer,Blackhole,Fixer,4829,45,party,True,5,501.8307776875365,0.0,0,False
3,103,Ultimate_Fixer,Ultimate,Fixer,2358,45,party,True,5,751.1555457560694,215.24663677130047,0,False
3,103,Dead_Bulwark,Dead,Bulwark,8359,32,enemy,False,5,0.0,0.0,0,True
3,103,Industrial_Bulwark,Industrial,Bulwark,7639,30,enemy,False,5,497.23946628771597,0.0,0,True
3,103,Dead_Fixer,Dead,Fixer,2226,34,enemy,False,5,215.24663677130044,252.36576681396343,0,True
3,104,Food_Striker,Food,Striker,1548,17,party,False,9,439.7865350245528,0.0,0,True
3,104,Murder_Fixer,Murder,Fixer,47,15,party,False,9,435.0458131970737,0.0,0,True
3,104,Murder_Fixer,Murder,Fixer,9166,19,party,False,9,421.23129733738233,0.0,0,True
3,104,Golden_Striker,Golden,Striker,2690,46,enemy,True,9,0.0,0.0,0,True
3,104,Golden_Striker,Golden,Striker,1680,47,enemy,True,9,1014.5815502652217,0.0,0,False
3,104,Golden_Striker,Golden,Striker,2807,46,enemy,True,9,4239.971436560067,0.0,0,False
3,105,Game_Fixer,Game,Fixer,9080,21,party,False,12,450.8179271745962,340.0599747091958,0,True
3,105,Food_Fixer,Food,Fixer,6104,24,party,False,12,545.8687098778215,0.0,0,True
3,105,Industrial_Tactician,Industrial,Tactician,6429,23,party,False,12,1110.2837305596022,0.0,0,True
3,105,Dead_Striker,Dead,Striker,1320,39,enemy,True,12,1906.1014268045915,0.0,0,False
3,105,Dead_Fixer,Dead,Fixer,8308,37,enemy,True,12,224.82435597189698,0.0,0,True
3,105,Dead_Fixer,Dead,Fixer,5455,36,enemy,True,12,205.2356187372988,0.0,0,True
3,106,Dead_Tactician,Dead,Tactician,9394,34,party,True,3,1506.63957048682,0.0,0,False
3,106,Master_Fixer,Master,Fixer,1621,32,party,True,3,210.6010160881332,0.0,0,False
3,106,Blackhole_Striker,Blackhole,Striker,590,31,party,True,3,595.1822436691017,0.0,0,False
3,106,Animal_Striker,Animal,Striker,7752,23,enemy,False,3,0.0,0.0,0,True
3,106,Game_Striker,Game,Striker,6644,24,enemy,False,3,0.0,0.0,0,True
3,106,Food_Striker,Food,Striker,3080,23,enemy,False,3,0.0,0.0,0,True
3,107,Industrial_Tactician,Industrial,Tactician,5738,21,party,False,9,1201.581027667984,0.0,0,True
3,107,Industrial_Fixer,Industrial,Fixer,2821,20,party,False,9,489.3663374554558,253.73821021274213,0,True
3,107,Box_Bulwark,Box,Bulwark,2220,24,party,False,9,469.25090857915285,0.0,0,True
3,107,Ultimate_Fixer,Ultimate,Fixer,8631,45,enemy,True,9,253.73821021274213,0.0,0,True
3,107,Golden_Striker,Golden,Striker,5485,45,enemy,True,9,2024.1769448187256,0.0,0,False
3,107,Golden_Striker,Golden,Striker,2022,46,enemy,True,9,2074.335087200286,0.0,0,True
3,108,Dead_Tactician,Dead,Tactician,4369,35,party,True,4,1448.731391617926,0.0,0,False
3,108,Dead_Bulwark,Dead,Bulwark,7643,37,party,True,4,2803.6656659726023,0.0,0,False
3,108,Dead_Fixer,Dead,Fixer,4129,35,party,True,4,217.687074829932,510.7628013638206,0,True
3,108,Blackhole_Striker,Blackhole,Striker,773,30,enemy,False,4,0.0,0.0,0,True
3,108,Box_Bulwark,Box,Bulwark,8665,30,enemy,False,4,510.7628013638206,0.0,0,True
3,108,Blackhole_Fixer,Blackhole,Fixer,9508,30,enemy,False,4,184.75750577367205,241.81986441039294,0,True
3,109,Ultimate_Bulwark,Ultimate,Bulwark,2669,40,party,True,5,3537.013887249055,0.0,0,False
3,109,Blackhole_Bulwark,Blackhole,Bulwark,1891,43,party,True,5,252.6604560782791,0.0,0,True
3,109,Blackhole_Fixer,Blackhole,Fixer,2680,44,party,True,5,492.03321226935896,0.0,0,False
3,109,Master_Striker,Master,Striker,344,26,enemy,False,5,506.8489101656304,0.0,0,True
3,109,Industrial_Fixer,Industrial,Fixer,3994,25,enemy,False,5,179.36766995208626,500.69595581547065,0,True
3,109,Master_Striker,Master,Striker,7296,25,enemy,False,5,488.4118308039065,0.0,0,True
3,110,Industrial_Fixer,Industrial,Fixer,4317,31,party,True,3,179.36766995208626,0.0,0,True
3,110,Blackhole_Tactician,Blackhole,Tactician,2460,31,party,True,3,1739.0310546559322,0.0,0,False
3,110,Industrial_Tactician,Industrial,Tactician,439,30,party,True,3,1836.9729450014515,0.0,0,True
3,110,Blackhole_Fixer,Blackhole,Fixer,2425,32,enemy,False,3,0.0,179.36766995208626,0,True
3,110,Master_Bulwark,Master,Bulwark,5083,30,enemy,False,3,558.2665351348911,0.0,0,True
3,110,Dead_Tactician,Dead,Tactician,6428,33,enemy,False,3,1043.6365905299426,0.0,0,True
3,111,Bee_Striker,Bee,Striker,4222,25,party,True,3,0.0,0.0,0,True
3,111,Industrial_Tactician,Industrial,Tactician,3667,26,party,True,3,1168.982600305698,0.0,0,False
3,111,Industrial_Tactician,Industrial,Tactician,2458,25,party,True,3,1166.5106524589592,0.0,0,False
3,111,Blackhole_Bulwark,Blackhole,Bulwark,1666,35,enemy,False,3,0.0,0.0,0,True
3,111,Dead_Tactician,Dead,Tactician,9606,35,enemy,False,3,1154.3570308487056,0.0,0,True
3,111,Dead_Fixer,Dead,Fixer,7141,35,enemy,False,3,219.00288806930706,0.0,0,True
3,112,Dead_Fixer,Dead,Fixer,1158,34,party,False,10,843.3994793610575,0.0,0,True
3,112,Master_Bulwark,Master,Bulwark,43,33,party,False,10,538.4685070435223,0.0,0,True
3,112,Master_Fixer,Master,Fixer,7343,34,party,False,10,782.1654643051278,225.6993685297565,0,True
3,112,Dead_Striker,Dead,Striker,821,38,enemy,True,10,625.5541214679401,0.0,0,True
3,112,Blackhole_Fixer,Blackhole,Fixer,3636,39,enemy,True,10,225.69936852975653,0.0,0,True
3,112,Master_Striker,Master,Striker,6762,36,enemy,True,10,1864.3846715077611,0.0,0,False
3,113,Animal_Tactician,Animal,Tactician,6782,20,party,False,3,0.0,0.0,0,True
3,113,Murder_Striker,Murder,Striker,7372,22,party,False,3,0.0,0.0,0,True
3,113,Industrial_Bulwark,Industrial,Bulwark,348,20,party,False,3,399.13897634246473,0.0,0,True
3,113,Blackhole_Tactician,Blackhole,Tactician,7753,40,enemy,True,3,1964.2545825426482,0.0,0,False
3,113,Ultimate_Bulwark,Ultimate,Bulwark,4051,40,enemy,True,3,0.0,0.0,0,False
3,113,Ultimate_Bulwark,Ultimate,Bulwark,383,43,enemy,True,3,645.2577413142801,0.0,0,False
3,114,Industrial_Tactician,Industrial,Tactician,3110,13,party,False,3,0.0,0.0,0,True
3,114,Game_Bulwark,Game,Bulwark,7226,14,party,False,3,0.0,0.0,0,True
3,114,Industrial_Fixer,Industrial,Fixer,9951,14,party,False,3,244.5437633441769,0.0,0,True
3,114,Dead_Tactician,Dead,Tactician,9204,34,enemy,True,3,1518.5867814668786,0.0,0,False
3,114,Box_Fixer,Box,Fixer,8138,31,enemy,True,3,201.79232709540318,244.5437633441769,0,False
3,114,Blackhole_Tactician,Blackhole,Tactician,2450,32,enemy,True,3,1290.5686689121155,0.0,0,False
3,115,Murder_Striker,Murder,Striker,4789,17,party,False,5,485.04747381845107,0.0,0,True
3,115,Murder_Fixer,Murder,Fixer,7933,15,party,False,5,152.74463007159906,0.0,0,True
3,115,Food_Striker,Food,Striker,551,17,party,False,5,896.7858502849001,0.0,0,True
3,115,Game_Fixer,Game,Fixer,4722,15,enemy,True,5,150.04293835186118,152.74463007159906,0,True
3,115,Food_Striker,Food,Striker,9705,19,enemy,True,5,1653.2699531997125,0.0,0,False
3,115,Food_Bulwark,Food,Bulwark,702,18,enemy,True,5,408.2282797641248,0.0,0,True
3,116,Master_Bulwark,Master,Bulwark,9231,21,party,False,4,0.0,0.0,0,True
3,116,Master_Striker,Master,Striker,6548,23,party,False,4,490.762224599883,0.0,0,True
3,116,Master_Tactician,Master,Tactician,2181,24,party,False,4,491.425562214589,0.0,0,True
3,116,Blackhole_Fixer,Blackhole,Fixer,6671,38,enemy,True,4,451.82470897180843,491.425562214589,0,False
3,116,Dead_Fixer,Dead,Fixer,9245,36,enemy,True,4,229.11694510739858,490.762224599883,0,True
3,116,Master_Bulwark,Master,Bulwark,1353,36,enemy,True,4,2462.198698233317,0.0,0,False
3,117,Blackhole_Tactician,Blackhole,Tactician,9484,32,party,False,8,0.0,0.0,0,True
3,117,Box_Bulwark,Box,Bulwark,3772,31,party,False,8,0.0,0.0,0,True
3,117,Dead_Tactician,Dead,Tactician,7989,31,party,False,8,1792.3772290942195,0.0,0,True
3,117,Ultimate_Fixer,Ultimate,Fixer,8060,46,enemy,True,8,1225.5817782534693,708.6886755516181,0,False
3,117,Golden_Striker,Golden,Striker,5485,45,enemy,True,8,993.0363822093965,0.0,0,True
3,117,Ultimate_Fixer,Ultimate,Fixer,433,45,enemy,True,8,743.3512791046339,0.0,0,False
3,118,Dead_Tactician,Dead,Tactician,7045,34,party,True,5,1529.2777398040555,0.0,0,False
3,118,Box_Fixer,Box,Fixer,6204,34,party,True,5,811.7182580575263,0.0,0,False
3,118,Box_Striker,Box,Striker,9111,30,party,True,5,549.718913544309,0.0,0,False
3,118,Golden_Striker,Golden,Striker,1895,46,enemy,False,5,0.0,0.0,0,True
3,118,Golden_Striker,Golden,Striker,2022,46,enemy,False,5,0.0,0.0,0,True
3,118,Golden_Striker,Golden,Striker,2807,46,enemy,False,5,0.0,0.0,0,True
3,119,Blackhole_Tactician,Blackhole,Tactician,7753,40,party,True,3,1071.8889895493655,0.0,0,False
3,119,Blackhole_Tactician,Blackhole,Tactician,2683,43,party,True,3,2902.251081626279,0.0,0,False
3,119,Blackhole_Fixer,Blackhole,Fixer,5741,40,party,True,3,234.2427896421022,224.03580263312642,0,False
3,119,Dead_Bulwark,Dead,Bulwark,1030,37,enemy,False,3,0.0,0.0,0,True
3,119,Dead_Bulwark,Dead,Bulwark,5813,36,enemy,False,3,0.0,0.0,0,True
3,119,Dead_Fixer,Dead,Fixer,1981,37,enemy,False,3,224.0358026331264,0.0,0,True
3,120,Ultimate_Fixer,Ultimate,Fixer,8631,45,party,True,8,749.9864362978642,339.5531873558267,0,False
3,120,Golden_Striker,Golden,Striker,4113,47,party,True,8,2095.210488463841,0.0,0,False
3,120,Blackhole_Fixer,Blackhole,Fixer,4829,45,party,True,8,758.2738308233074,0.0,0,False
3,120,Box_Fixer,Box,Fixer,4728,28,enemy,False,8,180.89647941792586,503.14345606059254,0,True
3,120,Game_Fixer,Game,Fixer,6194,25,enemy,False,8,322.02240492418684,0.0,0,True
3,120,Master_Fixer,Master,Fixer,8606,27,enemy,False,8,0.0,503.14345606059254,0,True
3,121,Ultimate_Bulwark,Ultimate,Bulwark,2669,40,party,True,4,1626.5704468836232,0.0,0,False
3,121,Blackhole_Fixer,Blackhole,Fixer,2680,44,party,True,4,237.37334024622626,579.7101449275362,0,False
3,121,Blackhole_Tactician,Blackhole,Tactician,8148,41,party,True,4,1469.860122806494,0.0,0,False
3,121,Dead_Fixer,Dead,Fixer,8873,35,enemy,False,4,0.0,0.0,0,True
3,121,Blackhole_Fixer,Blackhole,Fixer,5849,37,enemy,False,4,225.69936852975653,237.37334024622623,0,True
3,121,Dead_Bulwark,Dead,Bulwark,6398,35,enemy,False,4,579.7101449275362,0.0,0,True
3,122,Master_Striker,Master,Striker,8656,36,party,False,11,582.6400891090249,0.0,0,True
3,122,Dead_Striker,Dead,Striker,5008,36,party,False,11,612.7391614768276,0.0,0,True
3,122,Dead_Fixer,Dead,Fixer,5306,36,party,False,11,636.5912335459518,0.0,0,True
3,122,Golden_Striker,Golden,Striker,2913,47,enemy,True,11,0.0,0.0,0,True
3,122,Golden_Striker,Golden,Striker,1680,47,enemy,True,11,995.9203213639253,0.0,0,True
3,122,Golden_Striker,Golden,Striker,947,45,enemy,True,11,3092.460832628078,0.0,0,False
3,123,Golden_Striker,Golden,Striker,8000,46,party,False,3,0.0,0.0,0,True
3,123,Golden_Striker,Golden,Striker,1706,46,party,False,3,0.0,0.0,0,True
3,123,Golden_Striker,Golden,Striker,5136,46,party,False,3,1031.1491632697748,0.0,0,True
3,123,Animal_Tactician,Animal,Tactician,1325,26,enemy,True,3,1149.246783068259,0.0,0,False
3,123,Industrial_Bulwark,Industrial,Bulwark,2618,28,enemy,True,3,515.8203838251441,0.0,0,True
3,123,Master_Striker,Master,Striker,1822,26,enemy,True,3,2251.7615185016994,0.0,0,False
3,124,Bee_Tactician,Bee,Tactician,5666,16,party,False,6,546.493289207489,0.0,0,True
3,124,Animal_Fixer,Animal,Fixer,2003,16,party,False,6,128.59773977309527,226.9958669774433,0,True
3,124,Food_Striker,Food,Striker,194,16,party,False,6,442.76093671070913,0.0,0,True
3,124,Box_Bulwark,Box,Bulwark,5484,31,enemy,True,6,1129.1548169141518,0.0,0,False
3,124,Dead_Bulwark,Dead,Bulwark,8774,31,enemy,True,6,575.0445655665977,0.0,0,False
3,124,Blackhole_Fixer,Blackhole,Fixer,1499,33,enemy,True,6,226.9958669774433,0.0,0,True
3,125,Animal_Tactician,Animal,Tactician,2127,28,party,False,5,0.0,0.0,0,True
3,125,Box_Striker,Box,Striker,5624,29,party,False,5,1489.9442022721112,0.0,0,True
3,125,Master_Bulwark,Master,Bulwark,5739,25,party,False,5,483.0917874396135,0.0,0,True
3,125,Blackhole_Tactician,Blackhole,Tactician,8148,41,enemy,True,5,1486.9056181670314,0.0,0,False
3,125,Ultimate_Bulwark,Ultimate,Bulwark,8633,40,enemy,True,5,630.4222469268346,0.0,0,True
3,125,Blackhole_Fixer,Blackhole,Fixer,1901,40,enemy,True,5,728.5141768702044,483.0917874396135,0,False
3,126,Master_Tactician,Master,Tactician,2095,35,party,True,3,2084.0738903719357,0.0,0,False
3,126,Master_Striker,Master,Striker,4738,35,party,True,3,0.0,0.0,0,False
3,126,Dead_Bulwark,Dead,Bulwark,6433,36,party,True,3,623.4785041317282,0.0,0,False
3,126,Dead_Fixer,Dead,Fixer,280,31,enemy,False,3,0.0,0.0,0,True
3,126,Game_Bulwark,Game,Bulwark,2301,30,enemy,False,3,0.0,0.0,0,True
3,126,Blackhole_Fixer,Blackhole,Fixer,6219,32,enemy,False,3,444.44444444444446,0.0,0,True
3,127,Golden_Striker,Golden,Striker,947,45,party,True,4,1049.4175539576252,0.0,0,False
3,127,Golden_Striker,Golden,Striker,2690,46,party,True,4,1047.3558298830521,0.0,0,False
3,127,Ultimate_Fixer,Ultimate,Fixer,433,45,party,True,4,512.7149434365834,0.0,0,True
3,127,Industrial_Tactician,Industrial,Tactician,8347,15,enemy,False,4,0.0,0.0,0,True
3,127,Murder_Bulwark,Murder,Bulwark,9750,17,enemy,False,4,417.11951612829415,0.0,0,True
3,127,Murder_Tactician,Murder,Tactician,8542,15,enemy,False,4,865.8338565459309,0.0,0,True
3,128,Dead_Tactician,Dead,Tactician,6822,35,party,True,3,1082.6515310033265,0.0,0,False
3,128,Dead_Tactician,Dead,Tactician,923,36,party,True,3,1487.0322296423662,0.0,0,False
3,128,Dead_Fixer,Dead,Fixer,4970,35,party,True,3,398.34367818557536,247.3070574193316,0,True
3,128,Golden_Striker,Golden,Striker,1680,47,enemy,False,3,0.0,0.0,0,True
3,128,Golden_Striker,Golden,Striker,1895,46,enemy,False,3,0.0,0.0,0,True
3,128,Ultimate_Fixer,Ultimate,Fixer,2358,45,enemy,False,3,247.3070574193316,0.0,0,True
3,129,Dead_Fixer,Dead,Fixer,7141,35,party,False,4,0.0,1682.8147574268733,0,True
3,129,Blackhole_Tactician,Blackhole,Tactician,2215,35,party,False,4,1005.7105379124049,0.0,0,True
3,129,Dead_Striker,Dead,Striker,1763,35,party,False,4,613.9141167241465,0.0,0,True
3,129,Blackhole_Fixer,Blackhole,Fixer,2680,44,enemy,True,4,482.38628224750346,0.0,0,True
3,129,Blackhole_Bulwark,Blackhole,Bulwark,4705,41,enemy,True,4,1723.0959715922231,0.0,0,False
3,129,Ultimate_Bulwark,Ultimate,Bulwark,19,40,enemy,True,4,640.275056053166,0.0,0,False
3,130,Blackhole_Tactician,Blackhole,Tactician,9484,32,party,True,5,1929.9914029870847,0.0,0,True
3,130,Dead_Fixer,Dead,Fixer,5913,34,party,True,5,443.4891970413853,1664.767905533748,0,False
3,130,Master_Fixer,Master,Fixer,1621,32,party,True,5,429.8400937580898,0.0,0,False
3,130,Industrial_Tactician,Industrial,Tactician,7344,14,enemy,False,5,0.0,0.0,0,True
3,130,Animal_Fixer,Animal,Fixer,9319,12,enemy,False,5,0.0,0.0,0,True
3,130,Animal_Tactician,Animal,Tactician,6347,14,enemy,False,5,1067.9999579061496,0.0,0,True
3,131,Food_Bulwark,Food,Bulwark,2767,14,party,False,3,0.0,0.0,0,True
3,131,Industrial_Tactician,Industrial,Tactician,7069,13,party,False,3,0.0,0.0,0,True
3,131,Industrial_Fixer,Industrial,Fixer,7002,14,party,False,3,146.78899082568807,0.0,0,True
3,131,Blackhole_Striker,Blackhole,Striker,7316,36,enemy,True,3,0.0,0.0,0,False
3,131,Dead_Tactician,Dead,Tactician,923,36,enemy,True,3,1153.5018585252822,0.0,0,False
3,131,Master_Tactician,Master,Tactician,5768,38,enemy,True,3,1473.1069705536268,0.0,0,False
3,132,Industrial_Tactician,Industrial,Tactician,7604,22,party,False,3,0.0,0.0,0,True
3,132,Master_Striker,Master,Striker,6723,24,party,False,3,0.0,0.0,0,True
3,132,Master_Tactician,Master,Tactician,4848,24,party,False,3,554.4313899783491,0.0,0,True
3,132,Dead_Tactician,Dead,Tactician,9551,36,enemy,True,3,1569.2469429535772,0.0,0,False
3,132,Dead_Bulwark,Dead,Bulwark,6972,36,enemy,True,3,592.861845058306,0.0,0,False
3,132,Master_Bulwark,Master,Bulwark,3859,37,enemy,True,3,577.7421663183219,0.0,0,False
3,133,Dead_Fixer,Dead,Fixer,1488,36,party,True,5,437.359900373599,0.0,0,False
3,133,Dead_Striker,Dead,Striker,458,38,party,True,5,2172.068082249752,0.0,0,True
3,133,Ultimate_Bulwark,Ultimate,Bulwark,6469,39,party,True,5,627.5060788805743,0.0,0,True
3,133,Golden_Striker,Golden,Striker,1895,46,enemy,False,5,0.0,0.0,0,True
3,133,Golden_Striker,Golden,Striker,9646,45,enemy,False,5,1976.5335100267719,0.0,0,True
3,133,Golden_Striker,Golden,Striker,1965,45,enemy,False,5,979.0733760799928,0.0,0,True
3,134,Box_Striker,Box,Striker,3696,25,party,True,3,534.3634707367474,0.0,0,False
3,134,Industrial_Fixer,Industrial,Fixer,9462,29,party,True,3,199.91331070568924,0.0,0,False
3,134,Murder_Tactician,Murder,Tactician,8488,27,party,True,3,1593.3850014566483,0.0,0,False
3,134,Animal_Tactician,Animal,Tactician,1383,25,enemy,False,3,0.0,0.0,0,True
3,134,Blackhole_Fixer,Blackhole,Fixer,5636,27,enemy,False,3,0.0,199.91331070568924,0,True
3,134,Animal_Striker,Animal,Striker,5199,25,enemy,False,3,0.0,0.0,0,True
3,135,Animal_Striker,Animal,Striker,6066,17,party,False,8,0.0,0.0,0,True
3,135,Industrial_Tactician,Industrial,Tactician,1703,18,party,False,8,973.2417402682368,0.0,0,True
3,135,Murder_Striker,Murder,Striker,6065,18,party,False,8,476.55442466598794,0.0,0,True
3,135,Industrial_Tactician,Industrial,Tactician,7393,20,enemy,True,8,660.940460862914,0.0,0,True
3,135,Game_Bulwark,Game,Bulwark,435,21,enemy,True,8,0.0,0.0,0,True
3,135,Box_Striker,Box,Striker,7702,20,enemy,True,8,921.9492663271226,0.0,0,False
3,136,Industrial_Fixer,Industrial,Fixer,8259,22,party,False,8,0.0,176.5803580168821,0,True
3,136,Game_Striker,Game,Striker,2759,23,party,False,8,972.2899721311537,0.0,0,True
3,136,Food_Striker,Food,Striker,7748,24,party,False,8,523.8487166473253,0.0,0,True
3,136,Master_Bulwark,Master,Bulwark,783,25,enemy,True,8,489.71596474045054,0.0,0,True
3,136,Box_Fixer,Box,Fixer,5888,28,enemy,True,8,530.9924324689491,485.9086491739553,0,False
3,136,Dead_Striker,Dead,Striker,3561,29,enemy,True,8,1122.5332716145208,0.0,0,False
3,137,Dead_Fixer,Dead,Fixer,2439,36,party,True,5,672.8971962616822,298.48100289785464,0,True
3,137,Blackhole_Striker,Blackhole,Striker,3656,37,party,True,5,1274.526438153936,0.0,0,False
3,137,Dead_Tactician,Dead,Tactician,1802,36,party,True,5,1171.875,0.0,0,True
3,137,Industrial_Fixer,Industrial,Fixer,6328,25,enemy,False,5,0.0,0.0,0,True
3,137,Master_Tactician,Master,Tactician,9708,26,enemy,False,5,840.7255994092338,0.0,0,True
3,137,Murder_Bulwark,Murder,Bulwark,5631,25,enemy,False,5,462.02615831529084,0.0,0,True
3,138,Master_Striker,Master,Striker,8545,24,party,True,5,479.84644913627636,0.0,0,False
3,138,Game_Striker,Game,Striker,4349,22,party,True,5,937.6037292949964,0.0,0,False
3,138,Industrial_Tactician,Industrial,Tactician,4963,21,party,True,5,1735.4427106754936,0.0,0,True
3,138,Golden_Striker,Golden,Striker,1965,45,enemy,False,5,0.0,0.0,0,True
3,138,Golden_Striker,Golden,Striker,9646,45,enemy,False,5,0.0,0.0,0,True
3,138,Golden_Striker,Golden,Striker,1142,46,enemy,False,5,2108.549813140402,0.0,0,True
3,139,Dead_Bulwark,Dead,Bulwark,4457,34,party,True,8,575.2636625119846,0.0,0,True
3,139,Master_Tactician,Master,Tactician,8160,30,party,True,8,1185.7336093753875,0.0,0,False
3,139,Blackhole_Fixer,Blackhole,Fixer,6219,32,party,True,8,656.0638048322778,0.0,0,False
3,139,Golden_Striker,Golden,Striker,8082,45,enemy,False,8,0.0,0.0,0,True
3,139,Golden_Striker,Golden,Striker,2807,46,enemy,False,8,0.0,0.0,0,True
3,139,Golden_Striker,Golden,Striker,1680,47,enemy,False,8,990.1690971789556,0.0,0,True
3,140,Box_Fixer,Box,Fixer,7199,23,party,True,3,0.0,0.0,0,True
3,140,Food_Striker,Food,Striker,7358,24,party,True,3,2563.712510721503,0.0,0,False
3,140,Master_Bulwark,Master,Bulwark,2059,23,party,True,3,2366.958932908381,0.0,0,False
3,140,Box_Fixer,Box,Fixer,5689,34,enemy,False,3,394.70415829401816,0.0,0,True
3,140,Blackhole_Fixer,Blackhole,Fixer,5500,32,enemy,False,3,229.53820869049883,0.0,0,True
3,140,Dead_Fixer,Dead,Fixer,623,34,enemy,False,3,223.77622377622376,0.0,0,True
3,141,Dead_Fixer,Dead,Fixer,147,35,party,False,5,0.0,0.0,0,True
3,141,Master_Striker,Master,Striker,7467,37,party,False,5,4929.258899190363,0.0,0,True
3,141,Master_Bulwark,Master,Bulwark,1353,36,party,False,5,578.0346820809249,0.0,0,True
3,141,Master_Bulwark,Master,Bulwark,3054,35,enemy,True,5,508.3095698491049,0.0,0,True
3,141,Dead_Tactician,Dead,Tactician,9184,36,enemy,True,5,1500.1311895526699,0.0,0,True
3,141,Master_Striker,Master,Striker,4738,35,enemy,True,5,1216.2617630286695,0.0,0,False
3,142,Game_Fixer,Game,Fixer,6196,18,party,False,4,0.0,0.0,0,True
3,142,Bee_Striker,Bee,Striker,7154,16,party,False,4,411.90686282711505,0.0,0,True
3,142,Game_Bulwark,Game,Bulwark,1745,16,party,False,4,415.94516540385143,0.0,0,True
3,142,Master_Bulwark,Master,Bulwark,6699,26,enemy,True,4,1283.2383434807134,0.0,0,False
3,142,Animal_Striker,Animal,Striker,6498,25,enemy,True,4,0.0,0.0,0,False
3,142,Box_Tactician,Box,Tactician,4032,26,enemy,True,4,1074.3095583327124,0.0,0,False
3,143,Murder_Striker,Murder,Striker,6030,25,party,True,6,567.0841704381075,0.0,0,False
3,143,Industrial_Striker,Industrial,Striker,8859,27,party,True,6,1080.8538545875724,0.0,0,False
3,143,Industrial_Fixer,Industrial,Fixer,2525,25,party,True,6,348.31929272823487,0.0,0,True
3,143,Game_Fixer,Game,Fixer,8301,14,enemy,False,6,273.4067317887385,0.0,0,True
3,143,Bee_Tactician,Bee,Tactician,1183,14,enemy,False,6,487.2612326672967,0.0,0,True
3,143,Animal_Fixer,Animal,Fixer,5372,14,enemy,False,6,136.0585386967543,348.31929272823487,0,True
3,144,Blackhole_Tactician,Blackhole,Tactician,8148,41,party,True,3,1499.282641785916,0.0,0,False
3,144,Ultimate_Bulwark,Ultimate,Bulwark,6883,41,party,True,3,258.67607590934915,0.0,0,False
3,144,Blackhole_Bulwark,Blackhole,Bulwark,1891,43,party,True,3,890.3949573179541,0.0,0,False
3,144,Game_Striker,Game,Striker,4751,15,enemy,False,3,0.0,0.0,0,True
3,144,Animal_Fixer,Animal,Fixer,682,16,enemy,False,3,0.0,0.0,0,True
3,144,Murder_Bulwark,Murder,Bulwark,748,17,enemy,False,3,361.51279099265133,0.0,0,True
3,145,Blackhole_Tactician,Blackhole,Tactician,8148,41,party,True,3,2121.8930221512364,0.0,0,True
3,145,Ultimate_Bulwark,Ultimate,Bulwark,2669,40,party,True,3,881.3670248297494,0.0,0,False
3,145,Blackhole_Bulwark,Blackhole,Bulwark,4343,40,party,True,3,923.6636163789275,0.0,0,False
3,145,Blackhole_Fixer,Blackhole,Fixer,3614,31,enemy,False,3,0.0,0.0,0,True
3,145,Blackhole_Fixer,Blackhole,Fixer,4181,33,enemy,False,3,0.0,516.0727891647132,0,True
3,145,Dead_Tactician,Dead,Tactician,4093,32,enemy,False,3,2253.5079786841743,0.0,0,True
3,146,Master_Fixer,Master,Fixer,9784,31,party,False,4,0.0,0.0,0,True
3,146,Blackhole_Tactician,Blackhole,Tactician,8289,33,party,False,4,0.0,0.0,0,True
3,146,Dead_Tactician,Dead,Tactician,4131,33,party,False,4,1429.64606874596,0.0,0,True
3,146,Blackhole_Tactician,Blackhole,Tactician,2545,40,enemy,True,4,1094.8081832241128,0.0,0,True
3,146,Blackhole_Bulwark,Blackhole,Bulwark,2649,41,enemy,True,4,636.6445169225243,0.0,0,False
3,146,Blackhole_Tactician,Blackhole,Tactician,3575,40,enemy,True,4,1519.6542510420184,0.0,0,False
3,147,Murder_Fixer,Murder,Fixer,8089,20,party,False,3,173.67518271843028,0.0,0,True
3,147,Murder_Fixer,Murder,Fixer,8017,23,party,False,3,395.0814150967775,0.0,0,True
3,147,Animal_Fixer,Animal,Fixer,295,21,party,False,3,164.762745130846,0.0,0,True
3,147,Murder_Tactician,Murder,Tactician,2042,11,enemy,True,3,0.0,0.0,0,True
3,147,Animal_Tactician,Animal,Tactician,1885,14,enemy,True,3,773.2145697773843,0.0,0,False
3,147,Industrial_Tactician,Industrial,Tactician,2544,14,enemy,True,3,908.749437987116,0.0,0,False
3,148,Bee_Tactician,Bee,Tactician,4714,25,party,True,3,741.839762611276,0.0,0,False
3,148,Blackhole_Fixer,Blackhole,Fixer,5636,27,party,True,3,218.0955855225978,437.3177842565598,0,False
3,148,Animal_Tactician,Animal,Tactician,3093,28,party,True,3,1217.2773217545587,0.0,0,False
3,148,Animal_Fixer,Animal,Fixer,9319,12,enemy,False,3,0.0,0.0,0,True
3,148,Murder_Striker,Murder,Striker,7807,14,enemy,False,3,0.0,0.0,0,True
3,148,Bee_Tactician,Bee,Tactician,9583,13,enemy,False,3,437.3177842565598,0.0,0,True
3,149,Dead_Tactician,Dead,Tactician,5747,33,party,True,36,1052.300782910982,0.0,0,True
3,149,Blackhole_Fixer,Blackhole,Fixer,989,31,party,True,36,211.78111139310704,1144.267343840344,0,True
3,149,Dead_Fixer,Dead,Fixer,7417,33,party,True,36,3257.9675399612242,11512.836575106025,0,False
3,149,Master_Striker,Master,Striker,7467,37,enemy,False,36,0.0,0.0,0,True
3,149,Dead_Tactician,Dead,Tactician,6822,35,enemy,False,36,1458.512533344701,0.0,0,True
3,149,Dead_Fixer,Dead,Fixer,5306,36,enemy,False,36,3001.6212980994214,13041.131454372513,0,True
3,150,Ultimate_Fixer,Ultimate,Fixer,8288,45,party,True,7,499.80243103557984,557.9858272579236,0,False
3,150,Golden_Striker,Golden,Striker,1052,48,party,True,7,1032.147371559484,0.0,0,False
3,150,Golden_Striker,Golden,Striker,1895,46,party,True,7,3157.528332199423,0.0,0,False
3,150,Blackhole_Bulwark,Blackhole,Bulwark,2369,31,enemy,False,7,0.0,0.0,0,True
3,150,Box_Striker,Box,Striker,3201,31,enemy,False,7,0.0,0.0,0,True
3,150,Murder_Striker,Murder,Striker,599,31,enemy,False,7,557.9858272579236,0.0,0,True
3,151,Animal_Striker,Animal,Striker,480,18,party,False,3,0.0,0.0,0,True
3,151,Animal_Bulwark,Animal,Bulwark,420,18,party,False,3,0.0,0.0,0,True
3,151,Food_Striker,Food,Striker,198,15,party,False,3,0.0,0.0,0,True
3,151,Blackhole_Fixer,Blackhole,Fixer,6458,35,enemy,True,3,232.4455205811138,0.0,0,False
3,151,Master_Tactician,Master,Tactician,2095,35,enemy,True,3,1066.620536015985,0.0,0,False
3,151,Box_Tactician,Box,Tactician,5841,35,enemy,True,3,886.480587579609,0.0,0,False
3,152,Box_Striker,Box,Striker,7702,20,party,False,3,0.0,0.0,0,True
3,152,Industrial_Tactician,Industrial,Tactician,3441,23,party,False,3,0.0,0.0,0,True
3,152,Master_Striker,Master,Striker,5652,24,party,False,3,0.0,0.0,0,True
3,152,Box_Bulwark,Box,Bulwark,5101,31,enemy,True,3,0.0,0.0,0,False
3,152,Dead_Tactician,Dead,Tactician,8914,33,enemy,True,3,2516.4325388376733,0.0,0,False
3,152,Blackhole_Tactician,Blackhole,Tactician,7546,30,enemy,True,3,1233.8460191742233,0.0,0,False
3,153,Blackhole_Bulwark,Blackhole,Bulwark,4705,41,party,True,4,2816.736575541673,0.0,0,False
3,153,Ultimate_Bulwark,Ultimate,Bulwark,6883,41,party,True,4,257.9130196382301,0.0,0,True
3,153,Blackhole_Fixer,Blackhole,Fixer,5741,40,party,True,4,235.88085110813086,0.0,0,False
3,153,Box_Fixer,Box,Fixer,4008,22,enemy,False,4,0.0,0.0,0,True
3,153,Industrial_Bulwark,Industrial,Bulwark,6449,20,enemy,False,4,383.5091083413231,0.0,0,True
3,153,Murder_Striker,Murder,Striker,1426,20,enemy,False,4,996.3858912189132,0.0,0,True
3,154,Food_Tactician,Food,Tactician,2982,13,party,False,6,0.0,0.0,0,True
3,154,Industrial_Fixer,Industrial,Fixer,8687,14,party,False,6,207.1159450615059,198.8957865150864,0,True
3,154,Box_Tactician,Box,Tactician,6689,14,party,False,6,440.6507691912273,0.0,0,True
3,154,Dead_Bulwark,Dead,Bulwark,4238,34,enemy,True,6,1776.3254157928109,0.0,0,False
3,154,Box_Fixer,Box,Fixer,913,32,enemy,True,6,399.71327145060843,0.0,0,False
3,154,Blackhole_Fixer,Blackhole,Fixer,1499,33,enemy,True,6,228.64076456423635,0.0,0,True
3,155,Animal_Tactician,Animal,Tactician,8061,20,party,True,3,1936.5306213042645,0.0,0,False
3,155,Master_Tactician,Master,Tactician,2034,24,party,True,3,563.111333461376,0.0,0,True
3,155,Murder_Fixer,Murder,Fixer,8713,21,party,True,3,337.5196947169494,152.0190023752969,0,False
3,155,Box_Striker,Box,Striker,3565,22,enemy,False,3,0.0,0.0,0,True
3,155,Master_Fixer,Master,Fixer,6303,21,enemy,False,3,152.0190023752969,0.0,0,True
3,155,Animal_Tactician,Animal,Tactician,8451,24,enemy,False,3,747.1597309932182,0.0,0,True
3,156,Food_Tactician,Food,Tactician,4542,14,party,False,2,0.0,0.0,0,True
3,156,Murder_Fixer,Murder,Fixer,499,14,party,False,2,0.0,0.0,0,True
3,156,Industrial_Striker,Industrial,Striker,3631,14,party,False,2,0.0,0.0,0,True
3,156,Animal_Tactician,Animal,Tactician,712,12,enemy,True,2,445.8604334575275,0.0,0,False
3,156,Industrial_Tactician,Industrial,Tactician,6681,13,enemy,True,2,503.5775296284018,0.0,0,False
3,156,Industrial_Tactician,Industrial,Tactician,8358,14,enemy,True,2,615.5363185832141,0.0,0,False
3,157,Blackhole_Bulwark,Blackhole,Bulwark,6087,30,party,True,3,1135.289060580638,0.0,0,False
3,157,Master_Fixer,Master,Fixer,1621,32,party,True,3,214.66079471151892,467.9299810364593,0,False
3,157,Ultimate_Bulwark,Ultimate,Bulwark,6466,31,party,True,3,1150.5518106687086,0.0,0,False
3,157,Game_Tactician,Game,Tactician,4672,13,enemy,False,3,0.0,0.0,0,True
3,157,Game_Bulwark,Game,Bulwark,8189,14,enemy,False,3,349.7139937404451,0.0,0,True
3,157,Industrial_Fixer,Industrial,Fixer,8659,13,enemy,False,3,118.21598729601419,0.0,0,True
3,158,Bee_Tactician,Bee,Tactician,6670,15,party,True,6,0.0,0.0,0,True
3,158,Game_Tactician,Game,Tactician,224,17,party,True,6,1177.4942573234407,0.0,0,False
3,158,Box_Tactician,Box,Tactician,7715,18,party,True,6,1406.0994704327272,0.0,0,True
3,158,Dead_Bulwark,Dead,Bulwark,4238,34,enemy,False,6,2132.2803553800595,0.0,0,True
3,158,Dead_Tactician,Dead,Tactician,7045,34,enemy,False,6,2373.887240356083,0.0,0,True
3,158,Game_Fixer,Game,Fixer,8761,30,enemy,False,6,205.14913550988587,0.0,0,True
3,159,Golden_Striker,Golden,Striker,12,42,party,True,3,20684.384369135314,0.0,0,False
3,159,Blackhole_Tactician,Blackhole,Tactician,3575,40,party,True,3,2679.4438281565044,0.0,0,False
3,159,Blackhole_Bulwark,Blackhole,Bulwark,4705,41,party,True,3,271.51107328320967,0.0,0,False
3,159,Industrial_Tactician,Industrial,Tactician,973,14,enemy,False,3,0.0,0.0,0,True
3,159,Industrial_Fixer,Industrial,Fixer,6195,11,enemy,False,3,0.0,271.51107328320967,0,True
3,159,Game_Fixer,Game,Fixer,793,13,enemy,False,3,125.39734353439835,0.0,0,True
3,160,Blackhole_Bulwark,Blackhole,Bulwark,4343,40,party,True,4,2395.599340699801,0.0,0,False
3,160,Blackhole_Fixer,Blackhole,Fixer,5204,40,party,True,4,246.86744047933874,0.0,0,False
3,160,Blackhole_Bulwark,Blackhole,Bulwark,1891,43,party,True,4,509.2919998748809,0.0,0,True
3,160,Murder_Striker,Murder,Striker,4064,18,enemy,False,4,0.0,0.0,0,True
3,160,Animal_Bulwark,Animal,Bulwark,6050,16,enemy,False,4,358.39630141512845,0.0,0,True
3,160,Bee_Striker,Bee,Striker,5475,18,enemy,False,4,428.36551293099416,0.0,0,True
3,161,Industrial_Tactician,Industrial,Tactician,4510,14,party,False,5,0.0,0.0,0,True
3,161,Bee_Striker,Bee,Striker,1979,13,party,False,5,381.1991482487615,0.0,0,True
3,161,Industrial_Fixer,Industrial,Fixer,9656,14,party,False,5,114.28571428571428,163.57168914194833,0,True
3,161,Murder_Tactician,Murder,Tactician,6249,20,enemy,True,5,1078.7193943972425,0.0,0,True
3,161,Game_Fixer,Game,Fixer,2192,21,enemy,True,5,325.5818347121358,0.0,0,False
3,161,Box_Striker,Box,Striker,2587,20,enemy,True,5,454.1700391432944,0.0,0,False
3,162,Game_Fixer,Game,Fixer,4324,20,party,False,5,0.0,0.0,0,True
3,162,Box_Tactician,Box,Tactician,3397,20,party,False,5,1295.6309727616895,0.0,0,True
3,162,Box_Fixer,Box,Fixer,3906,23,party,False,5,319.9191885167467,0.0,0,True
3,162,Master_Striker,Master,Striker,7467,37,enemy,True,5,612.2547057253331,0.0,0,False
3,162,Dead_Tactician,Dead,Tactician,923,36,enemy,True,5,1147.82517615065,0.0,0,True
3,162,Master_Striker,Master,Striker,6762,36,enemy,True,5,628.3733304644601,0.0,0,False
3,163,Industrial_Tactician,Industrial,Tactician,9958,21,party,False,8,0.0,0.0,0,True
3,163,Murder_Bulwark,Murder,Bulwark,1720,21,party,False,8,401.4708496219728,0.0,0,True
3,163,Industrial_Tactician,Industrial,Tactician,3291,23,party,False,8,1295.8250796504362,0.0,0,True
3,163,Animal_Striker,Animal,Striker,9409,28,enemy,True,8,1090.6534235545078,0.0,0,False
3,163,Master_Fixer,Master,Fixer,759,26,enemy,True,8,692.5271624296527,679.0267824241689,0,False
3,163,Master_Tactician,Master,Tactician,7212,28,enemy,True,8,552.3551434532009,0.0,0,True
3,164,Golden_Striker,Golden,Striker,1706,46,party,False,3,0.0,0.0,0,True
3,164,Golden_Striker,Golden,Striker,1142,46,party,False,3,0.0,0.0,0,True
3,164,Golden_Striker,Golden,Striker,2690,46,party,False,3,1028.16608950911,0.0,0,True
3,164,Ultimate_Bulwark,Ultimate,Bulwark,6883,41,enemy,True,3,2516.2864091165557,0.0,0,False
3,164,Golden_Striker,Golden,Striker,12,42,enemy,True,3,20108.715322393542,0.0,0,True
3,164,Blackhole_Fixer,Blackhole,Fixer,5204,40,enemy,True,3,232.31289750323262,0.0,0,False
3,165,Dead_Fixer,Dead,Fixer,9070,36,party,True,8,652.4212714921125,0.0,0,False
3,165,Blackhole_Fixer,Blackhole,Fixer,6282,35,party,True,8,679.0134116697797,0.0,0,True
3,165,Dead_Tactician,Dead,Tactician,4718,36,party,True,8,1150.9882846497308,0.0,0,True
3,165,Game_Fixer,Game,Fixer,74,30,enemy,False,8,0.0,0.0,0,True
3,165,Master_Bulwark,Master,Bulwark,5508,32,enemy,False,8,0.0,0.0,0,True
3,165,Master_Bulwark,Master,Bulwark,8963,32,enemy,False,8,1969.5412594501522,0.0,0,True
3,166,Game_Striker,Game,Striker,3609,17,party,False,2,0.0,0.0,0,True
3,166,Industrial_Fixer,Industrial,Fixer,5929,15,party,False,2,0.0,0.0,0,True
3,166,Game_Striker,Game,Striker,5344,16,party,False,2,0.0,0.0,0,True
3,166,Industrial_Tactician,Industrial,Tactician,9901,14,enemy,True,2,637.5238011625914,0.0,0,False
3,166,Industrial_Tactician,Industrial,Tactician,7220,13,enemy,True,2,533.596837944664,0.0,0,False
3,166,Murder_Tactician,Murder,Tactician,8009,13,enemy,True,2,473.37278106508876,0.0,0,False
3,167,Box_Striker,Box,Striker,1600,31,party,True,6,558.8095959667344,0.0,0,False
3,167,Master_Fixer,Master,Fixer,9094,34,party,True,6,413.86413863854386,531.2536930214997,0,False
3,167,Master_Striker,Master,Striker,8920,33,party,True,6,1826.0228065492392,0.0,0,False
3,167,Box_Bulwark,Box,Bulwark,7505,25,enemy,False,6,0.0,0.0,0,True
3,167,Industrial_Striker,Industrial,Striker,4177,27,enemy,False,6,531.2536930214997,0.0,0,True
3,167,Industrial_Fixer,Industrial,Fixer,9673,27,enemy,False,6,0.0,207.17638108942458,0,True
3,168,Industrial_Tactician,Industrial,Tactician,3897,14,party,False,8,0.0,0.0,0,True
3,168,Industrial_Tactician,Industrial,Tactician,8934,13,party,False,8,762.094590144761,0.0,0,True
3,168,Animal_Fixer,Animal,Fixer,8884,14,party,False,8,237.5419838624135,192.7710843373494,0,True
3,168,Master_Striker,Master,Striker,4293,26,enemy,True,8,1567.0787627233508,0.0,0,False
3,168,Industrial_Tactician,Industrial,Tactician,2549,26,enemy,True,8,1780.4154302670624,0.0,0,True
3,168,Master_Fixer,Master,Fixer,4721,25,enemy,True,8,577.3886914564735,326.62022781081856,0,False
3,169,Blackhole_Fixer,Blackhole,Fixer,8233,37,party,True,8,470.6645819785495,0.0,0,True
3,169,Dead_Fixer,Dead,Fixer,2632,35,party,True,8,791.4696195865331,0.0,0,False
3,169,Dead_Fixer,Dead,Fixer,2441,36,party,True,8,1034.0153551199776,2680.1830372904706,0,False
3,169,Dead_Striker,Dead,Striker,7288,34,enemy,False,8,0.0,0.0,0,True
3,169,Blackhole_Fixer,Blackhole,Fixer,7646,31,enemy,False,8,391.6483496097821,196.71834911906865,0,True
3,169,Master_Bulwark,Master,Bulwark,4882,30,enemy,False,8,1025.485004288601,0.0,0,True
3,170,Blackhole_Fixer,Blackhole,Fixer,6432,32,party,True,8,841.9073638428911,284.5904698636096,0,False
3,170,Blackhole_Fixer,Blackhole,Fixer,576,33,party,True,8,689.1572695908594,0.0,0,True
3,170,Blackhole_Tactician,Blackhole,Tactician,4114,33,party,True,8,1854.1037055457466,0.0,0,True
3,170,Animal_Tactician,Animal,Tactician,9513,21,enemy,False,8,0.0,0.0,0,True
3,170,Game_Striker,Game,Striker,845,24,enemy,False,8,1012.8952091046066,0.0,0,True
3,170,Industrial_Tactician,Industrial,Tactician,6622,23,enemy,False,8,1065.3707529867177,0.0,0,True
3,171,Blackhole_Tactician,Blackhole,Tactician,3033,43,party,True,3,2646.880466389286,0.0,0,False
3,171,Blackhole_Fixer,Blackhole,Fixer,6096,44,party,True,3,238.25578557889668,0.0,0,False
3,171,Blackhole_Bulwark,Blackhole,Bulwark,1891,43,party,True,3,881.4995039026556,0.0,0,False
3,171,Box_Bulwark,Box,Bulwark,6110,30,enemy,False,3,0.0,0.0,0,True
3,171,Master_Striker,Master,Striker,8588,33,enemy,False,3,0.0,0.0,0,True
3,171,Blackhole_Striker,Blackhole,Striker,3861,31,enemy,False,3,0.0,0.0,0,True
3,172,Blackhole_Bulwark,Blackhole,Bulwark,2649,41,party,True,4,3298.24202598585,0.0,0,False
3,172,Dead_Fixer,Dead,Fixer,4247,41,party,True,4,236.73938624320948,0.0,0,False
3,172,Ultimate_Bulwark,Ultimate,Bulwark,8633,40,party,True,4,500.4432971743521,0.0,0,True
3,172,Ultimate_Fixer,Ultimate,Fixer,6152,36,enemy,False,4,0.0,0.0,0,True
3,172,Blackhole_Tactician,Blackhole,Tactician,2215,35,enemy,False,4,1006.6766383330701,0.0,0,True
3,172,Dead_Striker,Dead,Striker,2416,36,enemy,False,4,0.0,0.0,0,True
3,173,Industrial_Bulwark,Industrial,Bulwark,3422,20,party,False,5,0.0,0.0,0,True
3,173,Box_Striker,Box,Striker,8989,22,party,False,5,481.235705851312,0.0,0,True
3,173,Murder_Fixer,Murder,Fixer,4869,22,party,False,5,375.9408717940609,0.0,0,True
3,173,Animal_Tactician,Animal,Tactician,5900,17,enemy,True,5,866.3059594772196,0.0,0,False
3,173,Bee_Striker,Bee,Striker,1581,18,enemy,True,5,996.3909068134627,0.0,0,False
3,173,Murder_Bulwark,Murder,Bulwark,1177,16,enemy,True,5,425.2584335161633,0.0,0,True
3,174,Game_Striker,Game,Striker,6355,16,party,False,6,0.0,0.0,0,True
3,174,Game_Striker,Game,Striker,7816,18,party,False,6,449.70429144999326,0.0,0,True
3,174,Animal_Tactician,Animal,Tactician,8097,16,party,False,6,914.2377344245326,0.0,0,True
3,174,Blackhole_Fixer,Blackhole,Fixer,4829,45,enemy,True,6,522.9748420723098,650.8365387718941,0,True
3,174,Golden_Striker,Golden,Striker,2807,46,enemy,True,6,2112.6923471544305,0.0,0,False
3,174,Golden_Striker,Golden,Striker,2913,47,enemy,True,6,1050.4514628777804,0.0,0,False
3,175,Animal_Striker,Animal,Striker,9954,15,party,False,6,0.0,0.0,0,True
3,175,Food_Fixer,Food,Fixer,8935,18,party,False,6,168.05393517265247,0.0,0,True
3,175,Murder_Fixer,Murder,Fixer,5586,15,party,False,6,298.6396797075599,232.60154729941758,0,True
3,175,Animal_Tactician,Animal,Tactician,8318,12,enemy,True,6,744.488570895903,0.0,0,False
3,175,Industrial_Fixer,Industrial,Fixer,1399,14,enemy,True,6,241.23117795867756,466.6936148802123,0,False
3,175,Animal_Tactician,Animal,Tactician,747,14,enemy,True,6,1011.8068997487767,0.0,0,False
3,176,Bee_Tactician,Bee,Tactician,4919,12,party,False,3,0.0,0.0,0,True
3,176,Industrial_Fixer,Industrial,Fixer,8541,14,party,False,3,148.49187935034803,0.0,0,True
3,176,Industrial_Tactician,Industrial,Tactician,2396,14,party,False,3,651.9828941135619,0.0,0,True
3,176,Master_Tactician,Master,Tactician,801,34,enemy,True,3,648.8322497593281,0.0,0,True
3,176,Blackhole_Bulwark,Blackhole,Bulwark,8961,33,enemy,True,3,610.3380200959383,0.0,0,False
3,176,Master_Bulwark,Master,Bulwark,1074,34,enemy,True,3,1152.3620345544073,0.0,0,False
3,177,Golden_Striker,Golden,Striker,2022,46,party,True,7,2093.6959426167314,0.0,0,False
3,177,Golden_Striker,Golden,Striker,360,46,party,True,7,1055.651717644502,0.0,0,True
3,177,Ultimate_Fixer,Ultimate,Fixer,433,45,party,True,7,509.6557850628568,1000.8897416809391,0,False
3,177,Box_Tactician,Box,Tactician,1083,17,enemy,False,7,552.0461283007065,0.0,0,True
3,177,Game_Striker,Game,Striker,3486,18,enemy,False,7,1347.3906938061768,0.0,0,True
3,177,Industrial_Fixer,Industrial,Fixer,2380,15,enemy,False,7,0.0,253.29831334456512,0,True
3,178,Industrial_Fixer,Industrial,Fixer,8578,17,party,False,6,0.0,0.0,0,True
3,178,Game_Fixer,Game,Fixer,6032,19,party,False,6,161.0678593456138,0.0,0,True
3,178,Animal_Tactician,Animal,Tactician,9253,18,party,False,6,560.0856350235323,0.0,0,True
3,178,Box_Bulwark,Box,Bulwark,8338,31,enemy,True,6,1130.8205140944124,0.0,0,False
3,178,Box_Fixer,Box,Fixer,951,30,enemy,True,6,201.10223742058648,0.0,0,True
3,178,Master_Fixer,Master,Fixer,9669,31,enemy,True,6,400.7815816518763,0.0,0,False
3,179,Food_Striker,Food,Striker,5072,24,party,False,4,0.0,0.0,0,True
3,179,Industrial_Striker,Industrial,Striker,8600,24,party,False,4,499.6300406448685,0.0,0,True
3,179,Game_Fixer,Game,Fixer,5370,21,party,False,4,0.0,205.71739249020322,0,True
3,179,Dead_Bulwark,Dead,Bulwark,2418,36,enemy,True,4,3054.457967244064,0.0,0,False
3,179,Dead_Fixer,Dead,Fixer,5455,36,enemy,True,4,205.71739249020325,499.6300406448685,0,True
3,179,Dead_Tactician,Dead,Tactician,4369,35,enemy,True,4,1457.4666554015935,0.0,0,False
3,180,Industrial_Tactician,Industrial,Tactician,2075,19,party,False,5,0.0,0.0,0,True
3,180,Bee_Striker,Bee,Striker,7554,15,party,False,5,832.7067099350902,0.0,0,True
3,180,Industrial_Fixer,Industrial,Fixer,7713,17,party,False,5,321.71682935501684,188.8763175158113,0,True
3,180,Master_Fixer,Master,Fixer,5094,24,enemy,True,5,561.2453045422327,0.0,0,False
3,180,Master_Striker,Master,Striker,57,23,enemy,True,5,493.58341559723596,0.0,0,False
3,180,Industrial_Tactician,Industrial,Tactician,9373,22,enemy,True,5,1169.4549564821862,0.0,0,True
3,181,Industrial_Fixer,Industrial,Fixer,7778,21,party,False,3,0.0,0.0,0,True
3,181,Food_Bulwark,Food,Bulwark,7889,23,party,False,3,0.0,0.0,0,True
3,181,Master_Tactician,Master,Tactician,2675,24,party,False,3,528.2508005712784,0.0,0,True
3,181,Master_Striker,Master,Striker,7467,37,enemy,True,3,608.081596728179,0.0,0,False
3,181,Ultimate_Bulwark,Ultimate,Bulwark,867,39,enemy,True,3,639.7500999319025,0.0,0,False
3,181,Dead_Fixer,Dead,Fixer,3630,37,enemy,True,3,451.7647058823529,528.2508005712784,0,True
3,182,Industrial_Bulwark,Industrial,Bulwark,3874,28,party,False,2,0.0,0.0,0,True
3,182,Master_Bulwark,Master,Bulwark,8521,26,party,False,2,0.0,0.0,0,True
3,182,Bee_Striker,Bee,Striker,1767,25,party,False,2,0.0,0.0,0,True
3,182,Box_Tactician,Box,Tactician,4675,27,enemy,True,2,821.1837240937624,0.0,0,False
3,182,Blackhole_Tactician,Blackhole,Tactician,8126,29,enemy,True,2,1909.238807256041,0.0,0,False
3,182,Industrial_Tactician,Industrial,Tactician,6416,28,enemy,True,2,906.3056551232497,0.0,0,False
3,183,Food_Tactician,Food,Tactician,3715,14,party,True,6,261.3097197441149,0.0,0,False
3,183,Box_Tactician,Box,Tactician,9769,14,party,True,6,1010.301313836572,0.0,0,False
3,183,Animal_Bulwark,Animal,Bulwark,8700,13,party,True,6,325.7981130015128,0.0,0,True
3,183,Box_Bulwark,Box,Bulwark,372,16,enemy,False,6,0.0,0.0,0,True
3,183,Food_Bulwark,Food,Bulwark,3466,17,enemy,False,6,0.0,0.0,0,True
3,183,Animal_Striker,Animal,Striker,3281,16,enemy,False,6,429.02548656896397,0.0,0,True
3,184,Bee_Striker,Bee,Striker,9208,23,party,True,3,483.13407155486743,0.0,0,False
3,184,Bee_Tactician,Bee,Tactician,2666,20,party,True,3,660.2562925688356,0.0,0,False
3,184,Box_Tactician,Box,Tactician,2964,23,party,True,3,723.8026763997378,0.0,0,True
3,184,Game_Tactician,Game,Tactician,2052,14,enemy,False,3,0.0,0.0,0,True
3,184,Industrial_Bulwark,Industrial,Bulwark,5375,13,enemy,False,3,0.0,0.0,0,True
3,184,Animal_Tactician,Animal,Tactician,706,14,enemy,False,3,563.3673867912484,0.0,0,True
3,185,Ultimate_Bulwark,Ultimate,Bulwark,2669,40,party,True,8,2153.5573843184047,0.0,0,False
3,185,Ultimate_Tactician,Ultimate,Tactician,2719,42,party,True,8,859.0436800758979,0.0,0,False
3,185,Ultimate_Bulwark,Ultimate,Bulwark,19,40,party,True,8,260.38271170601763,0.0,0,True
3,185,Industrial_Fixer,Industrial,Fixer,1797,24,enemy,False,8,319.18710799382507,514.7788137043634,0,True
3,185,Game_Striker,Game,Striker,4605,24,enemy,False,8,498.67105784132747,0.0,0,True
3,185,Game_Striker,Game,Striker,5233,22,enemy,False,8,920.505090846971,0.0,0,True
3,186,Ultimate_Tactician,Ultimate,Tactician,768,35,party,False,2,0.0,0.0,0,True
3,186,Wild_Striker,Wild,Striker,559,37,party,False,2,0.0,0.0,0,True
3,186,Blackhole_Tactician,Blackhole,Tactician,7259,35,party,False,2,1028.7302904338446,0.0,0,True
3,186,Dead_Tactician,Dead,Tactician,7830,31,enemy,True,2,968.9922480620155,0.0,0,False
3,186,Blackhole_Tactician,Blackhole,Tactician,5422,32,enemy,True,2,920.739242880451,0.0,0,False
3,186,Blackhole_Tactician,Blackhole,Tactician,8046,34,enemy,True,2,972.6630204322387,0.0,0,True
3,187,Dead_Fixer,Dead,Fixer,4247,41,party,False,6,470.25782845589913,1796.7394128011813,0,True
3,187,Ultimate_Bulwark,Ultimate,Bulwark,6883,41,party,False,6,631.1297905969202,0.0,0,True
3,187,Ultimate_Bulwark,Ultimate,Bulwark,19,40,party,False,6,641.5134991016248,0.0,0,True
3,187,Ultimate_Fixer,Ultimate,Fixer,416,41,enemy,True,6,456.852754516425,0.0,0,True
3,187,Blackhole_Tactician,Blackhole,Tactician,3575,40,enemy,True,6,2162.3248872882764,0.0,0,True
3,187,Blackhole_Bulwark,Blackhole,Bulwark,4343,40,enemy,True,6,2343.223410676676,0.0,0,False
3,188,Blackhole_Tactician,Blackhole,Tactician,3324,33,party,True,4,2033.5685941999945,0.0,0,True
3,188,Box_Fixer,Box,Fixer,2252,33,party,True,4,212.61152698157602,0.0,0,False
3,188,Industrial_Bulwark,Industrial,Bulwark,1725,30,party,True,4,1646.743620870609,0.0,0,False
3,188,Animal_Striker,Animal,Striker,4633,17,enemy,False,4,0.0,0.0,0,True
3,188,Industrial_Fixer,Industrial,Fixer,3452,17,enemy,False,4,150.58823529411765,220.06973766126566,0,True
3,188,Animal_Tactician,Animal,Tactician,877,18,enemy,False,4,562.2692047507195,0.0,0,True
3,189,Ultimate_Tactician,Ultimate,Tactician,2719,42,party,False,5,428.99130532816827,0.0,0,True
3,189,Ultimate_Bulwark,Ultimate,Bulwark,4051,40,party,False,5,502.87027727704054,0.0,0,True
3,189,Blackhole_Fixer,Blackhole,Fixer,5204,40,party,False,5,237.70298793254193,0.0,0,True
3,189,Box_Tactician,Box,Tactician,9933,31,enemy,True,5,0.0,0.0,0,True
3,189,Master_Bulwark,Master,Bulwark,1074,34,enemy,True,5,2240.5194600750438,0.0,0,False
3,189,Blackhole_Bulwark,Blackhole,Bulwark,2369,31,enemy,True,5,580.8325266214908,0.0,0,False
3,190,Golden_Striker,Golden,Striker,5677,45,party,True,6,0.0,0.0,0,True
3,190,Golden_Striker,Golden,Striker,360,46,party,True,6,2096.7713565800336,0.0,0,False
3,190,Golden_Striker,Golden,Striker,6011,46,party,True,6,2110.2592693961806,0.0,0,False
3,190,Game_Bulwark,Game,Bulwark,7447,13,enemy,False,6,464.9800825688261,0.0,0,True
3,190,Industrial_Tactician,Industrial,Tactician,1813,12,enemy,False,6,488.1274040789207,0.0,0,True
3,190,Murder_Fixer,Murder,Fixer,139,14,enemy,False,6,283.93340355757726,0.0,0,True
3,191,Golden_Striker,Golden,Striker,9646,45,party,True,6,2041.2414523193152,0.0,0,False
3,191,Golden_Striker,Golden,Striker,2869,45,party,True,6,3040.7695466812875,0.0,0,False
3,191,Ultimate_Fixer,Ultimate,Fixer,433,45,party,True,6,510.87064507889795,501.49099578207137,0,False
3,191,Murder_Fixer,Murder,Fixer,2469,13,enemy,False,6,136.6815483753038,254.5131733606062,0,True
3,191,Industrial_Fixer,Industrial,Fixer,3077,12,enemy,False,6,118.7158761648465,256.3574717182917,0,True
3,191,Industrial_Bulwark,Industrial,Bulwark,8010,14,enemy,False,6,382.7751196172249,0.0,0,True
3,192,Blackhole_Tactician,Blackhole,Tactician,8148,41,party,True,3,1452.1737541295486,0.0,0,False
3,192,Ultimate_Bulwark,Ultimate,Bulwark,383,43,party,True,3,893.4420590861008,0.0,0,False
3,192,Blackhole_Bulwark,Blackhole,Bulwark,1891,43,party,True,3,627.3708323724937,0.0,0,False
3,192,Blackhole_Fixer,Blackhole,Fixer,5741,40,enemy,False,3,0.0,0.0,0,True
3,192,Blackhole_Fixer,Blackhole,Fixer,2680,44,enemy,False,3,472.6081819316757,0.0,0,True
3,192,Blackhole_Fixer,Blackhole,Fixer,5204,40,enemy,False,3,230.22469168297883,0.0,0,True
3,193,Ultimate_Fixer,Ultimate,Fixer,8060,46,party,False,5,253.90429017074828,0.0,0,True
3,193,Golden_Striker,Golden,Striker,1965,45,party,False,5,0.0,0.0,0,True
3,193,Golden_Striker,Golden,Striker,5485,45,party,False,5,1011.5886843352357,0.0,0,True
3,193,Box_Tactician,Box,Tactician,7606,19,enemy,True,5,686.0419489932241,0.0,0,True
3,193,Bee_Striker,Bee,Striker,1580,18,enemy,True,5,856.7310258619883,0.0,0,False
3,193,Game_Tactician,Game,Tactician,7166,15,enemy,True,5,926.0675092318095,0.0,0,False
3,194,Golden_Striker,Golden,Striker,8000,46,party,True,6,2040.589923102291,0.0,0,True
3,194,Ultimate_Fixer,Ultimate,Fixer,8288,45,party,True,6,245.04854547942904,486.7630971428115,0,False
3,194,Golden_Striker,Golden,Striker,6011,46,party,True,6,3061.862178677911,0.0,0,False
3,194,Golden_Striker,Golden,Striker,1895,46,enemy,False,6,0.0,0.0,0,True
3,194,Ultimate_Fixer,Ultimate,Fixer,8631,45,enemy,False,6,486.7630971428115,0.0,0,True
3,194,Golden_Striker,Golden,Striker,360,46,enemy,False,6,2046.4649420747546,0.0,0,True
3,195,Dead_Bulwark,Dead,Bulwark,847,36,party,True,4,1610.5705359315484,0.0,0,False
3,195,Dead_Fixer,Dead,Fixer,1108,35,party,True,4,233.95240501146998,1124.9906638602288,0,True
3,195,Dead_Fixer,Dead,Fixer,3582,35,party,True,4,210.6625221173716,537.5909393036283,0,False
3,195,Bee_Tactician,Bee,Tactician,273,14,enemy,False,4,0.0,0.0,0,True
3,195,Animal_Tactician,Animal,Tactician,228,12,enemy,False,4,537.5909393036283,0.0,0,True
3,195,Bee_Striker,Bee,Striker,8528,13,enemy,False,4,396.45246400169816,0.0,0,True
3,196,Dead_Fixer,Dead,Fixer,1675,35,party,False,39,0.0,0.0,0,True
3,196,Dead_Fixer,Dead,Fixer,147,35,party,False,39,3317.163744623104,12562.92725989441,0,True
3,196,Dead_Tactician,Dead,Tactician,9551,36,party,False,39,2666.7967311963303,0.0,0,True
3,196,Ultimate_Fixer,Ultimate,Fixer,416,41,enemy,True,39,461.0154219835451,0.0,0,True
3,196,Blackhole_Fixer,Blackhole,Fixer,5204,40,enemy,True,39,466.74254122517345,0.0,0,True
3,196,Blackhole_Fixer,Blackhole,Fixer,2680,44,enemy,True,39,3850.23913353512,3649.1849432118825,0,False
3,197,Bee_Striker,Bee,Striker,1868,16,party,False,4,0.0,0.0,0,True
3,197,Game_Striker,Game,Striker,7221,16,party,False,4,0.0,0.0,0,True
3,197,Industrial_Tactician,Industrial,Tactician,3940,17,party,False,4,995.0598209723785,0.0,0,True
3,197,Industrial_Tactician,Industrial,Tactician,7349,24,enemy,True,4,1092.7963672861756,0.0,0,False
3,197,Industrial_Bulwark,Industrial,Bulwark,843,24,enemy,True,4,452.37667274983613,0.0,0,False
3,197,Game_Tactician,Game,Tactician,6855,24,enemy,True,4,899.5143034841232,0.0,0,True
3,198,Box_Striker,Box,Striker,2251,27,party,False,3,0.0,0.0,0,True
3,198,Murder_Striker,Murder,Striker,927,27,party,False,3,1120.1691583153229,0.0,0,True
3,198,Master_Fixer,Master,Fixer,8253,26,party,False,3,353.3552343098479,0.0,0,True
3,198,Game_Bulwark,Game,Bulwark,7949,14,enemy,True,3,732.9397427568936,0.0,0,False
3,198,Industrial_Tactician,Industrial,Tactician,8459,14,enemy,True,3,676.1755599586179,0.0,0,True
3,198,Game_Tactician,Game,Tactician,2052,14,enemy,True,3,903.6734460603474,0.0,0,False
3,199,Master_Fixer,Master,Fixer,3918,26,party,False,3,0.0,0.0,0,True
3,199,Bee_Striker,Bee,Striker,4222,25,party,False,3,0.0,0.0,0,True
3,199,Food_Fixer,Food,Fixer,7666,25,party,False,3,0.0,0.0,0,True
3,199,Dead_Fixer,Dead,Fixer,1923,35,enemy,True,3,217.47139934154964,0.0,0,False
3,199,Box_Tactician,Box,Tactician,5841,35,enemy,True,3,883.021151140274,0.0,0,False
3,199,Master_Tactician,Master,Tactician,1315,35,enemy,True,3,1063.2229755613082,0.0,0,False
5,0,Industrial_Tactician,Industrial,Tactician,907,29,party,True,3,1234.5647616712222,0.0,0,False
5,0,Food_Striker,Food,Striker,6028,27,party,True,3,552.967179813527,0.0,0,False
5,0,Dead_Fixer,Dead,Fixer,9883,26,party,True,3,172.52049675127867,467.88600227441157,0,True
5,0,Game_Tactician,Game,Tactician,5445,28,party,True,3,1185.6565384212038,0.0,0,False
5,0,Murder_Tactician,Murder,Tactician,4569,29,party,True,3,1260.9073587992807,0.0,0,False
5,0,Master_Tactician,Master,Tactician,4363,24,enemy,False,3,0.0,0.0,0,True
5,0,Industrial_Tactician,Industrial,Tactician,5894,22,enemy,False,3,0.0,0.0,0,True
5,0,Box_Tactician,Box,Tactician,9037,20,enemy,False,3,0.0,0.0,0,True
5,0,Industrial_Fixer,Industrial,Fixer,1774,22,enemy,False,3,0.0,172.52049675127864,0,True
5,0,Murder_Bulwark,Murder,Bulwark,7726,23,enemy,False,3,467.88600227441157,0.0,0,True
5,1,Blackhole_Tactician,Blackhole,Tactician,2683,43,party,True,2,1077.7535845184002,0.0,0,False
5,1,Blackhole_Fixer,Blackhole,Fixer,2680,44,party,True,2,505.63381392208197,0.0,0,False
5,1,Blackhole_Tactician,Blackhole,Tactician,3575,40,party,True,2,1115.383213373725,0.0,0,False
5,1,Blackhole_Bulwark,Blackhole,Bulwark,4705,41,party,True,2,540.3471606227424,0.0,0,False
5,1,Blackhole_Tactician,Blackhole,Tactician,3033,43,party,True,2,2253.7444041993926,0.0,0,False
5,1,Bee_Fixer,Bee,Fixer,3404,13,enemy,False,2,0.0,0.0,0,True
5,1,Animal_Fixer,Animal,Fixer,6616,12,enemy,False,2,0.0,0.0,0,True
5,1,Industrial_Fixer,Industrial,Fixer,8867,12,enemy,False,2,0.0,0.0,0,True
5,1,Animal_Striker,Animal,Striker,276,14,enemy,False,2,0.0,0.0,0,True
5,1,Animal_Fixer,Animal,Fixer,9526,14,enemy,False,2,0.0,0.0,0,True
5,2,Ultimate_Tactician,Ultimate,Tactician,2719,42,party,True,3,443.4982576822609,0.0,0,False
5,2,Blackhole_Tactician,Blackhole,Tactician,7919,44,party,True,3,1592.4416650921053,0.0,0,False
5,2,Ultimate_Bulwark,Ultimate,Bulwark,19,40,party,True,3,261.4088504713615,0.0,0,False
5,2,Ultimate_Fixer,Ultimate,Fixer,9964,42,party,True,3,478.08597116925534,0.0,0,False
5,2,Blackhole_Bulwark,Blackhole,Bulwark,6022,40,party,True,3,606.733661709545,0.0,0,False
5,2,Food_Striker,Food,Striker,1341,16,enemy,False,3,0.0,0.0,0,True
5,2,Industrial_Tactician,Industrial,Tactician,1505,17,enemy,False,3,0.0,0.0,0,True
5,2,Animal_Striker,Animal,Striker,3765,15,enemy,False,3,0.0,0.0,0,True
5,2,Animal_Striker,Animal,Striker,3725,16,enemy,False,3,0.0,0.0,0,True
5,2,Animal_Striker,Animal,Striker,2027,16,enemy,False,3,0.0,0.0,0,True
5,3,Box_Bulwark,Box,Bulwark,5484,31,party,True,6,553.4260738475944,0.0,0,True
5,3,Master_Striker,Master,Striker,7284,33,party,True,6,2633.6986443112737,0.0,0,False
5,3,Master_Bulwark,Master,Bulwark,3417,34,party,True,6,1609.825734376212,0.0,0,False
5,3,Blackhole_Bulwark,Blackhole,Bulwark,5054,31,party,True,6,1151.6314779270633,0.0,0,True
5,3,Blackhole_Tactician,Blackhole,Tactician,4063,32,party,True,6,1620.3540627501861,0.0,0,False
5,3,Dead_Fixer,Dead,Fixer,2632,35,enemy,False,6,598.3516452371671,2214.6014431377844,0,True
5,3,Dead_Bulwark,Dead,Bulwark,6433,36,enemy,False,6,1237.3186932237388,0.0,0,True
5,3,Ultimate_Bulwark,Ultimate,Bulwark,6469,39,enemy,False,6,636.0270149662464,0.0,0,True
5,3,Master_Fixer,Master,Fixer,7102,37,enemy,False,6,224.82435597189698,553.4260738475942,0,True
5,3,Dead_Fixer,Dead,Fixer,9265,35,enemy,False,6,0.0,1105.4126318126318,0,True
5,4,Game_Fixer,Game,Fixer,7975,28,party,False,9,0.0,0.0,0,True
5,4,Master_Striker,Master,Striker,5268,27,party,False,9,1032.6298767276135,0.0,0,True
5,4,Master_Tactician,Master,Tactician,9192,27,party,False,9,857.3003326067743,0.0,0,True
5,4,Box_Bulwark,Box,Bulwark,87,29,party,False,9,532.8004174956958,0.0,0,True
5,4,Bee_Striker,Bee,Striker,7438,25,party,False,9,1013.7015405553494,0.0,0,True
5,4,Golden_Striker,Golden,Striker,2807,46,enemy,True,9,0.0,0.0,0,True
5,4,Golden_Striker,Golden,Striker,360,46,enemy,True,9,1035.1536260397545,0.0,0,False
5,4,Ultimate_Fixer,Ultimate,Fixer,8631,45,enemy,True,9,498.0569045011133,0.0,0,True
5,4,Golden_Striker,Golden,Striker,2690,46,enemy,True,9,2081.4261013722594,0.0,0,False
5,4,Golden_Striker,Golden,Striker,6017,46,enemy,True,9,996.8853604350143,0.0,0,True
5,5,Industrial_Tactician,Industrial,Tactician,6866,14,party,True,2,590.4969953155015,0.0,0,False
5,5,Murder_Tactician,Murder,Tactician,5932,12,party,True,2,567.2450384210799,0.0,0,False
5,5,Industrial_Tactician,Industrial,Tactician,6239,14,party,True,2,532.0197044334975,0.0,0,False
5,5,Animal_Tactician,Animal,Tactician,8120,14,party,True,2,592.7378038453769,0.0,0,False
5,5,Animal_Tactician,Animal,Tactician,712,12,party,True,2,445.42159444821897,0.0,0,False
5,5,Industrial_Tactician,Industrial,Tactician,6645,14,enemy,False,2,0.0,0.0,0,True
5,5,Industrial_Fixer,Industrial,Fixer,5253,13,enemy,False,2,0.0,0.0,0,True
5,5,Game_Bulwark,Game,Bulwark,5140,14,enemy,False,2,0.0,0.0,0,True
5,5,Animal_Bulwark,Animal,Bulwark,898,14,enemy,False,2,0.0,0.0,0,True
5,5,Animal_Fixer,Animal,Fixer,622,13,enemy,False,2,143.90989949130545,0.0,0,True
5,6,Game_Bulwark,Game,Bulwark,1147,20,party,False,12,401.4708496219728,0.0,0,True
5,6,Master_Fixer,Master,Fixer,6321,21,party,False,12,453.5438690396539,164.48675258644053,0,True
5,6,Game_Fixer,Game,Fixer,7873,20,party,False,12,675.837308333939,0.0,0,True
5,6,Murder_Striker,Murder,Striker,349,20,party,False,12,470.17956110909006,0.0,0,True
5,6,Box_Tactician,Box,Tactician,1189,24,party,False,12,1254.9019607843136,0.0,0,True
5,6,Murder_Bulwark,Murder,Bulwark,6680,20,enemy,True,12,0.0,0.0,0,True
5,6,Industrial_Striker,Industrial,Striker,1316,24,enemy,True,12,1532.2923491506656,0.0,0,False
5,6,Game_Bulwark,Game,Bulwark,4545,24,enemy,True,12,956.8319307746789,0.0,0,True
5,6,Game_Fixer,Game,Fixer,2275,20,enemy,True,12,493.84911533044794,471.7592796217335,0,False
5,6,Animal_Striker,Animal,Striker,267,21,enemy,True,12,479.35220015326377,0.0,0,True
5,7,Master_Tactician,Master,Tactician,1302,24,party,False,5,0.0,0.0,0,True
5,7,Box_Striker,Box,Striker,2429,20,party,False,5,0.0,0.0,0,True
5,7,Animal_Striker,Animal,Striker,5197,20,party,False,5,488.28125,0.0,0,True
5,7,Box_Bulwark,Box,Bulwark,4239,24,party,False,5,468.8007354166881,0.0,0,True
5,7,Game_Fixer,Game,Fixer,7457,20,party,False,5,0.0,190.02375296912112,0,True
5,7,Bee_Striker,Bee,Striker,8453,26,enemy,True,5,508.92775932484153,0.0,0,False
5,7,Master_Tactician,Master,Tactician,4465,25,enemy,True,5,916.7674683775588,0.0,0,False
5,7,Master_Tactician,Master,Tactician,2659,25,enemy,True,5,1083.665369520558,0.0,0,False
5,7,Master_Fixer,Master,Fixer,4721,25,enemy,True,5,380.95454055861995,468.8007354166881,0,False
5,7,Murder_Striker,Murder,Striker,1463,26,enemy,True,5,1599.9715592681991,0.0,0,False
5,8,Industrial_Striker,Industrial,Striker,9532,27,party,False,9,0.0,0.0,0,True
5,8,Box_Tactician,Box,Tactician,3873,28,party,False,9,782.9588504557059,0.0,0,True
5,8,Master_Striker,Master,Striker,9707,25,party,False,9,958.7727708533079,0.0,0,True
5,8,Game_Striker,Game,Striker,7691,26,party,False,9,498.1929456094566,0.0,0,True
5,8,Box_Striker,Box,Striker,3954,25,party,False,9,499.1500886365641,0.0,0,True
5,8,Ultimate_Bulwark,Ultimate,Bulwark,8633,40,enemy,True,9,1892.1278001899439,0.0,0,False
5,8,Blackhole_Bulwark,Blackhole,Bulwark,4705,41,enemy,True,9,1332.4887464336337,0.0,0,True
5,8,Dead_Fixer,Dead,Fixer,4247,41,enemy,True,9,243.98082629300177,0.0,0,True
5,8,Blackhole_Fixer,Blackhole,Fixer,5741,40,enemy,True,9,715.4284911381912,499.1500886365641,0,False
5,8,Ultimate_Tactician,Ultimate,Tactician,2719,42,enemy,True,9,1728.1161866935474,0.0,0,False
5,9,Blackhole_Fixer,Blackhole,Fixer,9720,33,party,False,5,0.0,0.0,0,True
5,9,Master_Fixer,Master,Fixer,604,34,party,False,5,201.09306953787888,0.0,0,True
5,9,Master_Striker,Master,Striker,6324,33,party,False,5,0.0,0.0,0,True
5,9,Dead_Striker,Dead,Striker,9227,34,party,False,5,1184.3254568624354,0.0,0,True
5,9,Dead_Tactician,Dead,Tactician,651,31,party,False,5,1050.2829482361767,0.0,0,True
5,9,Blackhole_Tactician,Blackhole,Tactician,3033,43,enemy,True,5,1546.1466144664867,0.0,0,False
5,9,Ultimate_Bulwark,Ultimate,Bulwark,4051,40,enemy,True,5,1252.317043170601,0.0,0,True
5,9,Ultimate_Bulwark,Ultimate,Bulwark,383,43,enemy,True,5,1927.031811864492,0.0,0,False
5,9,Blackhole_Bulwark,Blackhole,Bulwark,4705,41,enemy,True,5,1329.9038992048584,0.0,0,True
5,9,Ultimate_Fixer,Ultimate,Fixer,9964,42,enemy,True,5,227.60812750426962,201.09306953787888,0,False
5,10,Dead_Tactician,Dead,Tactician,4718,36,party,True,3,3017.4837553991347,0.0,0,False
5,10,Box_Tactician,Box,Tactician,5841,35,party,True,3,1227.7466106149593,0.0,0,False
5,10,Master_Striker,Master,Striker,7467,37,party,True,3,2155.5122525632055,0.0,0,False
5,10,Dead_Bulwark,Dead,Bulwark,544,37,party,True,3,590.4611113954958,0.0,0,True
5,10,Ultimate_Fixer,Ultimate,Fixer,1818,36,party,True,3,216.60704011348707,493.4770708965054,0,False
5,10,Golden_Striker,Golden,Striker,6909,45,enemy,False,3,0.0,0.0,0,True
5,10,Golden_Striker,Golden,Striker,1965,45,enemy,False,3,0.0,0.0,0,True
5,10,Golden_Striker,Golden,Striker,6011,46,enemy,False,3,0.0,0.0,0,True
5,10,Golden_Striker,Golden,Striker,2913,47,enemy,False,3,1024.2154032862124,0.0,0,True
5,10,Ultimate_Fixer,Ultimate,Fixer,8631,45,enemy,False,3,493.4770708965054,0.0,0,True
5,11,Golden_Striker,Golden,Striker,2869,45,party,False,3,0.0,0.0,0,True
5,11,Golden_Striker,Golden,Striker,1706,46,party,False,3,0.0,0.0,0,True
5,11,Golden_Striker,Golden,Striker,947,45,party,False,3,0.0,0.0,0,True
5,11,Golden_Striker,Golden,Striker,2807,46,party,False,3,0.0,0.0,0,True
5,11,Golden_Striker,Golden,Striker,2913,47,party,False,3,1031.1491632697748,0.0,0,True
5,11,Blackhole_Fixer,Blackhole,Fixer,2875,33,enemy,True,3,219.17808219178082,0.0,0,False
5,11,Master_Striker,Master,Striker,9888,30,enemy,True,3,1952.5096163156827,0.0,0,False
5,11,Blackhole_Tactician,Blackhole,Tactician,2315,33,enemy,True,3,1691.6056542029435,0.0,0,False
5,11,Master_Tactician,Master,Tactician,9679,30,enemy,True,3,962.2702319451274,0.0,0,False
5,11,Ultimate_Bulwark,Ultimate,Bulwark,4929,33,enemy,True,3,1135.5239506909052,0.0,0,True
5,12,Box_Fixer,Box,Fixer,9084,25,party,True,6,182.23234624145786,209.11791034103368,0,False
5,12,Dead_Striker,Dead,Striker,1469,28,party,True,6,2185.1728130167776,0.0,0,False
5,12,Box_Striker,Box,Striker,2350,26,party,True,6,1528.369876848034,0.0,0,False
5,12,Dead_Tactician,Dead,Tactician,4315,25,party,True,6,989.1405457987943,0.0,0,True
5,12,Industrial_Tactician,Industrial,Tactician,6916,29,party,True,6,834.0576562282989,0.0,0,True
5,12,Dead_Striker,Dead,Striker,2416,36,enemy,False,6,0.0,0.0,0,True
5,12,Dead_Bulwark,Dead,Bulwark,8083,38,enemy,False,6,1200.4701076862661,0.0,0,True
5,12,Dead_Fixer,Dead,Fixer,4226,36,enemy,False,6,215.96118129056669,0.0,0,True
5,12,Blackhole_Fixer,Blackhole,Fixer,6458,35,enemy,False,6,222.22222222222223,0.0,0,True
5,12,Dead_Fixer,Dead,Fixer,4920,35,enemy,False,6,415.3314052606641,0.0,0,True
5,13,Industrial_Tactician,Industrial,Tactician,9275,15,party,False,4,0.0,0.0,0,True
5,13,Industrial_Tactician,Industrial,Tactician,6847,16,party,False,4,0.0,0.0,0,True
5,13,Industrial_Bulwark,Industrial,Bulwark,2657,15,party,False,4,355.22672664669847,0.0,0,True
5,13,Animal_Bulwark,Animal,Bulwark,8877,18,party,False,4,432.00187745695484,0.0,0,True
5,13,Box_Striker,Box,Striker,1608,16,party,False,4,426.92448026843033,0.0,0,True
5,13,Game_Striker,Game,Striker,5350,17,enemy,True,4,1256.7298673728062,0.0,0,False
5,13,Bee_Tactician,Bee,Tactician,9809,16,enemy,True,4,1102.64952458957,0.0,0,True
5,13,Game_Bulwark,Game,Bulwark,8779,18,enemy,True,4,1892.6030545016013,0.0,0,False
5,13,Industrial_Fixer,Industrial,Fixer,1670,17,enemy,True,4,128.17873585914586,355.22672664669847,0,False
5,13,Bee_Tactician,Bee,Tactician,5711,19,enemy,True,4,938.2666442182514,0.0,0,False
5,14,Game_Fixer,Game,Fixer,844,18,party,False,3,0.0,0.0,0,True
5,14,Murder_Striker,Murder,Striker,2143,16,party,False,3,0.0,0.0,0,True
5,14,Industrial_Tactician,Industrial,Tactician,5152,16,party,False,3,0.0,0.0,0,True
5,14,Animal_Striker,Animal,Striker,9285,16,party,False,3,0.0,0.0,0,True
5,14,Bee_Striker,Bee,Striker,3610,17,party,False,3,0.0,0.0,0,True
5,14,Master_Tactician,Master,Tactician,5440,20,enemy,True,3,693.6018205721928,0.0,0,False
5,14,Game_Tactician,Game,Tactician,7903,22,enemy,True,3,1139.810563897161,0.0,0,False
5,14,Industrial_Fixer,Industrial,Fixer,3199,20,enemy,True,3,163.17848796612634,0.0,0,False
5,14,Box_Tactician,Box,Tactician,2426,20,enemy,True,3,1007.3443743150303,0.0,0,False
5,14,Game_Fixer,Game,Fixer,7475,22,enemy,True,3,170.36708399998398,0.0,0,False
5,15,Industrial_Bulwark,Industrial,Bulwark,7639,30,party,True,3,1026.9075934202829,0.0,0,False
5,15,Blackhole_Tactician,Blackhole,Tactician,7546,30,party,True,3,1240.6630441715313,0.0,0,False
5,15,Dead_Tactician,Dead,Tactician,8753,32,party,True,3,3086.2878973650695,0.0,0,False
5,15,Blackhole_Bulwark,Blackhole,Bulwark,5054,31,party,True,3,1420.1183431952663,0.0,0,False
5,15,Box_Fixer,Box,Fixer,5087,33,party,True,3,209.6545674660923,434.1879567960757,0,False
5,15,Animal_Striker,Animal,Striker,7496,18,enemy,False,3,0.0,0.0,0,True
5,15,Animal_Striker,Animal,Striker,8760,15,enemy,False,3,0.0,0.0,0,True
5,15,Animal_Striker,Animal,Striker,534,16,enemy,False,3,0.0,0.0,0,True
5,15,Murder_Bulwark,Murder,Bulwark,9758,17,enemy,False,3,434.1879567960757,0.0,0,True
5,15,Animal_Fixer,Animal,Fixer,2313,16,enemy,False,3,0.0,236.68639053254438,0,True
5,16,Master_Bulwark,Master,Bulwark,7582,35,party,True,3,1137.70765059608,0.0,0,False
5,16,Dead_Bulwark,Dead,Bulwark,5813,36,party,True,3,591.0272294313496,0.0,0,False
5,16,Dead_Fixer,Dead,Fixer,6519,35,party,True,3,202.3917071612623,202.8602064833949,0,True
5,16,Dead_Tactician,Dead,Tactician,9606,35,party,True,3,3030.4807534204288,0.0,0,False
5,16,Master_Tactician,Master,Tactician,8443,36,party,True,3,1050.7254725881976,0.0,0,False
5,16,Ultimate_Fixer,Ultimate,Fixer,6152,36,enemy,False,3,0.0,0.0,0,True
5,16,Master_Striker,Master,Striker,6543,37,enemy,False,3,0.0,0.0,0,True
5,16,Master_Bulwark,Master,Bulwark,3859,37,enemy,False,3,0.0,0.0,0,True
5,16,Dead_Fixer,Dead,Fixer,6519,35,enemy,False,3,202.86020648339488,0.0,0,True
5,16,Master_Striker,Master,Striker,5951,36,enemy,False,3,0.0,0.0,0,True
5,17,Dead_Tactician,Dead,Tactician,3948,36,party,True,3,2293.393075652036,0.0,0,True
5,17,Dead_Fixer,Dead,Fixer,4129,35,party,True,3,460.43165467625903,0.0,0,False
5,17,Blackhole_Bulwark,Blackhole,Bulwark,1666,35,party,True,3,244.13520803837528,0.0,0,False
5,17,Blackhole_Striker,Blackhole,Striker,7137,37,party,True,3,2629.6331340776214,0.0,0,False
5,17,Dead_Tactician,Dead,Tactician,4718,36,party,True,3,1570.6581373334732,0.0,0,False
5,17,Industrial_Fixer,Industrial,Fixer,2826,12,enemy,False,3,0.0,0.0,0,True
5,17,Animal_Bulwark,Animal,Bulwark,8675,14,enemy,False,3,0.0,0.0,0,True
5,17,Bee_Tactician,Bee,Tactician,4290,14,enemy,False,3,0.0,0.0,0,True
5,17,Bee_Tactician,Bee,Tactician,7817,14,enemy,False,3,520.5319454471592,0.0,0,True
5,17,Game_Tactician,Game,Tactician,4672,13,enemy,False,3,659.3404642330682,0.0,0,True
5,18,Game_Bulwark,Game,Bulwark,4969,16,party,False,8,0.0,0.0,0,True
5,18,Food_Striker,Food,Striker,1619,17,party,False,8,0.0,0.0,0,True
5,18,Game_Bulwark,Game,Bulwark,9831,18,party,False,8,533.8290338135859,0.0,0,True
5,18,Box_Tactician,Box,Tactician,8167,15,party,False,8,1241.0955554445893,0.0,0,True
5,18,Industrial_Tactician,Industrial,Tactician,2278,16,party,False,8,588.1699135605636,0.0,0,True
5,18,Game_Striker,Game,Striker,9416,17,enemy,True,8,447.51715771053125,0.0,0,True
5,18,Industrial_Tactician,Industrial,Tactician,795,17,enemy,True,8,1417.3228346456694,0.0,0,True
5,18,Industrial_Tactician,Industrial,Tactician,9923,19,enemy,True,8,660.940460862914,0.0,0,True
5,18,Game_Striker,Game,Striker,4905,15,enemy,True,8,811.2799005126425,0.0,0,False
5,18,Game_Tactician,Game,Tactician,5064,19,enemy,True,8,836.3246372538583,0.0,0,True
5,19,Blackhole_Bulwark,Blackhole,Bulwark,6022,40,party,True,4,2524.735035257838,0.0,0,False
5,19,Blackhole_Fixer,Blackhole,Fixer,5741,40,party,True,4,234.78627639301195,0.0,0,False
5,19,Blackhole_Tactician,Blackhole,Tactician,7753,40,party,True,4,1517.409596970931,0.0,0,False
5,19,Blackhole_Tactician,Blackhole,Tactician,8148,41,party,True,4,2117.764825610086,0.0,0,True
5,19,Blackhole_Fixer,Blackhole,Fixer,6096,44,party,True,4,237.70298793254193,0.0,0,False
5,19,Animal_Tactician,Animal,Tactician,9792,27,enemy,False,4,0.0,0.0,0,True
5,19,Bee_Tactician,Bee,Tactician,698,26,enemy,False,4,0.0,0.0,0,True
5,19,Murder_Fixer,Murder,Fixer,2060,29,enemy,False,4,0.0,0.0,0,True
5,19,Murder_Bulwark,Murder,Bulwark,8320,25,enemy,False,4,483.0917874396135,0.0,0,True
5,19,Master_Fixer,Master,Fixer,7872,28,enemy,False,4,172.4343918494461,0.0,0,True
5,20,Blackhole_Fixer,Blackhole,Fixer,6671,38,party,True,8,1099.235531488808,382.23043771587766,0,False
5,20,Blackhole_Fixer,Blackhole,Fixer,4962,35,party,True,8,926.2506647632782,0.0,0,False
5,20,Blackhole_Tactician,Blackhole,Tactician,5910,36,party,True,8,1048.950638494877,0.0,0,True
5,20,Master_Fixer,Master,Fixer,2100,39,party,True,8,694.4999498940468,0.0,0,False
5,20,Blackhole_Striker,Blackhole,Striker,7316,36,party,True,8,638.5042380040896,0.0,0,True
5,20,Dead_Fixer,Dead,Fixer,8294,28,enemy,False,8,0.0,0.0,0,True
5,20,Dead_Fixer,Dead,Fixer,7757,27,enemy,False,8,0.0,0.0,0,True
5,20,Blackhole_Fixer,Blackhole,Fixer,2729,29,enemy,False,8,576.4140201793339,463.1253323816391,0,True
5,20,Industrial_Tactician,Industrial,Tactician,4998,27,enemy,False,8,838.1064798022228,0.0,0,True
5,20,Bee_Striker,Bee,Striker,7825,26,enemy,False,8,521.3131468668445,0.0,0,True
5,21,Industrial_Fixer,Industrial,Fixer,7745,14,party,False,8,0.0,0.0,0,True
5,21,Industrial_Fixer,Industrial,Fixer,9994,14,party,False,8,239.32041399595192,258.0078435576681,0,True
5,21,Industrial_Fixer,Industrial,Fixer,8977,13,party,False,8,228.18306158790747,0.0,0,True
5,21,Animal_Tactician,Animal,Tactician,9684,14,party,False,8,610.232781289235,0.0,0,True
5,21,Animal_Tactician,Animal,Tactician,2153,14,party,False,8,610.232781289235,0.0,0,True
5,21,Golden_Striker,Golden,Striker,8000,46,enemy,True,8,1052.5254045616457,0.0,0,False
5,21,Golden_Striker,Golden,Striker,5136,46,enemy,True,8,3147.222819457814,0.0,0,False
5,21,Ultimate_Fixer,Ultimate,Fixer,433,45,enemy,True,8,506.59662668913023,0.0,0,True
5,21,Ultimate_Fixer,Ultimate,Fixer,8631,45,enemy,True,8,772.1762191439518,586.2513606133491,0,False
5,21,Golden_Striker,Golden,Striker,1965,45,enemy,True,8,1003.164748522906,0.0,0,False
5,22,Animal_Tactician,Animal,Tactician,1233,22,party,True,9,1288.2088390038703,0.0,0,True
5,22,Bee_Striker,Bee,Striker,7434,24,party,True,9,1521.5186363648982,0.0,0,False
5,22,Industrial_Tactician,Industrial,Tactician,878,21,party,True,9,1082.2932263326697,0.0,0,True
5,22,Industrial_Bulwark,Industrial,Bulwark,6702,24,party,True,9,427.95559377986405,0.0,0,True
5,22,Master_Fixer,Master,Fixer,2556,22,party,True,9,466.3704187115347,254.33948559239317,0,False
5,22,Golden_Striker,Golden,Striker,1895,46,enemy,False,9,0.0,0.0,0,True
5,22,Golden_Striker,Golden,Striker,947,45,enemy,False,9,2082.437958634662,0.0,0,True
5,22,Ultimate_Fixer,Ultimate,Fixer,2358,45,enemy,False,9,254.33948559239317,0.0,0,True
5,22,Golden_Striker,Golden,Striker,1965,45,enemy,False,9,998.252090596741,0.0,0,True
5,22,Golden_Striker,Golden,Striker,8082,45,enemy,False,9,1017.1495808705861,0.0,0,True
5,23,Golden_Striker,Golden,Striker,10,46,party,True,9,0.0,0.0,0,True
5,23,Ultimate_Fixer,Ultimate,Fixer,433,45,party,True,9,246.81858904970414,0.0,0,True
5,23,Golden_Striker,Golden,Striker,6909,45,party,True,9,1006.639620321854,0.0,0,False
5,23,Golden_Striker,Golden,Striker,2022,46,party,True,9,1038.177443837339,0.0,0,True
5,23,Golden_Striker,Golden,Striker,1706,46,party,True,9,4014.807735112694,0.0,0,False
5,23,Master_Tactician,Master,Tactician,5028,29,enemy,False,9,562.5622375769977,0.0,0,True
5,23,Murder_Striker,Murder,Striker,9902,28,enemy,False,9,542.8842849800749,0.0,0,True
5,23,Master_Striker,Master,Striker,121,25,enemy,False,9,957.3961025866652,0.0,0,True
5,23,Box_Striker,Box,Striker,6231,29,enemy,False,9,1049.7818673266186,0.0,0,True
5,23,Bee_Tactician,Bee,Tactician,5506,28,enemy,False,9,759.5458309276337,0.0,0,True
5,24,Animal_Tactician,Animal,Tactician,8799,14,party,False,3,0.0,0.0,0,True
5,24,Animal_Bulwark,Animal,Bulwark,8675,14,party,False,3,0.0,0.0,0,True
5,24,Food_Bulwark,Food,Bulwark,6956,14,party,False,3,371.3310974312001,0.0,0,True
5,24,Bee_Fixer,Bee,Fixer,5498,13,party,False,3,0.0,261.4088504713615,0,True
5,24,Game_Fixer,Game,Fixer,8765,13,party,False,3,118.98205525938653,0.0,0,True
5,24,Blackhole_Bulwark,Blackhole,Bulwark,6022,40,enemy,True,3,484.9096560840885,0.0,0,False
5,24,Ultimate_Bulwark,Ultimate,Bulwark,19,40,enemy,True,3,261.4088504713615,0.0,0,False
5,24,Ultimate_Bulwark,Ultimate,Bulwark,383,43,enemy,True,3,1313.514768457584,0.0,0,False
5,24,Blackhole_Tactician,Blackhole,Tactician,2683,43,enemy,True,3,1506.715468630286,0.0,0,False
5,24,Golden_Striker,Golden,Striker,2062,43,enemy,True,3,10041.530881766232,0.0,0,False
5,25,Ultimate_Bulwark,Ultimate,Bulwark,1404,30,party,True,4,1454.9114327346142,0.0,0,False
5,25,Ultimate_Bulwark,Ultimate,Bulwark,1520,32,party,True,4,1697.0317363242575,0.0,0,False
5,25,Master_Fixer,Master,Fixer,8650,30,party,True,4,205.26320231631416,208.06820228017955,0,False
5,25,Blackhole_Tactician,Blackhole,Tactician,8313,31,party,True,4,922.5340562193992,0.0,0,True
5,25,Master_Tactician,Master,Tactician,1173,34,party,True,4,1275.0088632515992,0.0,0,True
5,25,Master_Striker,Master,Striker,5183,32,enemy,False,4,0.0,0.0,0,True
5,25,Box_Bulwark,Box,Bulwark,4173,30,enemy,False,4,1031.481992617774,0.0,0,True
5,25,Master_Fixer,Master,Fixer,8966,31,enemy,False,4,407.60748465500734,225.56873867873503,0,True
5,25,Blackhole_Fixer,Blackhole,Fixer,2389,30,enemy,False,4,208.06820228017952,0.0,0,True
5,25,Industrial_Tactician,Industrial,Tactician,8953,30,enemy,False,4,952.5609695742019,0.0,0,True
5,26,Golden_Striker,Golden,Striker,2869,45,party,False,3,0.0,0.0,0,True
5,26,Golden_Striker,Golden,Striker,2807,46,party,False,3,0.0,0.0,0,True
5,26,Golden_Striker,Golden,Striker,1052,48,party,False,3,0.0,0.0,0,True
5,26,Golden_Striker,Golden,Striker,6909,45,party,False,3,0.0,0.0,0,True
5,26,Golden_Striker,Golden,Striker,8082,45,party,False,3,1006.4016025904933,0.0,0,True
5,26,Ultimate_Bulwark,Ultimate,Bulwark,8633,40,enemy,True,3,2604.6996108433505,0.0,0,False
5,26,Ultimate_Fixer,Ultimate,Fixer,416,41,enemy,True,3,229.46232454736543,0.0,0,False
5,26,Blackhole_Tactician,Blackhole,Tactician,2683,43,enemy,True,3,2499.4631201911093,0.0,0,False
5,26,Blackhole_Bulwark,Blackhole,Bulwark,4343,40,enemy,True,3,649.0267926435663,0.0,0,True
5,26,Ultimate_Bulwark,Ultimate,Bulwark,6883,41,enemy,True,3,1131.6768306561457,0.0,0,False
5,27,Blackhole_Fixer,Blackhole,Fixer,124,32,party,False,14,614.3804774135901,556.1048060540203,0,True
5,27,Master_Fixer,Master,Fixer,9746,30,party,False,14,747.2883276671523,428.870961839709,0,True
5,27,Industrial_Tactician,Industrial,Tactician,4877,30,party,False,14,1206.687278140387,0.0,0,True
5,27,Blackhole_Fixer,Blackhole,Fixer,9720,33,party,False,14,435.707258351698,0.0,0,True
5,27,Dead_Tactician,Dead,Tactician,5747,33,party,False,14,2129.145024315515,0.0,0,True
5,27,Blackhole_Tactician,Blackhole,Tactician,9493,31,enemy,True,14,0.0,0.0,0,True
5,27,Blackhole_Fixer,Blackhole,Fixer,2905,31,enemy,True,14,409.58266577140387,0.0,0,True
5,27,Master_Striker,Master,Striker,7948,34,enemy,True,14,2061.750940867243,0.0,0,True
5,27,Master_Fixer,Master,Fixer,5057,33,enemy,True,14,1230.7245753198547,1293.529759870525,0,False
5,27,Ultimate_Bulwark,Ultimate,Bulwark,1404,30,enemy,True,14,2231.0237770124027,0.0,0,False
5,28,Bee_Tactician,Bee,Tactician,5712,21,party,False,6,0.0,0.0,0,True
5,28,Animal_Bulwark,Animal,Bulwark,5936,24,party,False,6,0.0,0.0,0,True
5,28,Animal_Striker,Animal,Striker,7885,23,party,False,6,999.8231237436639,0.0,0,True
5,28,Murder_Striker,Murder,Striker,7953,24,party,False,6,508.42978695759604,0.0,0,True
5,28,Game_Fixer,Game,Fixer,8384,22,party,False,6,176.58035801688206,0.0,0,True
5,28,Dead_Tactician,Dead,Tactician,5573,24,enemy,True,6,1281.8287692867289,0.0,0,True
5,28,Box_Striker,Box,Striker,4582,20,enemy,True,6,917.4427098164057,0.0,0,False
5,28,Master_Fixer,Master,Fixer,4356,22,enemy,True,6,330.14561979938776,176.58035801688203,0,False
5,28,Murder_Tactician,Murder,Tactician,7670,20,enemy,True,6,969.6533402020999,0.0,0,True
5,28,Dead_Fixer,Dead,Fixer,8434,23,enemy,True,6,563.3865052361805,0.0,0,True
5,29,Food_Striker,Food,Striker,3464,24,party,True,3,0.0,0.0,0,True
5,29,Game_Striker,Game,Striker,1890,23,party,True,3,497.9511243742953,0.0,0,False
5,29,Game_Striker,Game,Striker,1182,21,party,True,3,933.0411523954706,0.0,0,False
5,29,Industrial_Tactician,Industrial,Tactician,9876,24,party,True,3,1106.5835714896673,0.0,0,False
5,29,Industrial_Tactician,Industrial,Tactician,9958,21,party,True,3,1263.7074504141888,0.0,0,False
5,29,Murder_Tactician,Murder,Tactician,7168,28,enemy,False,3,782.0136852394917,0.0,0,True
5,29,Food_Bulwark,Food,Bulwark,2555,28,enemy,False,3,0.0,0.0,0,True
5,29,Master_Striker,Master,Striker,1551,27,enemy,False,3,0.0,0.0,0,True
5,29,Industrial_Striker,Industrial,Striker,1251,26,enemy,False,3,0.0,0.0,0,True
5,29,Dead_Striker,Dead,Striker,3098,29,enemy,False,3,0.0,0.0,0,True
5,30,Golden_Striker,Golden,Striker,2913,47,party,True,7,0.0,0.0,0,True
5,30,Golden_Striker,Golden,Striker,10,46,party,True,7,0.0,0.0,0,True
5,30,Golden_Striker,Golden,Striker,1680,47,party,True,7,1997.6421203280288,0.0,0,True
5,30,Golden_Striker,Golden,Striker,5485,45,party,True,7,1999.591017382343,0.0,0,False
5,30,Golden_Striker,Golden,Striker,6011,46,party,True,7,2081.43403368171,0.0,0,False
5,30,Box_Fixer,Box,Fixer,8138,31,enemy,False,7,377.47353406757725,0.0,0,True
5,30,Master_Tactician,Master,Tactician,8160,30,enemy,False,7,875.2282150736103,0.0,0,True
5,30,Blackhole_Tactician,Blackhole,Tactician,5380,31,enemy,False,7,908.368466104706,0.0,0,True
5,30,Dead_Tactician,Dead,Tactician,3028,33,enemy,False,7,1133.3486174520337,0.0,0,True
5,30,Blackhole_Fixer,Blackhole,Fixer,5355,30,enemy,False,7,411.88041999223867,0.0,0,True
5,31,Dead_Fixer,Dead,Fixer,8664,35,party,True,8,893.5653596983832,0.0,0,False
5,31,Dead_Tactician,Dead,Tactician,2929,37,party,True,8,1191.5303683248228,0.0,0,True
5,31,Blackhole_Bulwark,Blackhole,Bulwark,8111,35,party,True,8,1193.8689951517604,0.0,0,True
5,31,Blackhole_Fixer,Blackhole,Fixer,5449,36,party,True,8,923.4465016213096,0.0,0,False
5,31,Master_Tactician,Master,Tactician,2095,35,party,True,8,666.0362488739743,0.0,0,True
5,31,Game_Bulwark,Game,Bulwark,8424,27,enemy,False,8,0.0,0.0,0,True
5,31,Game_Fixer,Game,Fixer,5878,25,enemy,False,8,0.0,0.0,0,True
5,31,Box_Tactician,Box,Tactician,2925,26,enemy,False,8,802.4945826573949,0.0,0,True
5,31,Murder_Striker,Murder,Striker,8136,25,enemy,False,8,555.5669870926528,0.0,0,True
5,31,Animal_Tactician,Animal,Tactician,1913,27,enemy,False,8,1023.5163016001309,0.0,0,True
5,32,Blackhole_Tactician,Blackhole,Tactician,4912,32,party,False,6,978.8867562380038,0.0,0,True
5,32,Blackhole_Striker,Blackhole,Striker,5127,30,party,False,6,1149.4252873563219,0.0,0,True
5,32,Dead_Fixer,Dead,Fixer,1977,33,party,False,6,398.34367818557536,241.748885688553,0,True
5,32,Blackhole_Fixer,Blackhole,Fixer,2137,33,party,False,6,0.0,1124.9906638602288,0,True
5,32,Blackhole_Tactician,Blackhole,Tactician,8500,32,party,False,6,922.9032844661273,0.0,0,True
5,32,Ultimate_Bulwark,Ultimate,Bulwark,19,40,enemy,True,6,0.0,0.0,0,True
5,32,Blackhole_Fixer,Blackhole,Fixer,2680,44,enemy,True,6,241.748885688553,0.0,0,True
5,32,Ultimate_Bulwark,Ultimate,Bulwark,5143,42,enemy,True,6,1307.6420921051401,0.0,0,True
5,32,Blackhole_Bulwark,Blackhole,Bulwark,6022,40,enemy,True,6,1196.9781058761737,0.0,0,False
5,32,Ultimate_Bulwark,Ultimate,Bulwark,8633,40,enemy,True,6,3278.9346882233294,0.0,0,False
5,33,Industrial_Striker,Industrial,Striker,8744,13,party,False,6,0.0,0.0,0,True
5,33,Animal_Bulwark,Animal,Bulwark,5868,14,party,False,6,0.0,0.0,0,True
5,33,Industrial_Fixer,Industrial,Fixer,2838,13,party,False,6,238.9445718508959,0.0,0,True
5,33,Game_Fixer,Game,Fixer,5732,13,party,False,6,130.72081566557563,0.0,0,True
5,33,Bee_Bulwark,Bee,Bulwark,6027,14,party,False,6,705.5873337502914,0.0,0,True
5,33,Murder_Striker,Murder,Striker,6794,23,enemy,True,6,501.37851657746154,0.0,0,False
5,33,Box_Bulwark,Box,Bulwark,1877,22,enemy,True,6,861.0223246032156,0.0,0,False
5,33,Animal_Tactician,Animal,Tactician,127,22,enemy,True,6,725.2345313481052,0.0,0,True
5,33,Bee_Fixer,Bee,Fixer,1626,21,enemy,True,6,181.05581415969564,0.0,0,False
5,33,Game_Bulwark,Game,Bulwark,6738,21,enemy,True,6,369.36400659170204,0.0,0,False
5,34,Golden_Striker,Golden,Striker,1706,46,party,True,6,1973.6936630296068,0.0,0,False
5,34,Ultimate_Fixer,Ultimate,Fixer,8060,46,party,True,6,480.23526376186777,0.0,0,True
5,34,Golden_Striker,Golden,Striker,9646,45,party,True,6,994.9571489061265,0.0,0,False
5,34,Ultimate_Fixer,Ultimate,Fixer,8631,45,party,True,6,242.8309115836876,0.0,0,True
5,34,Golden_Striker,Golden,Striker,2022,46,party,True,6,1024.2154032862124,0.0,0,True
5,34,Blackhole_Tactician,Blackhole,Tactician,2545,40,enemy,False,6,0.0,0.0,0,True
5,34,Blackhole_Bulwark,Blackhole,Bulwark,4343,40,enemy,False,6,649.6484658165965,0.0,0,True
5,34,Blackhole_Tactician,Blackhole,Tactician,3575,40,enemy,False,6,2158.186466451361,0.0,0,True
5,34,Ultimate_Bulwark,Ultimate,Bulwark,4051,40,enemy,False,6,621.3557716594305,0.0,0,True
5,34,Blackhole_Bulwark,Blackhole,Bulwark,1891,43,enemy,False,6,1861.6889196800735,0.0,0,True
5,35,Golden_Striker,Golden,Striker,1052,48,party,False,10,0.0,0.0,0,True
5,35,Ultimate_Fixer,Ultimate,Fixer,8288,45,party,False,10,732.9179223884742,0.0,0,True
5,35,Golden_Striker,Golden,Striker,5136,46,party,False,10,1022.2514236058938,0.0,0,True
5,35,Golden_Striker,Golden,Striker,6011,46,party,False,10,1022.2514236058938,0.0,0,True
5,35,Golden_Striker,Golden,Striker,5485,45,party,False,10,984.4839157597462,0.0,0,True
5,35,Golden_Striker,Golden,Striker,1895,46,enemy,True,10,0.0,0.0,0,True
5,35,Golden_Striker,Golden,Striker,2022,46,enemy,True,10,1021.2722555756199,0.0,0,False
5,35,Golden_Striker,Golden,Striker,5136,46,enemy,True,10,3069.703062148045,0.0,0,False
5,35,Golden_Striker,Golden,Striker,6011,46,enemy,True,10,1020.2949615511455,0.0,0,True
5,35,Golden_Striker,Golden,Striker,2869,45,enemy,True,10,1972.7434170065865,0.0,0,True
5,36,Golden_Striker,Golden,Striker,1680,47,party,False,6,0.0,0.0,0,True
5,36,Golden_Striker,Golden,Striker,6909,45,party,False,6,988.2667550133859,0.0,0,True
5,36,Ultimate_Fixer,Ultimate,Fixer,433,45,party,False,6,239.03602092651528,0.0,0,True
5,36,Ultimate_Fixer,Ultimate,Fixer,8288,45,party,False,6,241.73707864862595,0.0,0,True
5,36,Golden_Striker,Golden,Striker,360,46,party,False,6,1021.2722555756199,0.0,0,True
5,36,Blackhole_Bulwark,Blackhole,Bulwark,1891,43,enemy,True,6,620.1665740103216,0.0,0,True
5,36,Blackhole_Tactician,Blackhole,Tactician,8148,41,enemy,True,6,1863.1962862955322,0.0,0,False
5,36,Blackhole_Fixer,Blackhole,Fixer,1901,40,enemy,True,6,236.73938624320948,480.77309957514126,0,False
5,36,Ultimate_Bulwark,Ultimate,Bulwark,4051,40,enemy,True,6,620.1665740103216,0.0,0,True
5,36,Blackhole_Tactician,Blackhole,Tactician,7919,44,enemy,True,6,1972.4816297017705,0.0,0,False
5,37,Murder_Fixer,Murder,Fixer,6400,25,party,True,8,728.108595036188,0.0,0,False
5,37,Box_Fixer,Box,Fixer,616,25,party,True,8,714.615216482453,0.0,0,False
5,37,Industrial_Fixer,Industrial,Fixer,9462,29,party,True,8,982.7179960301405,0.0,0,False
5,37,Industrial_Tactician,Industrial,Tactician,1455,25,party,True,8,1184.0897411684095,0.0,0,True
5,37,Food_Striker,Food,Striker,347,25,party,True,8,1045.2806218100131,0.0,0,True
5,37,Golden_Striker,Golden,Striker,1142,46,enemy,False,8,0.0,0.0,0,True
5,37,Golden_Striker,Golden,Striker,4113,47,enemy,False,8,0.0,0.0,0,True
5,37,Golden_Striker,Golden,Striker,1965,45,enemy,False,8,997.2753272987011,0.0,0,True
5,37,Golden_Striker,Golden,Striker,9646,45,enemy,False,8,0.0,0.0,0,True
5,37,Golden_Striker,Golden,Striker,2807,46,enemy,False,8,2100.3132904328227,0.0,0,True
5,38,Blackhole_Bulwark,Blackhole,Bulwark,1138,27,party,False,3,0.0,0.0,0,True
5,38,Game_Striker,Game,Striker,6672,25,party,False,3,0.0,0.0,0,True
5,38,Dead_Fixer,Dead,Fixer,7019,26,party,False,3,0.0,0.0,0,True
5,38,Box_Fixer,Box,Fixer,4365,26,party,False,3,181.02464611792539,0.0,0,True
5,38,Bee_Striker,Bee,Striker,5435,25,party,False,3,0.0,0.0,0,True
5,38,Blackhole_Tactician,Blackhole,Tactician,9899,29,enemy,True,3,2098.7957468779973,0.0,0,False
5,38,Murder_Striker,Murder,Striker,1938,29,enemy,True,3,0.0,0.0,0,False
5,38,Game_Bulwark,Game,Bulwark,180,29,enemy,True,3,534.3634707367474,0.0,0,False
5,38,Bee_Tactician,Bee,Tactician,9410,25,enemy,True,3,1432.4501419784665,0.0,0,False
5,38,Box_Tactician,Box,Tactician,7171,27,enemy,True,3,1065.2958669088982,0.0,0,False
5,39,Bee_Fixer,Bee,Fixer,3269,20,party,False,5,0.0,0.0,0,True
5,39,Murder_Striker,Murder,Striker,6474,24,party,False,5,0.0,0.0,0,True
5,39,Food_Striker,Food,Striker,3080,23,party,False,5,0.0,0.0,0,True
5,39,Box_Striker,Box,Striker,467,21,party,False,5,472.03066174337783,0.0,0,True
5,39,Food_Striker,Food,Striker,8303,24,party,False,5,516.2441582565056,0.0,0,True
5,39,Box_Fixer,Box,Fixer,9825,23,enemy,True,5,661.0800913474086,0.0,0,False
5,39,Animal_Tactician,Animal,Tactician,1143,20,enemy,True,5,1890.0696513663,0.0,0,False
5,39,Animal_Tactician,Animal,Tactician,9214,22,enemy,True,5,1833.1995053609567,0.0,0,True
5,39,Animal_Bulwark,Animal,Bulwark,1207,21,enemy,True,5,415.13118269268926,0.0,0,True
5,39,Game_Fixer,Game,Fixer,1403,21,enemy,True,5,181.83247481754387,0.0,0,False
5,40,Master_Tactician,Master,Tactician,7740,25,party,False,8,0.0,0.0,0,True
5,40,Animal_Fixer,Animal,Fixer,6144,27,party,False,8,188.95099718933207,399.8266214113785,0,True
5,40,Food_Striker,Food,Striker,4455,26,party,False,8,539.5120506618238,0.0,0,True
5,40,Bee_Tactician,Bee,Tactician,1772,28,party,False,8,714.8316369989818,0.0,0,True
5,40,Box_Fixer,Box,Fixer,5555,25,party,False,8,367.8646934460888,0.0,0,True
5,40,Blackhole_Bulwark,Blackhole,Bulwark,4850,31,enemy,True,8,583.0903790087464,0.0,0,True
5,40,Blackhole_Striker,Blackhole,Striker,5625,32,enemy,True,8,1206.3432491133026,0.0,0,False
5,40,Blackhole_Tactician,Blackhole,Tactician,9164,33,enemy,True,8,995.1219512195122,0.0,0,True
5,40,Master_Striker,Master,Striker,7442,30,enemy,True,8,553.5082435902525,0.0,0,False
5,40,Blackhole_Fixer,Blackhole,Fixer,9817,32,enemy,True,8,803.8768099092988,370.76917900751386,0,False
5,41,Murder_Fixer,Murder,Fixer,58,20,party,False,8,0.0,0.0,0,True
5,41,Master_Striker,Master,Striker,4697,23,party,False,8,0.0,0.0,0,True
5,41,Game_Fixer,Game,Fixer,522,20,party,False,8,0.0,0.0,0,True
5,41,Animal_Tactician,Animal,Tactician,8264,20,party,False,8,931.577382122467,0.0,0,True
5,41,Game_Fixer,Game,Fixer,425,21,party,False,8,344.25794184424643,205.2356187372988,0,True
5,41,Dead_Fixer,Dead,Fixer,3705,31,enemy,True,8,411.4370521510084,0.0,0,False
5,41,Dead_Fixer,Dead,Fixer,8543,33,enemy,True,8,669.2419447678662,0.0,0,False
5,41,Game_Tactician,Game,Tactician,7977,30,enemy,True,8,1998.4010026475698,0.0,0,True
5,41,Master_Fixer,Master,Fixer,7343,34,enemy,True,8,599.5300816964839,344.25794184424643,0,False
5,41,Industrial_Fixer,Industrial,Fixer,4901,32,enemy,True,8,610.1420574315573,270.60122833562633,0,False
5,42,Master_Striker,Master,Striker,9068,33,party,False,8,0.0,0.0,0,True
5,42,Blackhole_Tactician,Blackhole,Tactician,2763,32,party,False,8,1949.0960525715789,0.0,0,True
5,42,Industrial_Fixer,Industrial,Fixer,4317,31,party,False,8,361.2841285872215,458.8753142764952,0,True
5,42,Game_Fixer,Game,Fixer,8761,30,party,False,8,398.4830777537027,0.0,0,True
5,42,Blackhole_Striker,Blackhole,Striker,9885,32,party,False,8,606.9630825659078,0.0,0,True
5,42,Dead_Fixer,Dead,Fixer,1981,37,enemy,True,8,690.1715364393988,2028.4321542221717,0,False
5,42,Dead_Bulwark,Dead,Bulwark,9573,35,enemy,True,8,624.0861829856577,0.0,0,True
5,42,Master_Striker,Master,Striker,9401,36,enemy,True,8,1181.6928538296238,0.0,0,False
5,42,Dead_Striker,Dead,Striker,7888,35,enemy,True,8,620.4577749450434,0.0,0,False
5,42,Blackhole_Tactician,Blackhole,Tactician,3470,38,enemy,True,8,2109.5564348131475,0.0,0,True
5,43,Food_Bulwark,Food,Bulwark,6651,14,party,True,14,1182.6546574557185,0.0,0,True
5,43,Industrial_Fixer,Industrial,Fixer,4535,13,party,True,14,139.6823738678543,0.0,0,True
5,43,Bee_Fixer,Bee,Fixer,3670,14,party,True,14,348.53114059297945,868.388789313296,0,False
5,43,Industrial_Tactician,Industrial,Tactician,8036,12,party,True,14,469.6599960469688,0.0,0,True
5,43,Industrial_Tactician,Industrial,Tactician,3988,14,party,True,14,1127.1484729313036,0.0,0,True
5,43,Game_Striker,Game,Striker,9564,13,enemy,False,14,0.0,0.0,0,True
5,43,Bee_Tactician,Bee,Tactician,3456,12,enemy,False,14,0.0,0.0,0,True
5,43,Food_Bulwark,Food,Bulwark,6529,13,enemy,False,14,370.46112740336054,0.0,0,True
5,43,Game_Bulwark,Game,Bulwark,3713,14,enemy,False,14,499.0759654570942,0.0,0,True
5,43,Animal_Tactician,Animal,Tactician,6315,14,enemy,False,14,1784.671307561542,0.0,0,True
5,44,Game_Striker,Game,Striker,5350,17,party,False,11,0.0,0.0,0,True
5,44,Animal_Striker,Animal,Striker,954,16,party,False,11,0.0,0.0,0,True
5,44,Box_Striker,Box,Striker,6966,18,party,False,11,873.8909667380844,0.0,0,True
5,44,Murder_Fixer,Murder,Fixer,8584,15,party,False,11,463.1364449144321,719.6710469563218,0,True
5,44,Box_Tactician,Box,Tactician,6486,17,party,False,11,799.811406428347,0.0,0,True
5,44,Master_Tactician,Master,Tactician,4465,25,enemy,True,11,922.9414396162647,0.0,0,True
5,44,Dead_Tactician,Dead,Tactician,7091,27,enemy,True,11,1040.61015184448,0.0,0,True
5,44,Animal_Striker,Animal,Striker,7687,25,enemy,True,11,1028.9410738032934,0.0,0,False
5,44,Bee_Striker,Bee,Striker,764,25,enemy,True,11,1020.8560779439135,0.0,0,False
5,44,Industrial_Fixer,Industrial,Fixer,4196,27,enemy,True,11,958.7956695221627,746.4505880259467,0,False
5,45,Bee_Striker,Bee,Striker,8228,26,party,True,5,516.3149383638067,0.0,0,False
5,45,Murder_Striker,Murder,Striker,8177,26,party,True,5,515.3267758023449,0.0,0,False
5,45,Dead_Fixer,Dead,Fixer,4558,25,party,True,5,336.3376001263782,0.0,0,False
5,45,Dead_Tactician,Dead,Tactician,5459,25,party,True,5,2095.5751637497433,0.0,0,True
5,45,Box_Tactician,Box,Tactician,3942,28,party,True,5,2250.9735907994905,0.0,0,False
5,45,Golden_Striker,Golden,Striker,6017,46,enemy,False,5,0.0,0.0,0,True
5,45,Golden_Striker,Golden,Striker,360,46,enemy,False,5,0.0,0.0,0,True
5,45,Golden_Striker,Golden,Striker,2022,46,enemy,False,5,0.0,0.0,0,True
5,45,Golden_Striker,Golden,Striker,2913,47,enemy,False,5,0.0,0.0,0,True
5,45,Golden_Striker,Golden,Striker,8082,45,enemy,False,5,1024.1095486771296,0.0,0,True
5,46,Blackhole_Bulwark,Blackhole,Bulwark,2649,41,party,True,4,1664.9746253110548,0.0,0,False
5,46,Ultimate_Tactician,Ultimate,Tactician,2719,42,party,True,4,435.09070777359244,0.0,0,False
5,46,Blackhole_Fixer,Blackhole,Fixer,5741,40,party,True,4,237.5419838624135,499.6300406448685,0,False
5,46,Blackhole_Tactician,Blackhole,Tactician,2683,43,party,True,4,1485.7983562133427,0.0,0,False
5,46,Blackhole_Tactician,Blackhole,Tactician,3575,40,party,True,4,1102.2995393165552,0.0,0,True
5,46,Box_Striker,Box,Striker,1429,25,enemy,False,4,0.0,0.0,0,True
5,46,Dead_Tactician,Dead,Tactician,1700,26,enemy,False,4,0.0,0.0,0,True
5,46,Murder_Striker,Murder,Striker,412,27,enemy,False,4,0.0,0.0,0,True
5,46,Animal_Tactician,Animal,Tactician,9518,27,enemy,False,4,818.8011794397186,0.0,0,True
5,46,Animal_Striker,Animal,Striker,1347,25,enemy,False,4,499.6300406448685,0.0,0,True
5,47,Master_Fixer,Master,Fixer,5572,25,party,True,6,0.0,0.0,0,True
5,47,Murder_Fixer,Murder,Fixer,1637,27,party,True,6,205.71739249020325,635.5759066679825,0,False
5,47,Animal_Tactician,Animal,Tactician,6810,26,party,True,6,1439.314981775914,0.0,0,False
5,47,Box_Striker,Box,Striker,8048,27,party,True,6,2064.122762868161,0.0,0,False
5,47,Game_Bulwark,Game,Bulwark,2189,25,party,True,6,1461.9883040935674,0.0,0,True
5,47,Bee_Bulwark,Bee,Bulwark,3564,25,enemy,False,6,456.710395309,0.0,0,True
5,47,Master_Bulwark,Master,Bulwark,7678,27,enemy,False,6,484.49612403100775,0.0,0,True
5,47,Master_Fixer,Master,Fixer,7187,28,enemy,False,6,178.86551135898253,487.32943469785573,0,True
5,47,Industrial_Striker,Industrial,Striker,8859,27,enemy,False,6,530.7389123112075,0.0,0,True
5,47,Industrial_Tactician,Industrial,Tactician,1677,29,enemy,False,6,1889.5315112752644,0.0,0,True
5,48,Golden_Striker,Golden,Striker,5677,45,party,True,6,0.0,0.0,0,True
5,48,Golden_Striker,Golden,Striker,9646,45,party,True,6,1011.5886843352357,0.0,0,False
5,48,Golden_Striker,Golden,Striker,1142,46,party,True,6,2123.1202462025767,0.0,0,True
5,48,Golden_Striker,Golden,Striker,5136,46,party,True,6,1049.4175539576252,0.0,0,False
5,48,Golden_Striker,Golden,Striker,2869,45,party,True,6,2017.2753205494432,0.0,0,False
5,48,Bee_Tactician,Bee,Tactician,4185,19,enemy,False,6,778.3998069664121,0.0,0,True
5,48,Box_Bulwark,Box,Bulwark,3200,19,enemy,False,6,448.8436133802325,0.0,0,True
5,48,Industrial_Fixer,Industrial,Fixer,7501,15,enemy,False,6,252.50985621344526,0.0,0,True
5,48,Industrial_Tactician,Industrial,Tactician,1308,15,enemy,False,6,668.3959753761602,0.0,0,True
5,48,Food_Striker,Food,Striker,8725,19,enemy,False,6,1150.6313635587137,0.0,0,True
5,49,Golden_Striker,Golden,Striker,1895,46,party,True,6,0.0,0.0,0,True
5,49,Golden_Striker,Golden,Striker,5136,46,party,True,6,2091.634218542158,0.0,0,False
5,49,Golden_Striker,Golden,Striker,8082,45,party,True,6,2034.2991617411722,0.0,0,True
5,49,Golden_Striker,Golden,Striker,2022,46,party,True,6,2090.6365332749565,0.0,0,False
5,49,Ultimate_Fixer,Ultimate,Fixer,8288,45,party,True,6,252.5441480470351,0.0,0,True
5,49,Animal_Fixer,Animal,Fixer,7238,20,enemy,False,6,317.0108322575035,0.0,0,True
5,49,Box_Bulwark,Box,Bulwark,1197,24,enemy,False,6,937.6037292949964,0.0,0,True
5,49,Box_Striker,Box,Striker,3034,22,enemy,False,6,1807.9207393357692,0.0,0,True
5,49,Master_Fixer,Master,Fixer,5628,24,enemy,False,6,172.52103944178134,252.5441480470351,0,True
5,49,Industrial_Tactician,Industrial,Tactician,6727,24,enemy,False,6,689.6551724137931,0.0,0,True
5,50,Industrial_Bulwark,Industrial,Bulwark,7651,21,party,False,6,0.0,0.0,0,True
5,50,Industrial_Tactician,Industrial,Tactician,9783,20,party,False,6,0.0,0.0,0,True
5,50,Dead_Fixer,Dead,Fixer,2165,23,party,False,6,333.2782323604247,0.0,0,True
5,50,Industrial_Tactician,Industrial,Tactician,9677,24,party,False,6,735.0099361708097,0.0,0,True
5,50,Box_Fixer,Box,Fixer,7265,22,party,False,6,152.70761576361707,449.1283364522801,0,True
5,50,Dead_Bulwark,Dead,Bulwark,5813,36,enemy,True,6,1818.4147231216393,0.0,0,False
5,50,Ultimate_Fixer,Ultimate,Fixer,1818,36,enemy,True,6,447.0393162968006,333.2782323604247,0,False
5,50,Dead_Tactician,Dead,Tactician,2605,37,enemy,True,6,1189.2008856888015,0.0,0,True
5,50,Dead_Fixer,Dead,Fixer,6453,37,enemy,True,6,906.7612324780034,0.0,0,False
5,50,Dead_Fixer,Dead,Fixer,8308,37,enemy,True,6,449.1283364522801,0.0,0,False
5,51,Game_Tactician,Game,Tactician,3726,29,party,False,8,0.0,0.0,0,True
5,51,Master_Fixer,Master,Fixer,7290,27,party,False,8,337.11079817457244,215.96118129056669,0,True
5,51,Food_Striker,Food,Striker,1596,25,party,False,8,1051.2908973227757,0.0,0,True
5,51,Game_Tactician,Game,Tactician,7679,27,party,False,8,839.623319230096,0.0,0,True
5,51,Murder_Striker,Murder,Striker,3937,26,party,False,8,564.4677536152276,0.0,0,True
5,51,Dead_Fixer,Dead,Fixer,6455,35,enemy,True,8,437.56505377874913,2292.4524934484,0,False
5,51,Dead_Tactician,Dead,Tactician,7587,35,enemy,True,8,1131.1254888157714,0.0,0,True
5,51,Dead_Striker,Dead,Striker,5008,36,enemy,True,8,1877.1377968020947,0.0,0,False
5,51,Master_Bulwark,Master,Bulwark,4941,37,enemy,True,8,567.7655204328433,0.0,0,True
5,51,Blackhole_Striker,Blackhole,Striker,7137,37,enemy,True,8,647.1463005571512,0.0,0,False
5,52,Ultimate_Bulwark,Ultimate,Bulwark,867,39,party,False,4,0.0,0.0,0,True
5,52,Blackhole_Striker,Blackhole,Striker,2745,36,party,False,4,0.0,0.0,0,True
5,52,Master_Bulwark,Master,Bulwark,3859,37,party,False,4,567.2176206231655,0.0,0,True
5,52,Dead_Tactician,Dead,Tactician,4043,35,party,False,4,2100.5658964723534,0.0,0,True
5,52,Wild_Striker,Wild,Striker,559,37,party,False,4,1494.1188930046942,0.0,0,True
5,52,Ultimate_Bulwark,Ultimate,Bulwark,2669,40,enemy,True,4,627.9787498457229,0.0,0,True
5,52,Ultimate_Bulwark,Ultimate,Bulwark,6883,41,enemy,True,4,628.7093503645254,0.0,0,False
5,52,Blackhole_Tactician,Blackhole,Tactician,2683,43,enemy,True,4,1046.6645388111388,0.0,0,True
5,52,Blackhole_Bulwark,Blackhole,Bulwark,2649,41,enemy,True,4,2662.0236214659208,0.0,0,False
5,52,Blackhole_Bulwark,Blackhole,Bulwark,4343,40,enemy,True,4,652.7747818214888,0.0,0,False
5,53,Box_Striker,Box,Striker,3847,17,party,False,4,0.0,0.0,0,True
5,53,Murder_Striker,Murder,Striker,2770,16,party,False,4,0.0,0.0,0,True
5,53,Game_Striker,Game,Striker,665,15,party,False,4,0.0,0.0,0,True
5,53,Game_Striker,Game,Striker,1713,17,party,False,4,0.0,0.0,0,True
5,53,Food_Striker,Food,Striker,1614,15,party,False,4,417.9193617968048,0.0,0,True
5,53,Blackhole_Fixer,Blackhole,Fixer,5204,40,enemy,True,4,491.3668479564776,0.0,0,False
5,53,Blackhole_Bulwark,Blackhole,Bulwark,4705,41,enemy,True,4,1757.1940455162653,0.0,0,False
5,53,Golden_Striker,Golden,Striker,8782,44,enemy,True,4,0.0,0.0,0,False
5,53,Blackhole_Tactician,Blackhole,Tactician,3033,43,enemy,True,4,1577.236497301201,0.0,0,False
5,53,Ultimate_Fixer,Ultimate,Fixer,9964,42,enemy,True,4,240.1922307076307,417.9193617968048,0,False
5,54,Dead_Fixer,Dead,Fixer,4920,35,party,False,10,620.5565244624017,1487.740270035711,0,True
5,54,Dead_Fixer,Dead,Fixer,1214,35,party,False,10,439.7556525763789,0.0,0,True
5,54,Dead_Fixer,Dead,Fixer,6453,37,party,False,10,445.4756380510441,0.0,0,True
5,54,Master_Fixer,Master,Fixer,6325,36,party,False,10,605.3290871595442,0.0,0,True
5,54,Blackhole_Fixer,Blackhole,Fixer,3636,39,party,False,10,226.21702763188904,540.0353407206616,0,True
5,54,Blackhole_Tactician,Blackhole,Tactician,8269,32,enemy,True,10,0.0,0.0,0,True
5,54,Box_Striker,Box,Striker,4147,31,enemy,True,10,0.0,0.0,0,True
5,54,Dead_Striker,Dead,Striker,7288,34,enemy,True,10,4077.3148411715774,0.0,0,False
5,54,Animal_Tactician,Animal,Tactician,5984,30,enemy,True,10,3023.242201966822,0.0,0,False
5,54,Box_Bulwark,Box,Bulwark,6170,31,enemy,True,10,540.0353407206616,0.0,0,True
5,55,Blackhole_Tactician,Blackhole,Tactician,462,32,party,False,11,917.1704861251004,0.0,0,True
5,55,Blackhole_Fixer,Blackhole,Fixer,889,33,party,False,11,628.3378153070589,328.9690008769538,0,True
5,55,Game_Bulwark,Game,Bulwark,2301,30,party,False,11,210.35800027869155,0.0,0,True
5,55,Master_Fixer,Master,Fixer,9669,31,party,False,11,793.1317580544285,0.0,0,True
5,55,Murder_Fixer,Murder,Fixer,9075,31,party,False,11,848.8910037398474,0.0,0,True
5,55,Game_Bulwark,Game,Bulwark,8367,27,enemy,True,11,0.0,0.0,0,True
5,55,Blackhole_Fixer,Blackhole,Fixer,4505,26,enemy,True,11,0.0,0.0,0,True
5,55,Animal_Tactician,Animal,Tactician,1886,26,enemy,True,11,2559.2412341003464,0.0,0,True
5,55,Bee_Striker,Bee,Striker,2926,27,enemy,True,11,2660.9436784071177,0.0,0,False
5,55,Game_Bulwark,Game,Bulwark,8865,26,enemy,True,11,474.70731449286393,0.0,0,True
5,56,Ultimate_Fixer,Ultimate,Fixer,2358,45,party,True,9,242.28276054173799,0.0,0,True
5,56,Golden_Striker,Golden,Striker,5677,45,party,True,9,2046.4649420747546,0.0,0,True
5,56,Golden_Striker,Golden,Striker,9646,45,party,True,9,3956.92867472122,0.0,0,False
5,56,Golden_Striker,Golden,Striker,2807,46,party,True,9,1034.9955771911502,0.0,0,True
5,56,Ultimate_Fixer,Ultimate,Fixer,8288,45,party,True,9,242.28276054173799,0.0,0,True
5,56,Ultimate_Fixer,Ultimate,Fixer,416,41,enemy,False,9,231.03398430453913,484.5655210834759,0,True
5,56,Ultimate_Bulwark,Ultimate,Bulwark,19,40,enemy,False,9,635.9779080259636,0.0,0,True
5,56,Blackhole_Tactician,Blackhole,Tactician,2683,43,enemy,False,9,2907.6233956792357,0.0,0,True
5,56,Blackhole_Fixer,Blackhole,Fixer,2680,44,enemy,False,9,945.2595185163151,0.0,0,True
5,56,Blackhole_Fixer,Blackhole,Fixer,5741,40,enemy,False,9,1142.7232200900448,0.0,0,True
5,57,Murder_Striker,Murder,Striker,8924,17,party,False,6,0.0,0.0,0,True
5,57,Animal_Fixer,Animal,Fixer,4395,19,party,False,6,308.31165625745655,0.0,0,True
5,57,Murder_Bulwark,Murder,Bulwark,1177,16,party,False,6,422.7836026712584,0.0,0,True
5,57,Game_Tactician,Game,Tactician,528,17,party,False,6,1433.0415497164738,0.0,0,True
5,57,Game_Bulwark,Game,Bulwark,7969,18,party,False,6,909.8769660181241,0.0,0,True
5,57,Master_Fixer,Master,Fixer,604,34,enemy,True,6,214.66079471151892,0.0,0,True
5,57,Blackhole_Bulwark,Blackhole,Bulwark,6172,33,enemy,True,6,605.5416505863435,0.0,0,False
5,57,Blackhole_Tactician,Blackhole,Tactician,3959,30,enemy,True,6,931.614115827858,0.0,0,True
5,57,Master_Bulwark,Master,Bulwark,5083,30,enemy,True,6,565.4097093049241,0.0,0,False
5,57,Game_Bulwark,Game,Bulwark,8456,30,enemy,True,6,1556.8413747274199,0.0,0,False
5,58,Animal_Striker,Animal,Striker,4347,25,party,False,9,498.67105784132747,0.0,0,True
5,58,Dead_Fixer,Dead,Fixer,7298,27,party,False,9,372.1106813747345,2071.849940103921,0,True
5,58,Animal_Striker,Animal,Striker,1919,25,party,False,9,2590.6033171691743,0.0,0,True
5,58,Master_Striker,Master,Striker,6358,26,party,False,9,1890.509306825118,0.0,0,True
5,58,Game_Bulwark,Game,Bulwark,6980,26,party,False,9,459.81126781521755,0.0,0,True
5,58,Golden_Striker,Golden,Striker,10,46,enemy,True,9,1038.177443837339,0.0,0,True
5,58,Blackhole_Fixer,Blackhole,Fixer,4829,45,enemy,True,9,515.5215189073839,459.81126781521755,0,True
5,58,Golden_Striker,Golden,Striker,6011,46,enemy,True,9,2060.305767769946,0.0,0,True
5,58,Golden_Striker,Golden,Striker,360,46,enemy,True,9,1038.177443837339,0.0,0,False
5,58,Golden_Striker,Golden,Striker,1052,48,enemy,True,9,3108.484695916848,0.0,0,False
5,59,Ultimate_Tactician,Ultimate,Tactician,2719,42,party,True,6,1257.590949866137,0.0,0,False
5,59,Blackhole_Bulwark,Blackhole,Bulwark,4343,40,party,True,6,649.0267926435663,0.0,0,True
5,59,Blackhole_Tactician,Blackhole,Tactician,2545,40,party,True,6,2586.3682394798343,0.0,0,False
5,59,Ultimate_Fixer,Ultimate,Fixer,9964,42,party,True,6,455.21861706880804,484.62097393320903,0,False
5,59,Blackhole_Bulwark,Blackhole,Bulwark,4705,41,party,True,6,1317.1286456101911,0.0,0,True
5,59,Golden_Striker,Golden,Striker,5136,46,enemy,False,6,0.0,0.0,0,True
5,59,Golden_Striker,Golden,Striker,1895,46,enemy,False,6,0.0,0.0,0,True
5,59,Ultimate_Fixer,Ultimate,Fixer,8060,46,enemy,False,6,484.62097393320903,0.0,0,True
5,59,Golden_Striker,Golden,Striker,6017,46,enemy,False,6,986.3717085032932,0.0,0,True
5,59,Golden_Striker,Golden,Striker,2869,45,enemy,False,6,1976.5335100267719,0.0,0,True
5,60,Industrial_Striker,Industrial,Striker,3995,17,party,False,6,0.0,0.0,0,True
5,60,Box_Tactician,Box,Tactician,1084,18,party,False,6,0.0,0.0,0,True
5,60,Murder_Fixer,Murder,Fixer,2253,17,party,False,6,0.0,0.0,0,True
5,60,Bee_Striker,Bee,Striker,8400,17,party,False,6,424.4302768783519,0.0,0,True
5,60,Murder_Tactician,Murder,Tactician,3584,18,party,False,6,833.485289319225,0.0,0,True
5,60,Animal_Striker,Animal,Striker,6498,25,enemy,True,6,0.0,0.0,0,False
5,60,Animal_Fixer,Animal,Fixer,3382,27,enemy,True,6,781.6561949421655,248.85132263579658,0,False
5,60,Master_Tactician,Master,Tactician,573,25,enemy,True,6,1210.8355404206297,0.0,0,False
5,60,Master_Striker,Master,Striker,9330,26,enemy,True,6,520.30507592224,0.0,0,False
5,60,Industrial_Tactician,Industrial,Tactician,6916,29,enemy,True,6,847.9859275012666,0.0,0,True
5,61,Ultimate_Bulwark,Ultimate,Bulwark,383,43,party,True,4,1676.5545769041228,0.0,0,False
5,61,Blackhole_Tactician,Blackhole,Tactician,8148,41,party,True,4,2111.602561326061,0.0,0,True
5,61,Ultimate_Fixer,Ultimate,Fixer,416,41,party,True,4,234.2427896421022,0.0,0,False
5,61,Ultimate_Bulwark,Ultimate,Bulwark,4051,40,party,True,4,1760.0459704696418,0.0,0,False
5,61,Golden_Striker,Golden,Striker,8782,44,party,True,4,0.0,0.0,0,False
5,61,Ultimate_Bulwark,Ultimate,Bulwark,6466,31,enemy,False,4,0.0,0.0,0,True
5,61,Dead_Tactician,Dead,Tactician,4015,31,enemy,False,4,0.0,0.0,0,True
5,61,Blackhole_Fixer,Blackhole,Fixer,5995,34,enemy,False,4,203.39251234129907,0.0,0,True
5,61,Master_Fixer,Master,Fixer,5462,31,enemy,False,4,190.25627405408292,0.0,0,True
5,61,Blackhole_Tactician,Blackhole,Tactician,7465,30,enemy,False,4,899.6409157089685,0.0,0,True
5,62,Master_Striker,Master,Striker,7736,25,party,True,6,0.0,0.0,0,False
5,62,Food_Striker,Food,Striker,5698,25,party,True,6,546.931666289786,0.0,0,False
5,62,Master_Tactician,Master,Tactician,7336,27,party,True,6,949.4880429351517,0.0,0,False
5,62,Game_Fixer,Game,Fixer,8321,26,party,True,6,551.1577173189701,0.0,0,False
5,62,Industrial_Tactician,Industrial,Tactician,3543,27,party,True,6,1460.113683286657,0.0,0,False
5,62,Bee_Striker,Bee,Striker,5011,18,enemy,False,6,0.0,0.0,0,True
5,62,Industrial_Tactician,Industrial,Tactician,5152,16,enemy,False,6,0.0,0.0,0,True
5,62,Game_Striker,Game,Striker,6942,16,enemy,False,6,0.0,0.0,0,True
5,62,Animal_Striker,Animal,Striker,6346,17,enemy,False,6,0.0,0.0,0,True
5,62,Bee_Striker,Bee,Striker,8094,18,enemy,False,6,435.88069736838,0.0,0,True
5,63,Animal_Tactician,Animal,Tactician,7665,26,party,False,6,0.0,0.0,0,True
5,63,Bee_Bulwark,Bee,Bulwark,8672,25,party,False,6,454.05767278058374,0.0,0,True
5,63,Master_Tactician,Master,Tactician,1814,26,party,False,6,891.0564738098496,0.0,0,True
5,63,Game_Fixer,Game,Fixer,6093,28,party,False,6,176.80484878572238,0.0,0,True
5,63,Industrial_Tactician,Industrial,Tactician,823,25,party,False,6,875.4863813229572,0.0,0,True
5,63,Box_Bulwark,Box,Bulwark,743,30,enemy,True,6,554.0503672372556,0.0,0,True
5,63,Master_Striker,Master,Striker,5713,34,enemy,True,6,2605.7681244564437,0.0,0,False
5,63,Box_Striker,Box,Striker,1600,31,enemy,True,6,560.9924459509795,0.0,0,False
5,63,Blackhole_Fixer,Blackhole,Fixer,9720,33,enemy,True,6,445.44600719808875,0.0,0,True
5,63,Dead_Tactician,Dead,Tactician,5889,32,enemy,True,6,1116.5330702697822,0.0,0,True
5,64,Box_Fixer,Box,Fixer,4641,28,party,False,3,0.0,0.0,0,True
5,64,Master_Striker,Master,Striker,4083,25,party,False,3,0.0,0.0,0,True
5,64,Animal_Bulwark,Animal,Bulwark,9445,29,party,False,3,0.0,0.0,0,True
5,64,Master_Tactician,Master,Tactician,5773,26,party,False,3,533.3744746796323,0.0,0,True
5,64,Food_Striker,Food,Striker,7974,25,party,False,3,0.0,0.0,0,True
5,64,Blackhole_Tactician,Blackhole,Tactician,9484,32,enemy,True,3,1329.3666181939861,0.0,0,False
5,64,Blackhole_Tactician,Blackhole,Tactician,2711,34,enemy,True,3,983.6065573770492,0.0,0,False
5,64,Blackhole_Tactician,Blackhole,Tactician,6191,30,enemy,True,3,877.6150690360594,0.0,0,False
5,64,Box_Striker,Box,Striker,4003,30,enemy,True,3,0.0,0.0,0,False
5,64,Industrial_Tactician,Industrial,Tactician,5495,30,enemy,True,3,1183.9050332168767,0.0,0,False
5,65,Murder_Striker,Murder,Striker,4768,29,party,True,6,582.0825387845186,0.0,0,False
5,65,Industrial_Tactician,Industrial,Tactician,1447,26,party,True,6,1252.3487217940246,0.0,0,True
5,65,Master_Tactician,Master,Tactician,7212,28,party,True,6,1440.3809746288707,0.0,0,False
5,65,Game_Striker,Game,Striker,2567,26,party,True,6,1048.7748837084932,0.0,0,False
5,65,Game_Striker,Game,Striker,8537,27,party,True,6,1623.9772965049897,0.0,0,False
5,65,Golden_Striker,Golden,Striker,10,46,enemy,False,6,0.0,0.0,0,True
5,65,Golden_Striker,Golden,Striker,1895,46,enemy,False,6,0.0,0.0,0,True
5,65,Golden_Striker,Golden,Striker,6017,46,enemy,False,6,0.0,0.0,0,True
5,65,Golden_Striker,Golden,Striker,6909,45,enemy,False,6,0.0,0.0,0,True
5,65,Golden_Striker,Golden,Striker,1965,45,enemy,False,6,1992.600947212654,0.0,0,True
5,66,Ultimate_Bulwark,Ultimate,Bulwark,4051,40,party,True,3,635.9902549958646,0.0,0,False
5,66,Dead_Fixer,Dead,Fixer,4247,41,party,True,3,244.5562527701079,0.0,0,False
5,66,Blackhole_Fixer,Blackhole,Fixer,1901,40,party,True,3,489.1125055402158,173.2128766884955,0,False
5,66,Ultimate_Bulwark,Ultimate,Bulwark,19,40,party,True,3,907.9057139039675,0.0,0,False
5,66,Blackhole_Tactician,Blackhole,Tactician,7753,40,party,True,3,2609.398801908038,0.0,0,False
5,66,Animal_Tactician,Animal,Tactician,3965,22,enemy,False,3,0.0,0.0,0,True
5,66,Game_Fixer,Game,Fixer,7475,22,enemy,False,3,0.0,0.0,0,True
5,66,Industrial_Fixer,Industrial,Fixer,4473,21,enemy,False,3,0.0,0.0,0,True
5,66,Animal_Striker,Animal,Striker,804,24,enemy,False,3,0.0,0.0,0,True
5,66,Bee_Fixer,Bee,Fixer,6624,23,enemy,False,3,173.2128766884955,0.0,0,True
5,67,Master_Bulwark,Master,Bulwark,6206,28,party,True,3,488.7585532746823,0.0,0,False
5,67,Industrial_Tactician,Industrial,Tactician,6938,26,party,True,3,1865.7599842962834,0.0,0,True
5,67,Bee_Striker,Bee,Striker,6331,25,party,True,3,531.0813419264797,0.0,0,False
5,67,Dead_Striker,Dead,Striker,2393,27,party,True,3,1375.694126822077,0.0,0,False
5,67,Food_Bulwark,Food,Bulwark,6685,26,party,True,3,533.8426486405128,0.0,0,True
5,67,Animal_Tactician,Animal,Tactician,3888,22,enemy,False,3,0.0,0.0,0,True
5,67,Game_Fixer,Game,Fixer,1291,20,enemy,False,3,160.85841467750842,0.0,0,True
5,67,Industrial_Bulwark,Industrial,Bulwark,4155,24,enemy,False,3,850.5168670323266,0.0,0,True
5,67,Animal_Bulwark,Animal,Bulwark,4871,20,enemy,False,3,411.90686282711505,0.0,0,True
5,67,Master_Bulwark,Master,Bulwark,2348,23,enemy,False,3,454.93848300906205,0.0,0,True
5,68,Animal_Tactician,Animal,Tactician,7176,14,party,False,10,0.0,0.0,0,True
5,68,Industrial_Tactician,Industrial,Tactician,34,13,party,False,10,1456.089025496695,0.0,0,True
5,68,Food_Striker,Food,Striker,7032,14,party,False,10,852.5965742464107,0.0,0,True
5,68,Animal_Tactician,Animal,Tactician,8428,13,party,False,10,1262.6143742350569,0.0,0,True
5,68,Industrial_Fixer,Industrial,Fixer,2270,12,party,False,10,426.4443218148468,0.0,0,True
5,68,Animal_Striker,Animal,Striker,8686,24,enemy,True,10,0.0,0.0,0,True
5,68,Animal_Striker,Animal,Striker,804,24,enemy,True,10,1046.7869038806798,0.0,0,False
5,68,Game_Fixer,Game,Fixer,9159,22,enemy,True,10,177.10437468428364,0.0,0,True
5,68,Game_Striker,Game,Striker,336,23,enemy,True,10,1567.594928323721,0.0,0,False
5,68,Industrial_Fixer,Industrial,Fixer,2502,21,enemy,True,10,181.2721066598427,0.0,0,True
5,69,Master_Bulwark,Master,Bulwark,1319,35,party,True,3,565.4097093049241,0.0,0,False
5,69,Blackhole_Fixer,Blackhole,Fixer,6671,38,party,True,3,450.7489358552088,0.0,0,True
5,69,Master_Bulwark,Master,Bulwark,1787,36,party,True,3,786.2694124818826,0.0,0,False
5,69,Ultimate_Bulwark,Ultimate,Bulwark,867,39,party,True,3,1540.4105232253883,0.0,0,False
5,69,Blackhole_Fixer,Blackhole,Fixer,182,39,party,True,3,240.93544077473368,0.0,0,False
5,69,Animal_Tactician,Animal,Tactician,9253,18,enemy,False,3,0.0,0.0,0,True
5,69,Animal_Bulwark,Animal,Bulwark,5377,17,enemy,False,3,0.0,0.0,0,True
5,69,Bee_Bulwark,Bee,Bulwark,6692,19,enemy,False,3,431.6733547296891,0.0,0,True
5,69,Animal_Bulwark,Animal,Bulwark,2512,18,enemy,False,3,420.7431412684048,0.0,0,True
5,69,Food_Striker,Food,Striker,337,16,enemy,False,3,0.0,0.0,0,True
5,70,Ultimate_Fixer,Ultimate,Fixer,416,41,party,True,11,927.4002000979591,1954.3899440268724,0,False
5,70,Dead_Fixer,Dead,Fixer,4247,41,party,True,11,714.5720095314632,829.2804063871281,0,True
5,70,Ultimate_Tactician,Ultimate,Tactician,2719,42,party,True,11,1270.1857421469863,0.0,0,False
5,70,Blackhole_Fixer,Blackhole,Fixer,2680,44,party,True,11,473.67501755680365,0.0,0,True
5,70,Blackhole_Bulwark,Blackhole,Bulwark,4705,41,party,True,11,661.1045902026079,0.0,0,True
5,70,Blackhole_Fixer,Blackhole,Fixer,8233,37,enemy,False,11,0.0,0.0,0,True
5,70,Dead_Tactician,Dead,Tactician,2467,35,enemy,False,11,1135.5239506909052,0.0,0,True
5,70,Dead_Fixer,Dead,Fixer,147,35,enemy,False,11,425.52041786786725,1992.4497912497054,0,True
5,70,Master_Striker,Master,Striker,6762,36,enemy,False,11,1230.7808831851235,0.0,0,True
5,70,Blackhole_Striker,Blackhole,Striker,7137,37,enemy,False,11,635.9779080259636,0.0,0,True
5,71,Food_Bulwark,Food,Bulwark,3218,16,party,False,4,0.0,0.0,0,True
5,71,Industrial_Striker,Industrial,Striker,880,17,party,False,4,0.0,0.0,0,True
5,71,Game_Bulwark,Game,Bulwark,5477,19,party,False,4,1080.1947756194215,0.0,0,True
5,71,Animal_Striker,Animal,Striker,811,16,party,False,4,0.0,0.0,0,True
5,71,Box_Tactician,Box,Tactician,7606,19,party,False,4,1005.1872308444324,0.0,0,True
5,71,Box_Bulwark,Box,Bulwark,2818,17,enemy,True,4,1083.991896653543,0.0,0,False
5,71,Food_Striker,Food,Striker,2459,17,enemy,True,4,0.0,0.0,0,False
5,71,Bee_Tactician,Bee,Tactician,9809,16,enemy,True,4,551.8668712055961,0.0,0,True
5,71,Game_Fixer,Game,Fixer,1466,18,enemy,True,4,0.0,179.88520883045493,0,True
5,71,Animal_Striker,Animal,Striker,824,18,enemy,True,4,2017.1054741912506,0.0,0,False
5,72,Industrial_Fixer,Industrial,Fixer,728,16,party,False,5,0.0,0.0,0,True
5,72,Bee_Tactician,Bee,Tactician,7831,16,party,False,5,0.0,0.0,0,True
5,72,Industrial_Tactician,Industrial,Tactician,3478,17,party,False,5,0.0,0.0,0,True
5,72,Game_Fixer,Game,Fixer,478,19,party,False,5,165.63466499998444,230.08085220986172,0,True
5,72,Animal_Bulwark,Animal,Bulwark,6237,16,party,False,5,971.9842374651818,0.0,0,True
5,72,Ultimate_Fixer,Ultimate,Fixer,1818,36,enemy,True,5,450.77193442329167,1236.6,0,False
5,72,Dead_Fixer,Dead,Fixer,335,35,enemy,True,5,912.1345994346553,0.0,0,False
5,72,Master_Tactician,Master,Tactician,2095,35,enemy,True,5,1744.4630374781827,0.0,0,True
5,72,Dead_Fixer,Dead,Fixer,8550,36,enemy,True,5,230.08085220986172,0.0,0,False
5,72,Dead_Fixer,Dead,Fixer,3630,37,enemy,True,5,459.8808991084644,373.8400913327622,0,False
5,73,Animal_Tactician,Animal,Tactician,324,22,party,False,5,0.0,0.0,0,True
5,73,Murder_Fixer,Murder,Fixer,8190,23,party,False,5,170.51845416223003,0.0,0,True
5,73,Industrial_Tactician,Industrial,Tactician,8309,21,party,False,5,1477.1282856508149,0.0,0,True
5,73,Animal_Striker,Animal,Striker,2399,20,party,False,5,480.3073967339097,0.0,0,True
5,73,Industrial_Striker,Industrial,Striker,2038,24,party,False,5,489.81935769383136,0.0,0,True
5,73,Ultimate_Bulwark,Ultimate,Bulwark,8633,40,enemy,True,5,635.3667351380254,0.0,0,True
5,73,Blackhole_Tactician,Blackhole,Tactician,3575,40,enemy,True,5,2206.75622058872,0.0,0,True
5,73,Golden_Striker,Golden,Striker,8782,44,enemy,True,5,1004.6735273134128,0.0,0,False
5,73,Blackhole_Fixer,Blackhole,Fixer,2680,44,enemy,True,5,742.3598092970606,0.0,0,False
5,73,Golden_Striker,Golden,Striker,2062,43,enemy,True,5,1990.6550478501417,0.0,0,False
5,74,Animal_Fixer,Animal,Fixer,6515,20,party,False,3,0.0,0.0,0,True
5,74,Industrial_Tactician,Industrial,Tactician,6055,23,party,False,3,0.0,0.0,0,True
5,74,Game_Fixer,Game,Fixer,7899,21,party,False,3,0.0,0.0,0,True
5,74,Master_Striker,Master,Striker,4054,24,party,False,3,0.0,0.0,0,True
5,74,Bee_Striker,Bee,Striker,5366,24,party,False,3,0.0,0.0,0,True
5,74,Dead_Bulwark,Dead,Bulwark,9060,32,enemy,True,3,1051.7900013934577,0.0,0,False
5,74,Murder_Fixer,Murder,Fixer,2966,30,enemy,True,3,211.96643557816884,0.0,0,False
5,74,Blackhole_Tactician,Blackhole,Tactician,6191,30,enemy,True,3,1584.911156889742,0.0,0,False
5,74,Blackhole_Tactician,Blackhole,Tactician,6717,32,enemy,True,3,1740.3664023307147,0.0,0,False
5,74,Box_Striker,Box,Striker,1600,31,enemy,True,3,0.0,0.0,0,False
5,75,Ultimate_Bulwark,Ultimate,Bulwark,5143,42,party,True,4,1712.7901006443217,0.0,0,False
5,75,Blackhole_Bulwark,Blackhole,Bulwark,1891,43,party,True,4,255.90289036161343,0.0,0,True
5,75,Blackhole_Fixer,Blackhole,Fixer,1901,40,party,True,4,246.885359939347,0.0,0,False
5,75,Blackhole_Tactician,Blackhole,Tactician,8148,41,party,True,4,2134.374745810949,0.0,0,True
5,75,Ultimate_Bulwark,Ultimate,Bulwark,19,40,party,True,4,653.5221261784039,0.0,0,True
5,75,Game_Bulwark,Game,Bulwark,626,18,enemy,False,4,0.0,0.0,0,True
5,75,Industrial_Fixer,Industrial,Fixer,723,15,enemy,False,4,0.0,0.0,0,True
5,75,Animal_Bulwark,Animal,Bulwark,7466,18,enemy,False,4,417.51905589470056,0.0,0,True
5,75,Game_Striker,Game,Striker,6491,17,enemy,False,4,1630.0911054452765,0.0,0,True
5,75,Game_Tactician,Game,Tactician,5064,19,enemy,False,4,820.9718178260097,0.0,0,True
5,76,Animal_Fixer,Animal,Fixer,8889,21,party,False,5,0.0,0.0,0,True
5,76,Industrial_Fixer,Industrial,Fixer,4987,22,party,False,5,0.0,0.0,0,True
5,76,Food_Bulwark,Food,Bulwark,7789,22,party,False,5,0.0,0.0,0,True
5,76,Game_Fixer,Game,Fixer,7425,22,party,False,5,172.12534898434606,0.0,0,True
5,76,Animal_Fixer,Animal,Fixer,3396,22,party,False,5,164.11508091741578,0.0,0,True
5,76,Box_Tactician,Box,Tactician,5841,35,enemy,True,5,1260.034268075922,0.0,0,False
5,76,Dead_Fixer,Dead,Fixer,7141,35,enemy,True,5,658.0778519840801,1144.267343840344,0,False
5,76,Blackhole_Bulwark,Blackhole,Bulwark,1666,35,enemy,True,5,846.810300409004,0.0,0,False
5,76,Blackhole_Fixer,Blackhole,Fixer,6282,35,enemy,True,5,230.08085220986172,1200.4284751793698,0,False
5,76,Dead_Fixer,Dead,Fixer,2441,36,enemy,True,5,417.77364354227353,336.2404299017618,0,False
5,77,Industrial_Fixer,Industrial,Fixer,6108,22,party,True,3,171.59274647480402,0.0,0,False
5,77,Industrial_Tactician,Industrial,Tactician,9627,22,party,True,3,1987.403905286213,0.0,0,False
5,77,Bee_Tactician,Bee,Tactician,5503,21,party,True,3,1124.2544125169532,0.0,0,False
5,77,Game_Bulwark,Game,Bulwark,6369,20,party,True,3,437.5866883561232,0.0,0,True
5,77,Animal_Tactician,Animal,Tactician,2094,23,party,True,3,1056.6020699766448,0.0,0,False
5,77,Game_Bulwark,Game,Bulwark,5604,17,enemy,False,3,0.0,0.0,0,True
5,77,Animal_Striker,Animal,Striker,2529,16,enemy,False,3,0.0,0.0,0,True
5,77,Animal_Bulwark,Animal,Bulwark,1004,16,enemy,False,3,337.96113318417116,0.0,0,True
5,77,Industrial_Bulwark,Industrial,Bulwark,9496,16,enemy,False,3,377.8520337763333,0.0,0,True
5,77,Industrial_Fixer,Industrial,Fixer,8485,18,enemy,False,3,112.67605633802818,0.0,0,True
5,78,Master_Bulwark,Master,Bulwark,1353,36,party,True,3,592.3000987166831,0.0,0,False
5,78,Dead_Bulwark,Dead,Bulwark,6433,36,party,True,3,883.438405879718,0.0,0,False
5,78,Dead_Fixer,Dead,Fixer,4129,35,party,True,3,231.88405797101447,359.6914416597861,0,True
5,78,Master_Striker,Master,Striker,4738,35,party,True,3,2249.8418135585307,0.0,0,False
5,78,Blackhole_Fixer,Blackhole,Fixer,4962,35,party,True,3,485.3375785390319,0.0,0,True
5,78,Industrial_Fixer,Industrial,Fixer,6700,13,enemy,False,3,0.0,0.0,0,True
5,78,Animal_Tactician,Animal,Tactician,7086,14,enemy,False,3,0.0,0.0,0,True
5,78,Animal_Fixer,Animal,Fixer,6616,12,enemy,False,3,255.41763060923535,0.0,0,True
5,78,Industrial_Tactician,Industrial,Tactician,1202,13,enemy,False,3,1109.5711088310102,0.0,0,True
5,78,Industrial_Fixer,Industrial,Fixer,3548,13,enemy,False,3,104.27381105055079,0.0,0,True
5,79,Industrial_Striker,Industrial,Striker,5642,13,party,False,9,0.0,0.0,0,True
5,79,Murder_Fixer,Murder,Fixer,8385,11,party,False,9,249.1375073267657,189.79097280644478,0,True
5,79,Bee_Fixer,Bee,Fixer,9751,14,party,False,9,212.30206514596233,377.31171866544406,0,True
5,79,Game_Fixer,Game,Fixer,8964,14,party,False,9,390.6288769923075,0.0,0,True
5,79,Animal_Tactician,Animal,Tactician,1653,14,party,False,9,772.1456088161075,0.0,0,True
5,79,Food_Striker,Food,Striker,8418,24,enemy,True,9,1080.8559590947757,0.0,0,False
5,79,Dead_Tactician,Dead,Tactician,9647,22,enemy,True,9,906.5431641851316,0.0,0,True
5,79,Game_Striker,Game,Striker,4740,20,enemy,True,9,1854.847024144201,0.0,0,False
5,79,Murder_Fixer,Murder,Fixer,4869,22,enemy,True,9,567.1026914718889,439.45626941729046,0,False
5,79,Box_Fixer,Box,Fixer,1754,24,enemy,True,9,740.9487178327112,639.7663843190732,0,False
5,80,Box_Striker,Box,Striker,446,26,party,True,6,0.0,0.0,0,True
5,80,Animal_Tactician,Animal,Tactician,1081,27,party,True,6,0.0,0.0,0,True
5,80,Dead_Tactician,Dead,Tactician,5707,25,party,True,6,1978.6096008826214,0.0,0,False
5,80,Master_Striker,Master,Striker,7597,26,party,True,6,1984.8611401727649,0.0,0,True
5,80,Industrial_Bulwark,Industrial,Bulwark,4953,29,party,True,6,1813.403238378084,0.0,0,False
5,80,Master_Tactician,Master,Tactician,1993,30,enemy,False,6,628.0075576833241,0.0,0,True
5,80,Blackhole_Fixer,Blackhole,Fixer,9940,31,enemy,False,6,420.2109685711458,0.0,0,True
5,80,Blackhole_Tactician,Blackhole,Tactician,6717,32,enemy,False,6,963.3253859316824,0.0,0,True
5,80,Box_Striker,Box,Striker,9111,30,enemy,False,6,557.1835738640184,0.0,0,True
5,80,Murder_Fixer,Murder,Fixer,6893,31,enemy,False,6,212.96392468677197,0.0,0,True
5,81,Dead_Tactician,Dead,Tactician,4369,35,party,True,3,2164.339888369299,0.0,0,True
5,81,Dead_Tactician,Dead,Tactician,4043,35,party,True,3,1424.9688500682685,0.0,0,False
5,81,Dead_Bulwark,Dead,Bulwark,6398,35,party,True,3,1047.0995747413847,0.0,0,False
5,81,Master_Striker,Master,Striker,68,36,party,True,3,2222.8782309313647,0.0,0,False
5,81,Dead_Bulwark,Dead,Bulwark,2418,36,party,True,3,1161.6650532429817,0.0,0,False
5,81,Blackhole_Striker,Blackhole,Striker,9885,32,enemy,False,3,0.0,0.0,0,True
5,81,Blackhole_Fixer,Blackhole,Fixer,9100,30,enemy,False,3,0.0,0.0,0,True
5,81,Dead_Bulwark,Dead,Bulwark,2954,32,enemy,False,3,562.8331944831372,0.0,0,True
5,81,Blackhole_Fixer,Blackhole,Fixer,5497,31,enemy,False,3,0.0,462.87367405978785,0,True
5,81,Ultimate_Bulwark,Ultimate,Bulwark,3043,31,enemy,False,3,562.8331944831372,0.0,0,True
5,82,Murder_Striker,Murder,Striker,4163,25,party,False,3,0.0,0.0,0,True
5,82,Master_Bulwark,Master,Bulwark,8371,27,party,False,3,0.0,0.0,0,True
5,82,Murder_Bulwark,Murder,Bulwark,2580,28,party,False,3,0.0,0.0,0,True
5,82,Industrial_Fixer,Industrial,Fixer,9163,29,party,False,3,184.75750577367205,0.0,0,True
5,82,Industrial_Fixer,Industrial,Fixer,7531,27,party,False,3,369.5150115473441,0.0,0,True
5,82,Dead_Bulwark,Dead,Bulwark,9717,38,enemy,True,3,592.861845058306,0.0,0,False
5,82,Master_Fixer,Master,Fixer,4617,38,enemy,True,3,232.07205658236143,554.2725173210162,0,False
5,82,Dead_Tactician,Dead,Tactician,1802,36,enemy,True,3,1163.9185257032009,0.0,0,False
5,82,Dead_Striker,Dead,Striker,5008,36,enemy,True,3,621.0595768606061,0.0,0,False
5,82,Dead_Tactician,Dead,Tactician,3948,36,enemy,True,3,1887.1868483939793,0.0,0,False
5,83,Animal_Tactician,Animal,Tactician,5262,25,party,False,5,0.0,0.0,0,True
5,83,Food_Bulwark,Food,Bulwark,1994,27,party,False,5,0.0,0.0,0,True
5,83,Dead_Striker,Dead,Striker,3453,25,party,False,5,509.2880290788433,0.0,0,True
5,83,Food_Striker,Food,Striker,2998,25,party,False,5,535.8772245264698,0.0,0,True
5,83,Dead_Fixer,Dead,Fixer,4615,25,party,False,5,328.23016183483156,0.0,0,True
5,83,Industrial_Fixer,Industrial,Fixer,3116,32,enemy,True,5,391.7054268640434,509.2880290788433,0,False
5,83,Box_Bulwark,Box,Bulwark,6679,32,enemy,True,5,1879.6564057567623,0.0,0,False
5,83,Industrial_Fixer,Industrial,Fixer,4317,31,enemy,True,5,185.30418857934208,535.8772245264698,0,False
5,83,Box_Fixer,Box,Fixer,5689,34,enemy,True,5,398.89328193988166,328.23016183483156,0,False
5,83,Blackhole_Tactician,Blackhole,Tactician,3324,33,enemy,True,5,2402.155321431147,0.0,0,False
5,84,Murder_Fixer,Murder,Fixer,6412,25,party,True,6,376.91453940066594,361.9495489292618,0,False
5,84,Murder_Fixer,Murder,Fixer,2159,29,party,True,6,406.4275326139248,0.0,0,True
5,84,Food_Striker,Food,Striker,6889,25,party,True,6,1054.8966627017442,0.0,0,False
5,84,Dead_Fixer,Dead,Fixer,264,27,party,True,6,199.67934423128986,0.0,0,True
5,84,Master_Striker,Master,Striker,2397,26,party,True,6,1527.7890156759229,0.0,0,False
5,84,Animal_Striker,Animal,Striker,8686,24,enemy,False,6,0.0,0.0,0,True
5,84,Industrial_Tactician,Industrial,Tactician,449,22,enemy,False,6,1572.2352966795397,0.0,0,True
5,84,Industrial_Fixer,Industrial,Fixer,4538,23,enemy,False,6,511.5934868829518,188.23529411764707,0,True
5,84,Animal_Fixer,Animal,Fixer,6697,24,enemy,False,6,535.4011226078342,0.0,0,True
5,84,Animal_Fixer,Animal,Fixer,8064,22,enemy,False,6,361.9495489292618,188.67924528301887,0,True
5,85,Ultimate_Bulwark,Ultimate,Bulwark,6883,41,party,True,4,2312.12327987142,0.0,0,False
5,85,Blackhole_Tactician,Blackhole,Tactician,7919,44,party,True,4,1582.6215486839014,0.0,0,False
5,85,Ultimate_Fixer,Ultimate,Fixer,416,41,party,True,4,473.9713589011155,650.8365387718941,0,False
5,85,Blackhole_Fixer,Blackhole,Fixer,1901,40,party,True,4,243.98082629300177,517.3068978995681,0,False
5,85,Blackhole_Bulwark,Blackhole,Bulwark,4343,40,party,True,4,664.2830541748548,0.0,0,False
5,85,Industrial_Tactician,Industrial,Tactician,3359,21,enemy,False,4,0.0,0.0,0,True
5,85,Industrial_Fixer,Industrial,Fixer,4100,23,enemy,False,4,0.0,0.0,0,True
5,85,Game_Fixer,Game,Fixer,6790,21,enemy,False,4,0.0,243.98082629300177,0,True
5,85,Food_Striker,Food,Striker,2563,24,enemy,False,4,517.3068978995681,0.0,0,True
5,85,Murder_Tactician,Murder,Tactician,6490,21,enemy,False,4,650.8365387718941,0.0,0,True
5,86,Blackhole_Bulwark,Blackhole,Bulwark,6022,40,party,True,4,1560.3805414456674,0.0,0,False
5,86,Ultimate_Bulwark,Ultimate,Bulwark,6883,41,party,True,4,888.8394822334199,0.0,0,False
5,86,Blackhole_Fixer,Blackhole,Fixer,6096,44,party,True,4,472.11975944205335,583.1987085616702,0,False
5,86,Blackhole_Fixer,Blackhole,Fixer,1901,40,party,True,4,235.66329812392217,194.9380925659549,0,False
5,86,Blackhole_Tactician,Blackhole,Tactician,2683,43,party,True,4,2111.602561326061,0.0,0,True
5,86,Dead_Tactician,Dead,Tactician,3716,32,enemy,False,4,0.0,0.0,0,True
5,86,Master_Fixer,Master,Fixer,9784,31,enemy,False,4,0.0,0.0,0,True
5,86,Blackhole_Fixer,Blackhole,Fixer,9817,32,enemy,False,4,194.9380925659549,235.66329812392217,0,True
5,86,Blackhole_Bulwark,Blackhole,Bulwark,1635,33,enemy,False,4,583.1987085616702,0.0,0,True
5,86,Industrial_Tactician,Industrial,Tactician,439,30,enemy,False,4,913.202753579341,0.0,0,True
5,87,Game_Fixer,Game,Fixer,5135,20,party,False,3,0.0,0.0,0,True
5,87,Game_Fixer,Game,Fixer,8907,23,party,False,3,0.0,0.0,0,True
5,87,Animal_Fixer,Animal,Fixer,9071,20,party,False,3,0.0,0.0,0,True
5,87,Industrial_Bulwark,Industrial,Bulwark,1873,22,party,False,3,0.0,0.0,0,True
5,87,Animal_Striker,Animal,Striker,9471,20,party,False,3,0.0,0.0,0,True
5,87,Game_Tactician,Game,Tactician,6892,24,enemy,True,3,1594.4010416666665,0.0,0,False
5,87,Industrial_Tactician,Industrial,Tactician,236,24,enemy,True,3,1034.4916531059882,0.0,0,False
5,87,Game_Striker,Game,Striker,1821,24,enemy,True,3,993.9609188290027,0.0,0,False
5,87,Industrial_Tactician,Industrial,Tactician,9958,21,enemy,True,3,729.7532080739222,0.0,0,False
5,87,Box_Striker,Box,Striker,1237,23,enemy,True,3,0.0,0.0,0,False
5,88,Golden_Striker,Golden,Striker,8000,46,party,True,11,1023.2324710373773,0.0,0,True
5,88,Golden_Striker,Golden,Striker,947,45,party,True,11,2038.6390723153863,0.0,0,True
5,88,Ultimate_Fixer,Ultimate,Fixer,433,45,party,True,11,960.5934510729915,240.11468214762846,0,True
5,88,Golden_Striker,Golden,Striker,5485,45,party,True,11,1969.9108237759672,0.0,0,False
5,88,Golden_Striker,Golden,Striker,6909,45,party,True,11,984.4839157597462,0.0,0,True
5,88,Ultimate_Fixer,Ultimate,Fixer,8288,45,enemy,False,11,246.1726213761237,474.863504659386,0,True
5,88,Golden_Striker,Golden,Striker,6017,46,enemy,False,11,984.4839157597462,0.0,0,True
5,88,Golden_Striker,Golden,Striker,2022,46,enemy,False,11,2043.527432588523,0.0,0,True
5,88,Golden_Striker,Golden,Striker,1142,46,enemy,False,11,1032.0157434756288,0.0,0,True
5,88,Ultimate_Fixer,Ultimate,Fixer,2358,45,enemy,False,11,240.11468214762846,0.0,0,True
5,89,Industrial_Fixer,Industrial,Fixer,8236,14,party,False,9,0.0,0.0,0,True
5,89,Animal_Tactician,Animal,Tactician,9684,14,party,False,9,1220.46556257847,0.0,0,True
5,89,Animal_Fixer,Animal,Fixer,1360,14,party,False,9,406.0501081111603,253.29831334456512,0,True
5,89,Murder_Fixer,Murder,Fixer,9065,14,party,False,9,249.96202014457498,512.7179348595739,0,True
5,89,Box_Tactician,Box,Tactician,2157,12,party,False,9,647.2496066279182,0.0,0,True
5,89,Golden_Striker,Golden,Striker,2807,46,enemy,True,9,2125.226491608617,0.0,0,False
5,89,Golden_Striker,Golden,Striker,2913,47,enemy,True,9,4212.206361044565,0.0,0,False
5,89,Golden_Striker,Golden,Striker,4113,47,enemy,True,9,0.0,0.0,0,False
5,89,Ultimate_Fixer,Ultimate,Fixer,433,45,enemy,True,9,766.0162482041391,1657.6060726594624,0,False
5,89,Ultimate_Fixer,Ultimate,Fixer,8631,45,enemy,True,9,514.7782394244122,0.0,0,True
5,90,Game_Bulwark,Game,Bulwark,388,30,party,True,5,535.408169604268,0.0,0,False
5,90,Blackhole_Tactician,Blackhole,Tactician,9880,31,party,True,5,902.8382812750154,0.0,0,True
5,90,Dead_Striker,Dead,Striker,7288,34,party,True,5,2228.4691683749625,0.0,0,False
5,90,Blackhole_Striker,Blackhole,Striker,44,30,party,True,5,2362.2047244094488,0.0,0,False
5,90,Dead_Fixer,Dead,Fixer,3754,33,party,True,5,225.91235448590422,0.0,0,True
5,90,Food_Striker,Food,Striker,5091,17,enemy,False,5,0.0,0.0,0,True
5,90,Animal_Bulwark,Animal,Bulwark,7315,16,enemy,False,5,671.9886741295353,0.0,0,True
5,90,Game_Striker,Game,Striker,1969,17,enemy,False,5,432.9270043562032,0.0,0,True
5,90,Bee_Bulwark,Bee,Bulwark,7411,15,enemy,False,5,700.7874199152554,0.0,0,True
5,90,Industrial_Bulwark,Industrial,Bulwark,4845,18,enemy,False,5,433.7668239572822,0.0,0,True
5,91,Industrial_Tactician,Industrial,Tactician,5777,14,party,False,8,0.0,0.0,0,True
5,91,Game_Fixer,Game,Fixer,8402,12,party,False,8,352.47280515381215,0.0,0,True
5,91,Animal_Striker,Animal,Striker,5162,14,party,False,8,392.156862745098,0.0,0,True
5,91,Bee_Fixer,Bee,Fixer,1656,14,party,False,8,139.3957950422889,184.899528609647,0,True
5,91,Animal_Tactician,Animal,Tactician,6764,12,party,False,8,1185.9913671264057,0.0,0,True
5,91,Murder_Striker,Murder,Striker,4361,28,enemy,True,8,1136.4119973369,0.0,0,False
5,91,Master_Fixer,Master,Fixer,21,26,enemy,True,8,184.899528609647,233.7018132226054,0,True
5,91,Master_Striker,Master,Striker,6902,26,enemy,True,8,1025.8938643053568,0.0,0,False
5,91,Murder_Striker,Murder,Striker,9541,25,enemy,True,8,522.8757531748203,0.0,0,False
5,91,Master_Tactician,Master,Tactician,6016,29,enemy,True,8,1136.2285938746818,0.0,0,True
5,92,Animal_Striker,Animal,Striker,640,23,party,False,6,0.0,0.0,0,True
5,92,Game_Bulwark,Game,Bulwark,7408,24,party,False,6,0.0,0.0,0,True
5,92,Murder_Fixer,Murder,Fixer,1165,21,party,False,6,180.1923488943947,912.4829190899167,0,True
5,92,Industrial_Tactician,Industrial,Tactician,6724,20,party,False,6,714.3012633408845,0.0,0,True
5,92,Dead_Fixer,Dead,Fixer,3461,24,party,False,6,164.49235696550178,1363.7323391204063,0,True
5,92,Blackhole_Tactician,Blackhole,Tactician,2215,35,enemy,True,6,2233.9711746928915,0.0,0,False
5,92,Dead_Tactician,Dead,Tactician,2929,37,enemy,True,6,1190.3644873382034,0.0,0,True
5,92,Blackhole_Fixer,Blackhole,Fixer,3636,39,enemy,True,6,931.5774406556443,344.68470585989655,0,False
5,92,Dead_Bulwark,Dead,Bulwark,6972,36,enemy,True,6,596.9344975758803,0.0,0,False
5,92,Dead_Fixer,Dead,Fixer,7067,35,enemy,True,6,451.24942003048983,0.0,0,False
5,93,Box_Bulwark,Box,Bulwark,1714,23,party,False,6,0.0,0.0,0,True
5,93,Box_Fixer,Box,Fixer,9778,24,party,False,6,312.4618682859608,0.0,0,True
5,93,Box_Fixer,Box,Fixer,1079,21,party,False,6,161.8152740061503,0.0,0,True
5,93,Industrial_Fixer,Industrial,Fixer,6743,21,party,False,6,164.49235696550178,0.0,0,True
5,93,Industrial_Bulwark,Industrial,Bulwark,6979,24,party,False,6,451.870497092816,0.0,0,True
5,93,Master_Striker,Master,Striker,6762,36,enemy,True,6,0.0,0.0,0,False
5,93,Dead_Tactician,Dead,Tactician,4718,36,enemy,True,6,1153.2319265301394,0.0,0,True
5,93,Blackhole_Striker,Blackhole,Striker,2745,36,enemy,True,6,2536.4934240343873,0.0,0,False
5,93,Master_Bulwark,Master,Bulwark,64,36,enemy,True,6,1678.606322156605,0.0,0,False
5,93,Dead_Bulwark,Dead,Bulwark,2255,35,enemy,True,6,588.2352941176471,0.0,0,False
5,94,Blackhole_Tactician,Blackhole,Tactician,8313,31,party,True,3,1836.1201584502496,0.0,0,True
5,94,Blackhole_Tactician,Blackhole,Tactician,9970,30,party,True,3,1232.805245983434,0.0,0,False
5,94,Dead_Bulwark,Dead,Bulwark,8359,32,party,True,3,554.4944639515472,0.0,0,True
5,94,Blackhole_Tactician,Blackhole,Tactician,6079,30,party,True,3,2161.3856011791713,0.0,0,False
5,94,Game_Fixer,Game,Fixer,8761,30,party,True,3,200.378225381749,0.0,0,False
5,94,Master_Fixer,Master,Fixer,1621,32,enemy,False,3,0.0,0.0,0,True
5,94,Master_Bulwark,Master,Bulwark,540,30,enemy,False,3,0.0,0.0,0,True
5,94,Dead_Striker,Dead,Striker,7288,34,enemy,False,3,624.3488148755164,0.0,0,True
5,94,Dead_Striker,Dead,Striker,9698,33,enemy,False,3,0.0,0.0,0,True
5,94,Dead_Tactician,Dead,Tactician,3028,33,enemy,False,3,1153.2319265301394,0.0,0,True
5,95,Box_Striker,Box,Striker,3209,24,party,False,4,0.0,0.0,0,True
5,95,Food_Striker,Food,Striker,9921,23,party,False,4,0.0,0.0,0,True
5,95,Murder_Striker,Murder,Striker,1426,20,party,False,4,0.0,0.0,0,True
5,95,Bee_Bulwark,Bee,Bulwark,5411,22,party,False,4,463.36536457127715,0.0,0,True
5,95,Bee_Striker,Bee,Striker,9803,24,party,False,4,0.0,0.0,0,True
5,95,Master_Striker,Master,Striker,2693,30,enemy,True,4,1107.016487180505,0.0,0,False
5,95,Master_Tactician,Master,Tactician,162,33,enemy,True,4,1003.1698452751083,0.0,0,False
5,95,Industrial_Bulwark,Industrial,Bulwark,6976,30,enemy,True,4,1016.8595739151921,0.0,0,False
5,95,Blackhole_Fixer,Blackhole,Fixer,5414,31,enemy,True,4,213.97084631649668,463.36536457127715,0,False
5,95,Master_Striker,Master,Striker,2984,33,enemy,True,4,2625.952889896085,0.0,0,False
5,96,Animal_Tactician,Animal,Tactician,1906,13,party,False,5,0.0,0.0,0,True
5,96,Industrial_Fixer,Industrial,Fixer,8977,13,party,False,5,0.0,0.0,0,True
5,96,Game_Bulwark,Game,Bulwark,4332,14,party,False,5,0.0,0.0,0,True
5,96,Industrial_Tactician,Industrial,Tactician,1040,12,party,False,5,0.0,0.0,0,True
5,96,Industrial_Tactician,Industrial,Tactician,696,14,party,False,5,949.7186168024716,0.0,0,True
5,96,Dead_Fixer,Dead,Fixer,4247,41,enemy,True,5,502.13971513087535,0.0,0,False
5,96,Blackhole_Tactician,Blackhole,Tactician,2545,40,enemy,True,5,1113.181074749098,0.0,0,True
5,96,Ultimate_Fixer,Ultimate,Fixer,9964,42,enemy,True,5,482.7051592964945,253.39366515837105,0,False
5,96,Ultimate_Fixer,Ultimate,Fixer,416,41,enemy,True,5,488.8545175139524,0.0,0,False
5,96,Blackhole_Bulwark,Blackhole,Bulwark,2649,41,enemy,True,5,516.3337420710237,0.0,0,False
5,97,Ultimate_Bulwark,Ultimate,Bulwark,6883,41,party,True,5,2669.468123356399,0.0,0,False
5,97,Ultimate_Fixer,Ultimate,Fixer,9964,42,party,True,5,695.5061225877522,528.8924765980314,0,False
5,97,Blackhole_Tactician,Blackhole,Tactician,3033,43,party,True,5,1103.9638611083183,0.0,0,True
5,97,Blackhole_Bulwark,Blackhole,Bulwark,1891,43,party,True,5,251.43513863852027,0.0,0,True
5,97,Ultimate_Bulwark,Ultimate,Bulwark,8633,40,party,True,5,880.0229852348209,0.0,0,False
5,97,Box_Bulwark,Box,Bulwark,743,30,enemy,False,5,0.0,0.0,0,True
5,97,Industrial_Tactician,Industrial,Tactician,4330,30,enemy,False,5,1824.6560765962695,0.0,0,True
5,97,Ultimate_Bulwark,Ultimate,Bulwark,3788,32,enemy,False,5,567.2176206231655,0.0,0,True
5,97,Industrial_Fixer,Industrial,Fixer,1980,30,enemy,False,5,196.71834911906862,251.43513863852024,0,True
5,97,Master_Tactician,Master,Tactician,9411,30,enemy,False,5,930.0056622103107,0.0,0,True
5,98,Blackhole_Tactician,Blackhole,Tactician,3033,43,party,True,3,2212.210802182139,0.0,0,True
5,98,Ultimate_Bulwark,Ultimate,Bulwark,8633,40,party,True,3,1139.3173977488543,0.0,0,False
5,98,Ultimate_Bulwark,Ultimate,Bulwark,4051,40,party,True,3,1506.4351355944336,0.0,0,False
5,98,Ultimate_Bulwark,Ultimate,Bulwark,19,40,party,True,3,904.383679006939,0.0,0,False
5,98,Golden_Striker,Golden,Striker,12,42,party,True,3,0.0,0.0,0,False
5,98,Industrial_Tactician,Industrial,Tactician,4330,30,enemy,False,3,0.0,0.0,0,True
5,98,Industrial_Tactician,Industrial,Tactician,4481,31,enemy,False,3,0.0,0.0,0,True
5,98,Industrial_Bulwark,Industrial,Bulwark,1725,30,enemy,False,3,534.8476813477446,0.0,0,True
5,98,Blackhole_Tactician,Blackhole,Tactician,9484,32,enemy,False,3,1872.6282836269702,0.0,0,True
5,98,Game_Fixer,Game,Fixer,5357,30,enemy,False,3,0.0,256.60539964064986,0,True
5,99,Dead_Bulwark,Dead,Bulwark,2418,36,party,True,12,587.0841487279843,0.0,0,True
5,99,Dead_Fixer,Dead,Fixer,5455,36,party,True,12,822.8899753957671,4930.319707797275,0,False
5,99,Blackhole_Tactician,Blackhole,Tactician,4211,39,party,True,12,1035.755765588027,0.0,0,True
5,99,Master_Bulwark,Master,Bulwark,1787,36,party,True,12,223.30661405395642,0.0,0,True
5,99,Dead_Striker,Dead,Striker,1763,35,party,True,12,3123.489480339943,0.0,0,False
5,99,Master_Tactician,Master,Tactician,4773,27,enemy,False,12,0.0,0.0,0,True
5,99,Box_Bulwark,Box,Bulwark,6493,26,enemy,False,12,700.637085561,0.0,0,True
5,99,Master_Striker,Master,Striker,9852,29,enemy,False,12,2503.1181802074257,0.0,0,True
5,99,Bee_Striker,Bee,Striker,1767,25,enemy,False,12,1528.8453743831171,0.0,0,True
5,99,Dead_Tactician,Dead,Tactician,8015,26,enemy,False,12,1024.4922792118455,0.0,0,True
5,100,Animal_Fixer,Animal,Fixer,2473,14,party,False,3,0.0,0.0,0,True
5,100,Industrial_Tactician,Industrial,Tactician,1040,12,party,False,3,577.9210670512798,0.0,0,True
5,100,Game_Bulwark,Game,Bulwark,214,14,party,False,3,372.0445097221342,0.0,0,True
5,100,Animal_Fixer,Animal,Fixer,654,13,party,False,3,103.32153880351379,0.0,0,True
5,100,Industrial_Tactician,Industrial,Tactician,8036,12,party,False,3,461.0215256453304,0.0,0,True
5,100,Blackhole_Fixer,Blackhole,Fixer,5204,40,enemy,True,3,492.54801826406526,0.0,0,True
5,100,Ultimate_Bulwark,Ultimate,Bulwark,8633,40,enemy,True,3,641.6574948918674,0.0,0,False
5,100,Ultimate_Bulwark,Ultimate,Bulwark,5143,42,enemy,True,3,662.2116419051698,0.0,0,False
5,100,Ultimate_Bulwark,Ultimate,Bulwark,4051,40,enemy,True,3,642.2934289799664,0.0,0,False
5,100,Blackhole_Bulwark,Blackhole,Bulwark,1891,43,enemy,True,3,1275.7363579543032,0.0,0,False
5,101,Industrial_Fixer,Industrial,Fixer,4535,13,party,False,6,0.0,0.0,0,True
5,101,Animal_Bulwark,Animal,Bulwark,753,14,party,False,6,0.0,0.0,0,True
5,101,Bee_Tactician,Bee,Tactician,209,14,party,False,6,745.4018056941873,0.0,0,True
5,101,Animal_Fixer,Animal,Fixer,6634,14,party,False,6,274.96170292175515,0.0,0,True
5,101,Bee_Tactician,Bee,Tactician,7853,12,party,False,6,723.9204158623818,0.0,0,True
5,101,Wild_Striker,Wild,Striker,559,37,enemy,True,6,1916.7492237690585,0.0,0,False
5,101,Master_Striker,Master,Striker,6543,37,enemy,True,6,628.9905930680598,0.0,0,True
5,101,Dead_Fixer,Dead,Fixer,2441,36,enemy,True,6,429.32408223234097,444.83209199291866,0,False
5,101,Blackhole_Fixer,Blackhole,Fixer,9339,36,enemy,True,6,481.544810355878,1706.3829467184771,0,False
5,101,Dead_Fixer,Dead,Fixer,1923,35,enemy,True,6,675.509379634485,1144.267343840344,0,False
5,102,Dead_Fixer,Dead,Fixer,5099,37,party,False,6,0.0,0.0,0,True
5,102,Dead_Fixer,Dead,Fixer,3583,37,party,False,6,0.0,0.0,0,True
5,102,Dead_Fixer,Dead,Fixer,1214,35,party,False,6,425.4259619307589,0.0,0,True
5,102,Blackhole_Fixer,Blackhole,Fixer,6282,35,party,False,6,218.7060685051045,234.5969483586556,0,True
5,102,Dead_Tactician,Dead,Tactician,2840,36,party,False,6,1134.435241246331,0.0,0,True
5,102,Blackhole_Fixer,Blackhole,Fixer,5741,40,enemy,True,6,462.06796860907826,0.0,0,True
5,102,Blackhole_Tactician,Blackhole,Tactician,7919,44,enemy,True,6,2230.16653216885,0.0,0,True
5,102,Ultimate_Bulwark,Ultimate,Bulwark,4051,40,enemy,True,6,1252.317043170601,0.0,0,False
5,102,Blackhole_Fixer,Blackhole,Fixer,1901,40,enemy,True,6,471.336334601865,0.0,0,False
5,102,Blackhole_Bulwark,Blackhole,Bulwark,1891,43,enemy,True,6,2505.9154715193736,0.0,0,False
5,103,Industrial_Fixer,Industrial,Fixer,8911,15,party,False,11,0.0,0.0,0,True
5,103,Box_Bulwark,Box,Bulwark,2818,17,party,False,11,0.0,0.0,0,True
5,103,Industrial_Tactician,Industrial,Tactician,2118,16,party,False,11,1000.60147540426,0.0,0,True
5,103,Industrial_Tactician,Industrial,Tactician,4338,18,party,False,11,1067.2968609837756,0.0,0,True
5,103,Industrial_Fixer,Industrial,Fixer,2613,17,party,False,11,617.9932607608907,536.0535786770118,0,True
5,103,Industrial_Tactician,Industrial,Tactician,3505,20,enemy,True,11,1539.9446709270292,0.0,0,True
5,103,Box_Fixer,Box,Fixer,3270,22,enemy,True,11,1165.979664465427,1116.897291092388,0,False
5,103,Industrial_Tactician,Industrial,Tactician,6656,20,enemy,True,11,796.2259860533376,0.0,0,True
5,103,Industrial_Fixer,Industrial,Fixer,9932,22,enemy,True,11,898.1464420891199,0.0,0,False
5,103,Game_Fixer,Game,Fixer,5845,20,enemy,True,11,536.0535786770118,228.76142741475738,0,False
5,104,Game_Bulwark,Game,Bulwark,7523,25,party,False,3,0.0,0.0,0,True
5,104,Bee_Bulwark,Bee,Bulwark,3129,25,party,False,3,190.12216147919602,0.0,0,True
5,104,Game_Fixer,Game,Fixer,256,26,party,False,3,199.37275482807223,0.0,0,True
5,104,Box_Striker,Box,Striker,370,29,party,False,3,0.0,0.0,0,True
5,104,Master_Striker,Master,Striker,4479,26,party,False,3,0.0,0.0,0,True
5,104,Animal_Fixer,Animal,Fixer,6149,12,enemy,True,3,0.0,0.0,0,True
5,104,Animal_Bulwark,Animal,Bulwark,5868,14,enemy,True,3,671.3375223135183,0.0,0,False
5,104,Industrial_Tactician,Industrial,Tactician,7543,14,enemy,True,3,1109.4922524105025,0.0,0,False
5,104,Animal_Tactician,Animal,Tactician,691,13,enemy,True,3,539.159784457238,0.0,0,False
5,104,Animal_Tactician,Animal,Tactician,3796,14,enemy,True,3,798.1721376098319,0.0,0,False
5,105,Master_Fixer,Master,Fixer,6664,28,party,False,6,0.0,0.0,0,True
5,105,Dead_Fixer,Dead,Fixer,9998,28,party,False,6,0.0,1365.4655005223717,0,True
5,105,Dead_Fixer,Dead,Fixer,1683,25,party,False,6,186.2655530079556,1496.470569573724,0,True
5,105,Industrial_Bulwark,Industrial,Bulwark,7279,26,party,False,6,505.4622979286607,0.0,0,True
5,105,Food_Striker,Food,Striker,5698,25,party,False,6,0.0,0.0,0,True
5,105,Dead_Fixer,Dead,Fixer,9657,38,enemy,True,6,448.62017196669854,0.0,0,False
5,105,Blackhole_Tactician,Blackhole,Tactician,7259,35,enemy,True,6,1029.728088969668,0.0,0,True
5,105,Master_Bulwark,Master,Bulwark,5469,38,enemy,True,6,1726.4954714041332,0.0,0,False
5,105,Dead_Fixer,Dead,Fixer,8308,37,enemy,True,6,447.0805096232041,0.0,0,False
5,105,Master_Bulwark,Master,Bulwark,431,36,enemy,True,6,1103.780641302561,0.0,0,False
5,106,Animal_Striker,Animal,Striker,1012,24,party,False,3,0.0,0.0,0,True
5,106,Industrial_Fixer,Industrial,Fixer,8590,20,party,False,3,0.0,0.0,0,True
5,106,Box_Bulwark,Box,Bulwark,8959,21,party,False,3,0.0,0.0,0,True
5,106,Murder_Fixer,Murder,Fixer,7803,23,party,False,3,183.335533072999,0.0,0,True
5,106,Box_Striker,Box,Striker,8989,22,party,False,3,0.0,0.0,0,True
5,106,Ultimate_Tactician,Ultimate,Tactician,2719,42,enemy,True,3,432.0194792481318,0.0,0,False
5,106,Ultimate_Fixer,Ultimate,Fixer,9964,42,enemy,True,3,472.4348367582713,0.0,0,False
5,106,Ultimate_Bulwark,Ultimate,Bulwark,5143,42,enemy,True,3,261.7835680975364,0.0,0,False
5,106,Ultimate_Bulwark,Ultimate,Bulwark,4051,40,enemy,True,3,887.030310092806,0.0,0,False
5,106,Blackhole_Tactician,Blackhole,Tactician,7919,44,enemy,True,3,1578.3334996463218,0.0,0,False
5,107,Dead_Fixer,Dead,Fixer,8882,36,party,True,5,228.57142857142856,0.0,0,True
5,107,Master_Striker,Master,Striker,6762,36,party,True,5,4528.73227009003,0.0,0,True
5,107,Dead_Fixer,Dead,Fixer,6305,36,party,True,5,648.5598219058022,1593.684086057776,0,False
5,107,Dead_Fixer,Dead,Fixer,2441,36,party,True,5,213.6312465354445,0.0,0,False
5,107,Dead_Bulwark,Dead,Bulwark,5813,36,party,True,5,2172.3630732808206,0.0,0,False
5,107,Industrial_Tactician,Industrial,Tactician,3499,19,enemy,False,5,0.0,0.0,0,True
5,107,Animal_Bulwark,Animal,Bulwark,6669,16,enemy,False,5,362.21271895197884,0.0,0,True
5,107,Box_Bulwark,Box,Bulwark,9119,17,enemy,False,5,573.7323546043824,0.0,0,True
5,107,Animal_Bulwark,Animal,Bulwark,1029,18,enemy,False,5,430.4269446582848,0.0,0,True
5,107,Food_Striker,Food,Striker,207,17,enemy,False,5,1100.5225011901632,0.0,0,True
5,108,Ultimate_Fixer,Ultimate,Fixer,8060,46,party,True,9,242.31048696660451,0.0,0,True
5,108,Golden_Striker,Golden,Striker,2690,46,party,True,9,1027.1755634113172,0.0,0,True
5,108,Ultimate_Fixer,Ultimate,Fixer,8631,45,party,True,9,245.04854547942904,0.0,0,True
5,108,Golden_Striker,Golden,Striker,1052,48,party,True,9,5159.802220987849,0.0,0,False
5,108,Ultimate_Fixer,Ultimate,Fixer,433,45,party,True,9,485.1754601734072,1018.446175148155,0,False
5,108,Dead_Fixer,Dead,Fixer,3583,37,enemy,False,9,0.0,0.0,0,True
5,108,Ultimate_Bulwark,Ultimate,Bulwark,867,39,enemy,False,9,627.5060788805743,0.0,0,True
5,108,Dead_Fixer,Dead,Fixer,335,35,enemy,False,9,1084.0756558877365,1479.4649732068028,0,True
5,108,Master_Striker,Master,Striker,8656,36,enemy,False,9,2683.6127795785287,0.0,0,True
5,108,Dead_Tactician,Dead,Tactician,8816,35,enemy,False,9,1118.111580986635,0.0,0,True
5,109,Master_Fixer,Master,Fixer,4694,25,party,False,3,0.0,0.0,0,True
5,109,Food_Striker,Food,Striker,2783,25,party,False,3,0.0,0.0,0,True
5,109,Dead_Fixer,Dead,Fixer,6988,26,party,False,3,194.70360366113846,0.0,0,True
5,109,Master_Striker,Master,Striker,6041,26,party,False,3,494.09103813883564,0.0,0,True
5,109,Box_Fixer,Box,Fixer,2384,29,party,False,3,0.0,181.402610810883,0,True
5,109,Industrial_Fixer,Industrial,Fixer,9163,29,enemy,True,3,185.61484918793502,194.70360366113846,0,False
5,109,Game_Fixer,Game,Fixer,2434,28,enemy,True,3,181.402610810883,0.0,0,False
5,109,Murder_Bulwark,Murder,Bulwark,5181,27,enemy,True,3,1339.3211709593434,0.0,0,False
5,109,Master_Tactician,Master,Tactician,6840,29,enemy,True,3,935.0650995578967,0.0,0,False
5,109,Master_Tactician,Master,Tactician,3516,25,enemy,True,3,876.192222120527,0.0,0,False
5,110,Animal_Tactician,Animal,Tactician,8572,26,party,False,8,0.0,0.0,0,True
5,110,Murder_Bulwark,Murder,Bulwark,5708,25,party,False,8,0.0,0.0,0,True
5,110,Animal_Tactician,Animal,Tactician,6176,27,party,False,8,1162.638373851251,0.0,0,True
5,110,Box_Tactician,Box,Tactician,2955,25,party,False,8,1305.7633889030299,0.0,0,True
5,110,Blackhole_Striker,Blackhole,Striker,4504,29,party,False,8,1149.4252873563219,0.0,0,True
5,110,Golden_Striker,Golden,Striker,5485,45,enemy,True,8,1006.639620321854,0.0,0,False
5,110,Ultimate_Fixer,Ultimate,Fixer,8060,46,enemy,True,8,250.31130493248298,0.0,0,True
5,110,Ultimate_Fixer,Ultimate,Fixer,8631,45,enemy,True,8,253.13977103771208,0.0,0,True
5,110,Golden_Striker,Golden,Striker,360,46,enemy,True,8,1037.167543600143,0.0,0,True
5,110,Golden_Striker,Golden,Striker,1706,46,enemy,True,8,3023.905063960437,0.0,0,False
5,111,Blackhole_Fixer,Blackhole,Fixer,7060,32,party,True,3,441.37931034482756,1105.4126318126318,0,False
5,111,Dead_Fixer,Dead,Fixer,6113,31,party,True,3,198.07502738885532,1085.5175191815779,0,False
5,111,Dead_Fixer,Dead,Fixer,6994,34,party,True,3,390.1568753643636,221.19815668202762,0,False
5,111,Master_Tactician,Master,Tactician,1173,34,party,True,3,1333.3715907513777,0.0,0,True
5,111,Blackhole_Tactician,Blackhole,Tactician,6717,32,party,True,3,1342.3325716549484,0.0,0,False
5,111,Dead_Striker,Dead,Striker,1763,35,enemy,False,3,0.0,0.0,0,True
5,111,Blackhole_Fixer,Blackhole,Fixer,4962,35,enemy,False,3,234.2427896421022,0.0,0,True
5,111,Dead_Fixer,Dead,Fixer,8873,35,enemy,False,3,221.19815668202764,0.0,0,True
5,111,Dead_Bulwark,Dead,Bulwark,2418,36,enemy,False,3,579.7101449275362,0.0,0,True
5,111,Master_Fixer,Master,Fixer,9862,35,enemy,False,3,198.07502738885532,0.0,0,True
5,112,Ultimate_Fixer,Ultimate,Fixer,8288,45,party,True,6,492.3452427522474,0.0,0,False
5,112,Golden_Striker,Golden,Striker,2913,47,party,True,6,2058.3650005907202,0.0,0,False
5,112,Golden_Striker,Golden,Striker,6011,46,party,True,6,2066.295028722766,0.0,0,True
5,112,Ultimate_Fixer,Ultimate,Fixer,8060,46,party,True,6,486.8440059237284,0.0,0,True
5,112,Ultimate_Fixer,Ultimate,Fixer,2358,45,party,True,6,734.6280032939853,0.0,0,False
5,112,Master_Bulwark,Master,Bulwark,7832,39,enemy,False,6,0.0,0.0,0,True
5,112,Master_Fixer,Master,Fixer,6325,36,enemy,False,6,200.08129954526615,242.28276054173796,0,True
5,112,Dead_Bulwark,Dead,Bulwark,8083,38,enemy,False,6,1182.0544588626992,0.0,0,True
5,112,Dead_Fixer,Dead,Fixer,9350,35,enemy,False,6,411.2438583651385,0.0,0,True
5,112,Dead_Striker,Dead,Striker,5008,36,enemy,False,6,3069.570583620733,0.0,0,True
5,113,Dead_Fixer,Dead,Fixer,3628,36,party,True,5,461.2521349989171,516.1290322580645,0,False
5,113,Dead_Bulwark,Dead,Bulwark,544,37,party,True,5,241.50495604187955,0.0,0,True
5,113,Blackhole_Bulwark,Blackhole,Bulwark,1666,35,party,True,5,482.53729964532096,0.0,0,True
5,113,Dead_Fixer,Dead,Fixer,6453,37,party,True,5,680.3284159935919,1254.3369809990475,0,True
5,113,Dead_Bulwark,Dead,Bulwark,2418,36,party,True,5,2119.0365776454764,0.0,0,True
5,113,Game_Striker,Game,Striker,4991,20,enemy,False,5,0.0,0.0,0,True
5,113,Animal_Fixer,Animal,Fixer,3795,24,enemy,False,5,0.0,0.0,0,True
5,113,Industrial_Tactician,Industrial,Tactician,965,21,enemy,False,5,1207.7716835548945,0.0,0,True
5,113,Game_Striker,Game,Striker,6531,23,enemy,False,5,1017.5966581017657,0.0,0,True
5,113,Box_Tactician,Box,Tactician,7440,20,enemy,False,5,1384.0266011604115,0.0,0,True
5,114,Blackhole_Bulwark,Blackhole,Bulwark,1891,43,party,True,5,1651.212369457356,0.0,0,False
5,114,Blackhole_Fixer,Blackhole,Fixer,5741,40,party,True,5,238.10090617738388,0.0,0,False
5,114,Ultimate_Fixer,Ultimate,Fixer,416,41,party,True,5,718.8272013098692,488.4118308039065,0,False
5,114,Blackhole_Tactician,Blackhole,Tactician,8148,41,party,True,5,1071.388897995654,0.0,0,True
5,114,Blackhole_Fixer,Blackhole,Fixer,5204,40,party,True,5,241.05879482100136,0.0,0,False
5,114,Bee_Tactician,Bee,Tactician,2977,21,enemy,False,5,0.0,0.0,0,True
5,114,Murder_Tactician,Murder,Tactician,5582,24,enemy,False,5,0.0,0.0,0,True
5,114,Bee_Tactician,Bee,Tactician,5503,21,enemy,False,5,1159.4202898550725,0.0,0,True
5,114,Game_Striker,Game,Striker,1890,23,enemy,False,5,488.4118308039065,0.0,0,True
5,114,Murder_Fixer,Murder,Fixer,3049,20,enemy,False,5,152.2023564885842,0.0,0,True
5,115,Food_Tactician,Food,Tactician,4450,15,party,False,3,0.0,0.0,0,True
5,115,Food_Striker,Food,Striker,4094,18,party,False,3,0.0,0.0,0,True
5,115,Bee_Striker,Bee,Striker,9338,17,party,False,3,426.92448026843033,0.0,0,True
5,115,Box_Bulwark,Box,Bulwark,5933,15,party,False,3,141.25568170280076,0.0,0,True
5,115,Animal_Fixer,Animal,Fixer,2313,16,party,False,3,157.0706904997204,0.0,0,True
5,115,Animal_Tactician,Animal,Tactician,4874,18,enemy,True,3,1578.0285348170157,0.0,0,False
5,115,Game_Fixer,Game,Fixer,2360,15,enemy,True,3,143.56479181866442,157.0706904997204,0,False
5,115,Animal_Bulwark,Animal,Bulwark,8280,16,enemy,True,3,356.2797703027657,0.0,0,True
5,115,Murder_Striker,Murder,Striker,9478,17,enemy,True,3,1172.7063786304316,0.0,0,False
5,115,Animal_Striker,Animal,Striker,1667,16,enemy,True,3,1083.5821008359665,0.0,0,False
5,116,Bee_Tactician,Bee,Tactician,1819,18,party,False,7,0.0,0.0,0,True
5,116,Industrial_Fixer,Industrial,Fixer,6137,18,party,False,7,298.1989297434243,0.0,0,True
5,116,Food_Bulwark,Food,Bulwark,5404,19,party,False,7,417.11951612829415,0.0,0,True
5,116,Food_Striker,Food,Striker,4693,15,party,False,7,414.7382439144314,0.0,0,True
5,116,Game_Fixer,Game,Fixer,1721,17,party,False,7,277.2605527486294,0.0,0,True
5,116,Golden_Striker,Golden,Striker,8000,46,enemy,True,7,1046.3280027683486,0.0,0,False
5,116,Golden_Striker,Golden,Striker,2869,45,enemy,True,7,2020.2371631380806,0.0,0,False
5,116,Ultimate_Fixer,Ultimate,Fixer,8631,45,enemy,True,7,254.9436173871495,0.0,0,True
5,116,Ultimate_Fixer,Ultimate,Fixer,2358,45,enemy,True,7,509.887234774299,565.3539745306016,0,False
5,116,Golden_Striker,Golden,Striker,4113,47,enemy,True,7,1059.4683790163597,0.0,0,False
5,117,Industrial_Tactician,Industrial,Tactician,7478,14,party,False,3,0.0,0.0,0,True
5,117,Animal_Striker,Animal,Striker,9234,14,party,False,3,0.0,0.0,0,True
5,117,Animal_Tactician,Animal,Tactician,6315,14,party,False,3,0.0,0.0,0,True
5,117,Animal_Striker,Animal,Striker,6736,13,party,False,3,0.0,0.0,0,True
5,117,Bee_Striker,Bee,Striker,3394,14,party,False,3,0.0,0.0,0,True
5,117,Box_Bulwark,Box,Bulwark,2220,24,enemy,True,3,486.0098695998369,0.0,0,False
5,117,Master_Tactician,Master,Tactician,1758,24,enemy,True,3,893.255417161932,0.0,0,False
5,117,Animal_Striker,Animal,Striker,4779,22,enemy,True,3,0.0,0.0,0,False
5,117,Game_Tactician,Game,Tactician,699,23,enemy,True,3,1022.9174001240592,0.0,0,False
5,117,Animal_Tactician,Animal,Tactician,1414,21,enemy,True,3,1444.752928458984,0.0,0,False
5,118,Industrial_Tactician,Industrial,Tactician,7478,14,party,False,3,0.0,0.0,0,True
5,118,Industrial_Striker,Industrial,Striker,9366,14,party,False,3,0.0,0.0,0,True
5,118,Food_Bulwark,Food,Bulwark,5166,13,party,False,3,0.0,0.0,0,True
5,118,Box_Tactician,Box,Tactician,7924,14,party,False,3,0.0,0.0,0,True
5,118,Industrial_Fixer,Industrial,Fixer,7846,13,party,False,3,252.69522212231612,0.0,0,True
5,118,Industrial_Tactician,Industrial,Tactician,4351,22,enemy,True,3,1936.998616752207,0.0,0,False
5,118,Box_Fixer,Box,Fixer,9383,24,enemy,True,3,380.50326101486263,252.69522212231612,0,False
5,118,Food_Bulwark,Food,Bulwark,9603,23,enemy,True,3,0.0,0.0,0,False
5,118,Industrial_Tactician,Industrial,Tactician,5046,22,enemy,True,3,1011.60081244825,0.0,0,False
5,118,Dead_Tactician,Dead,Tactician,8929,22,enemy,True,3,928.7951999650356,0.0,0,False
5,119,Ultimate_Tactician,Ultimate,Tactician,185,34,party,False,3,385.2331021553238,0.0,0,True
5,119,Dead_Striker,Dead,Striker,9698,33,party,False,3,1157.1841851494696,0.0,0,True
5,119,Dead_Fixer,Dead,Fixer,1011,30,party,False,3,190.68449257639017,0.0,0,True
5,119,Blackhole_Fixer,Blackhole,Fixer,4760,33,party,False,3,210.80963840506527,0.0,0,True
5,119,Dead_Tactician,Dead,Tactician,2611,32,party,False,3,1032.4883165130111,0.0,0,True
5,119,Blackhole_Fixer,Blackhole,Fixer,6618,32,enemy,True,3,0.0,0.0,0,True
5,119,Blackhole_Tactician,Blackhole,Tactician,6034,32,enemy,True,3,1361.6734547057458,0.0,0,False
5,119,Master_Bulwark,Master,Bulwark,3431,33,enemy,True,3,555.5669870926528,0.0,0,True
5,119,Dead_Tactician,Dead,Tactician,651,31,enemy,True,3,2844.1926668246233,0.0,0,False
5,119,Dead_Tactician,Dead,Tactician,4015,31,enemy,True,3,2359.0535263310508,0.0,0,False
5,120,Animal_Striker,Animal,Striker,4047,27,party,False,4,0.0,0.0,0,True
5,120,Master_Tactician,Master,Tactician,9192,27,party,False,4,551.7735213782611,0.0,0,True
5,120,Food_Striker,Food,Striker,1337,27,party,False,4,0.0,0.0,0,True
5,120,Food_Striker,Food,Striker,9104,25,party,False,4,0.0,0.0,0,True
5,120,Bee_Striker,Bee,Striker,1417,27,party,False,4,524.6384650432626,0.0,0,True
5,120,Ultimate_Bulwark,Ultimate,Bulwark,5143,42,enemy,True,4,1703.6403759622176,0.0,0,False
5,120,Blackhole_Fixer,Blackhole,Fixer,5741,40,enemy,True,4,236.43197459202838,524.6384650432626,0,False
5,120,Blackhole_Fixer,Blackhole,Fixer,5204,40,enemy,True,4,239.36913037132143,551.7735213782611,0,False
5,120,Blackhole_Tactician,Blackhole,Tactician,2683,43,enemy,True,4,1894.6182867497068,0.0,0,False
5,120,Golden_Striker,Golden,Striker,2062,43,enemy,True,4,19867.746286535526,0.0,0,False
5,121,Game_Bulwark,Game,Bulwark,4790,22,party,False,3,0.0,0.0,0,True
5,121,Animal_Striker,Animal,Striker,3154,23,party,False,3,0.0,0.0,0,True
5,121,Murder_Fixer,Murder,Fixer,9987,21,party,False,3,0.0,0.0,0,True
5,121,Murder_Fixer,Murder,Fixer,8713,21,party,False,3,0.0,0.0,0,True
5,121,Bee_Tactician,Bee,Tactician,3254,21,party,False,3,584.7953216374269,0.0,0,True
5,121,Blackhole_Bulwark,Blackhole,Bulwark,2369,31,enemy,True,3,0.0,0.0,0,False
5,121,Dead_Tactician,Dead,Tactician,6759,32,enemy,True,3,1433.567680417742,0.0,0,False
5,121,Industrial_Tactician,Industrial,Tactician,4481,31,enemy,True,3,1345.436294027632,0.0,0,False
5,121,Game_Tactician,Game,Tactician,126,30,enemy,True,3,2008.2066994220918,0.0,0,True
5,121,Blackhole_Tactician,Blackhole,Tactician,2077,32,enemy,True,3,1975.9009098760998,0.0,0,False
5,122,Dead_Tactician,Dead,Tactician,9551,36,party,True,14,1173.0205278592375,0.0,0,True
5,122,Master_Tactician,Master,Tactician,1315,35,party,True,14,685.3224558094379,0.0,0,True
5,122,Ultimate_Fixer,Ultimate,Fixer,588,39,party,True,14,1368.2007576809112,662.8349331926455,0,False
5,122,Dead_Fixer,Dead,Fixer,8515,35,party,True,14,442.32372210090585,0.0,0,True
5,122,Dead_Fixer,Dead,Fixer,9821,35,party,True,14,662.4569233325194,0.0,0,True
5,122,Game_Fixer,Game,Fixer,769,27,enemy,False,14,0.0,0.0,0,True
5,122,Dead_Striker,Dead,Striker,3453,25,enemy,False,14,0.0,0.0,0,True
5,122,Box_Tactician,Box,Tactician,3134,26,enemy,False,14,0.0,0.0,0,True
5,122,Animal_Tactician,Animal,Tactician,4885,26,enemy,False,14,2132.791677905661,0.0,0,True
5,122,Game_Tactician,Game,Tactician,278,27,enemy,False,14,1615.4778839428243,0.0,0,True
5,123,Industrial_Tactician,Industrial,Tactician,7260,14,party,False,15,638.7787692751162,0.0,0,True
5,123,Food_Tactician,Food,Tactician,5142,14,party,False,15,523.884861859872,0.0,0,True
5,123,Game_Fixer,Game,Fixer,9386,14,party,False,15,716.4831364019909,0.0,0,True
5,123,Industrial_Tactician,Industrial,Tactician,5730,14,party,False,15,733.3830898816504,0.0,0,True
5,123,Animal_Fixer,Animal,Fixer,8884,14,party,False,15,489.4477771752197,649.38157407734,0,True
5,123,Game_Bulwark,Game,Bulwark,9752,15,enemy,True,15,0.0,0.0,0,True
5,123,Animal_Striker,Animal,Striker,7598,16,enemy,True,15,1807.2786714254146,0.0,0,False
5,123,Game_Bulwark,Game,Bulwark,9506,15,enemy,True,15,381.57471391206076,0.0,0,True
5,123,Industrial_Fixer,Industrial,Fixer,3871,19,enemy,True,15,173.25466169489897,0.0,0,True
5,123,Game_Fixer,Game,Fixer,800,16,enemy,True,15,795.5927235683131,385.08468827240137,0,True
5,124,Bee_Striker,Bee,Striker,9127,19,party,False,2,0.0,0.0,0,True
5,124,Industrial_Bulwark,Industrial,Bulwark,3643,16,party,False,2,0.0,0.0,0,True
5,124,Game_Striker,Game,Striker,6520,16,party,False,2,0.0,0.0,0,True
5,124,Bee_Striker,Bee,Striker,9385,17,party,False,2,0.0,0.0,0,True
5,124,Industrial_Tactician,Industrial,Tactician,4406,15,party,False,2,430.9952626597967,0.0,0,True
5,124,Industrial_Tactician,Industrial,Tactician,4305,24,enemy,True,2,1808.5192363481797,0.0,0,False
5,124,Industrial_Tactician,Industrial,Tactician,449,22,enemy,True,2,792.3075510826027,0.0,0,False
5,124,Animal_Bulwark,Animal,Bulwark,4961,20,enemy,True,2,431.1472743363674,0.0,0,False
5,124,Bee_Tactician,Bee,Tactician,722,23,enemy,True,2,706.6549395843889,0.0,0,False
5,124,Bee_Tactician,Bee,Tactician,5546,22,enemy,True,2,657.0229120959226,0.0,0,False
5,125,Industrial_Fixer,Industrial,Fixer,5302,21,party,False,5,0.0,0.0,0,True
5,125,Animal_Fixer,Animal,Fixer,5236,22,party,False,5,0.0,0.0,0,True
5,125,Murder_Striker,Murder,Striker,4821,22,party,False,5,488.88010676824393,0.0,0,True
5,125,Game_Fixer,Game,Fixer,4392,20,party,False,5,165.88509303007564,0.0,0,True
5,125,Box_Tactician,Box,Tactician,3248,20,party,False,5,708.4174987371346,0.0,0,True
5,125,Dead_Fixer,Dead,Fixer,8664,35,enemy,True,5,445.44600719808875,0.0,0,True
5,125,Blackhole_Fixer,Blackhole,Fixer,5449,36,enemy,True,5,232.07205658236143,1290.8757568903043,0,False
5,125,Dead_Bulwark,Dead,Bulwark,1030,37,enemy,True,5,2646.960806812792,0.0,0,False
5,125,Dead_Fixer,Dead,Fixer,4970,35,enemy,True,5,824.8057336548384,488.88010676824393,0,False
5,125,Dead_Fixer,Dead,Fixer,6519,35,enemy,True,5,412.4028668274192,0.0,0,False
5,126,Master_Striker,Master,Striker,6358,26,party,True,6,1617.8638168476791,0.0,0,False
5,126,Box_Tactician,Box,Tactician,7856,26,party,True,6,1475.8437002394273,0.0,0,True
5,126,Blackhole_Fixer,Blackhole,Fixer,2729,29,party,True,6,203.03127566922518,0.0,0,True
5,126,Box_Striker,Box,Striker,9892,26,party,True,6,1039.591954092849,0.0,0,False
5,126,Master_Fixer,Master,Fixer,7308,26,party,True,6,190.9307875894988,0.0,0,True
5,126,Game_Striker,Game,Striker,4328,17,enemy,False,6,0.0,0.0,0,True
5,126,Murder_Tactician,Murder,Tactician,7488,18,enemy,False,6,942.4277585137763,0.0,0,True
5,126,Industrial_Tactician,Industrial,Tactician,5502,15,enemy,False,6,765.8407207507626,0.0,0,True
5,126,Food_Bulwark,Food,Bulwark,3061,16,enemy,False,6,376.01780060266185,0.0,0,True
5,126,Game_Bulwark,Game,Bulwark,7921,19,enemy,False,6,465.61471100123487,0.0,0,True
5,127,Industrial_Fixer,Industrial,Fixer,1728,17,party,True,7,255.13088094452002,144.6051163970605,0,False
5,127,Industrial_Bulwark,Industrial,Bulwark,7681,16,party,True,7,222.71079722410948,0.0,0,True
5,127,Game_Bulwark,Game,Bulwark,286,18,party,True,7,774.3659912465002,0.0,0,True
5,127,Animal_Bulwark,Animal,Bulwark,8334,16,party,True,7,370.82828412031137,0.0,0,True
5,127,Industrial_Striker,Industrial,Striker,1371,16,party,True,7,881.2099105290836,0.0,0,False
5,127,Murder_Bulwark,Murder,Bulwark,1568,14,enemy,False,7,778.8551366783715,0.0,0,True
5,127,Animal_Tactician,Animal,Tactician,7843,13,enemy,False,7,496.0435545362164,0.0,0,True
5,127,Animal_Fixer,Animal,Fixer,7907,14,enemy,False,7,0.0,350.8895330832553,0,True
5,127,Game_Fixer,Game,Fixer,8224,14,enemy,False,7,288.8617867305137,126.95214508537413,0,True
5,127,Game_Bulwark,Game,Bulwark,4095,13,enemy,False,7,352.7936668751457,0.0,0,True
5,128,Master_Striker,Master,Striker,6845,25,party,False,3,0.0,0.0,0,True
5,128,Blackhole_Fixer,Blackhole,Fixer,1247,27,party,False,3,0.0,0.0,0,True
5,128,Murder_Fixer,Murder,Fixer,2271,25,party,False,3,0.0,0.0,0,True
5,128,Master_Fixer,Master,Fixer,2596,28,party,False,3,186.82795227709238,0.0,0,True
5,128,Box_Striker,Box,Striker,303,26,party,False,3,0.0,0.0,0,True
5,128,Ultimate_Bulwark,Ultimate,Bulwark,383,43,enemy,True,3,645.2577413142801,0.0,0,False
5,128,Ultimate_Tactician,Ultimate,Tactician,2719,42,enemy,True,3,855.9826511909371,0.0,0,False
5,128,Blackhole_Tactician,Blackhole,Tactician,7919,44,enemy,True,3,2247.5557448953127,0.0,0,False
5,128,Blackhole_Fixer,Blackhole,Fixer,2680,44,enemy,True,3,490.2757775179066,0.0,0,False
5,128,Blackhole_Tactician,Blackhole,Tactician,8148,41,enemy,True,3,2121.8930221512364,0.0,0,False
5,129,Animal_Striker,Animal,Striker,5682,24,party,False,10,0.0,0.0,0,True
5,129,Industrial_Tactician,Industrial,Tactician,2601,21,party,False,10,0.0,0.0,0,True
5,129,Industrial_Tactician,Industrial,Tactician,2024,21,party,False,10,974.5389771201561,0.0,0,True
5,129,Bee_Tactician,Bee,Tactician,9718,21,party,False,10,1497.4275688921982,0.0,0,True
5,129,Murder_Tactician,Murder,Tactician,5360,20,party,False,10,1018.6877803861762,0.0,0,True
5,129,Blackhole_Fixer,Blackhole,Fixer,6096,44,enemy,True,10,487.8570847567884,0.0,0,True
5,129,Blackhole_Tactician,Blackhole,Tactician,8148,41,enemy,True,10,2132.2842710354244,0.0,0,True
5,129,Golden_Striker,Golden,Striker,8782,44,enemy,True,10,0.0,0.0,0,True
5,129,Ultimate_Bulwark,Ultimate,Bulwark,6883,41,enemy,True,10,0.0,0.0,0,True
5,129,Blackhole_Bulwark,Blackhole,Bulwark,1891,43,enemy,True,10,2164.1222926973364,0.0,0,False
5,130,Dead_Fixer,Dead,Fixer,2632,35,party,True,4,401.69061498439186,0.0,0,True
5,130,Ultimate_Bulwark,Ultimate,Bulwark,867,39,party,True,4,3557.3181816737515,0.0,0,False
5,130,Master_Bulwark,Master,Bulwark,64,36,party,True,4,781.7956367875311,0.0,0,False
5,130,Dead_Striker,Dead,Striker,5008,36,party,True,4,0.0,0.0,0,False
5,130,Master_Bulwark,Master,Bulwark,5709,39,party,True,4,589.4149738661065,0.0,0,False
5,130,Box_Bulwark,Box,Bulwark,8665,30,enemy,False,4,0.0,0.0,0,True
5,130,Blackhole_Fixer,Blackhole,Fixer,5030,33,enemy,False,4,221.69521750517427,0.0,0,True
5,130,Dead_Fixer,Dead,Fixer,2685,34,enemy,False,4,202.9253526316181,0.0,0,True
5,130,Game_Bulwark,Game,Bulwark,507,30,enemy,False,4,508.79832905088284,0.0,0,True
5,130,Box_Bulwark,Box,Bulwark,3190,30,enemy,False,4,527.6710573267496,0.0,0,True
5,131,Game_Striker,Game,Striker,6964,16,party,False,5,0.0,0.0,0,True
5,131,Game_Bulwark,Game,Bulwark,2383,15,party,False,5,0.0,0.0,0,True
5,131,Industrial_Tactician,Industrial,Tactician,7514,18,party,False,5,0.0,0.0,0,True
5,131,Murder_Striker,Murder,Striker,3976,18,party,False,5,0.0,0.0,0,True
5,131,Industrial_Tactician,Industrial,Tactician,6042,15,party,False,5,1172.3959156462006,0.0,0,True
5,131,Animal_Tactician,Animal,Tactician,9108,30,enemy,True,5,1725.1104173391059,0.0,0,True
5,131,Master_Striker,Master,Striker,8920,33,enemy,True,5,0.0,0.0,0,False
5,131,Murder_Fixer,Murder,Fixer,4487,30,enemy,True,5,415.24162368266053,0.0,0,False
5,131,Dead_Fixer,Dead,Fixer,3197,33,enemy,True,5,629.4785397925779,1617.9158170139,0,False
5,131,Dead_Fixer,Dead,Fixer,6113,31,enemy,True,5,616.9445026449031,0.0,0,False
5,132,Golden_Striker,Golden,Striker,1965,45,party,False,5,0.0,0.0,0,True
5,132,Golden_Striker,Golden,Striker,2690,46,party,False,5,0.0,0.0,0,True
5,132,Golden_Striker,Golden,Striker,2913,47,party,False,5,0.0,0.0,0,True
5,132,Golden_Striker,Golden,Striker,4113,47,party,False,5,1028.0692205560279,0.0,0,True
5,132,Golden_Striker,Golden,Striker,2807,46,party,False,5,1036.9917113805257,0.0,0,True
5,132,Master_Striker,Master,Striker,4738,35,enemy,True,5,2787.2622878331404,0.0,0,False
5,132,Dead_Fixer,Dead,Fixer,8515,35,enemy,True,5,647.3551809153419,0.0,0,False
5,132,Blackhole_Tactician,Blackhole,Tactician,9510,39,enemy,True,5,2238.0668936782545,0.0,0,True
5,132,Dead_Fixer,Dead,Fixer,9350,35,enemy,True,5,624.7869820061677,0.0,0,False
5,132,Master_Bulwark,Master,Bulwark,5709,39,enemy,True,5,583.7584002205585,0.0,0,True
5,133,Animal_Fixer,Animal,Fixer,9233,25,party,True,6,0.0,0.0,0,True
5,133,Master_Tactician,Master,Tactician,7212,28,party,True,6,1689.1161908820086,0.0,0,True
5,133,Blackhole_Tactician,Blackhole,Tactician,2795,26,party,True,6,1239.642314881863,0.0,0,False
5,133,Dead_Fixer,Dead,Fixer,7672,25,party,True,6,188.41642544453708,1689.613875251883,0,False
5,133,Murder_Tactician,Murder,Tactician,3157,26,party,True,6,1388.7882179401863,0.0,0,False
5,133,Master_Fixer,Master,Fixer,7343,34,enemy,False,6,197.35207914700908,0.0,0,True
5,133,Dead_Fixer,Dead,Fixer,4257,34,enemy,False,6,204.27880932593607,0.0,0,True
5,133,Dead_Striker,Dead,Striker,1431,33,enemy,False,6,581.9592628516004,0.0,0,True
5,133,Dead_Fixer,Dead,Fixer,853,33,enemy,False,6,210.97824706731487,0.0,0,True
5,133,Blackhole_Fixer,Blackhole,Fixer,5414,31,enemy,False,6,211.96643557816884,0.0,0,True
5,134,Dead_Striker,Dead,Striker,821,38,party,False,9,0.0,0.0,0,True
5,134,Dead_Fixer,Dead,Fixer,5099,37,party,False,9,233.90408173270677,1558.8318971356261,0,True
5,134,Blackhole_Tactician,Blackhole,Tactician,2215,35,party,False,9,1407.5637919747483,0.0,0,True
5,134,Master_Bulwark,Master,Bulwark,3859,37,party,False,9,572.1547179013169,0.0,0,True
5,134,Blackhole_Striker,Blackhole,Striker,2745,36,party,False,9,1242.711543318861,0.0,0,True
5,134,Blackhole_Fixer,Blackhole,Fixer,6096,44,enemy,True,9,702.7876381963104,1961.2424299441868,0,False
5,134,Blackhole_Tactician,Blackhole,Tactician,2545,40,enemy,True,9,1089.51925480274,0.0,0,True
5,134,Golden_Striker,Golden,Striker,12,42,enemy,True,9,1004.4717816842796,0.0,0,True
5,134,Blackhole_Fixer,Blackhole,Fixer,1901,40,enemy,True,9,944.8152411023301,621.3557716594305,0,False
5,134,Dead_Fixer,Dead,Fixer,4247,41,enemy,True,9,948.0508927928187,572.1547179013169,0,False
5,135,Murder_Fixer,Murder,Fixer,9838,20,party,True,4,357.3650102722613,0.0,0,False
5,135,Box_Striker,Box,Striker,5796,22,party,True,4,469.71905223435056,0.0,0,False
5,135,Box_Tactician,Box,Tactician,6018,21,party,True,4,1290.8679155049922,0.0,0,False
5,135,Industrial_Fixer,Industrial,Fixer,6220,20,party,True,4,166.05329308726377,0.0,0,False
5,135,Dead_Tactician,Dead,Tactician,9063,23,party,True,4,1207.0277354024183,0.0,0,True
5,135,Murder_Fixer,Murder,Fixer,3882,20,enemy,False,4,0.0,0.0,0,True
5,135,Game_Bulwark,Game,Bulwark,2430,22,enemy,False,4,0.0,0.0,0,True
5,135,Master_Striker,Master,Striker,4227,23,enemy,False,4,0.0,0.0,0,True
5,135,Food_Tactician,Food,Tactician,5594,23,enemy,False,4,633.4117106262082,0.0,0,True
5,135,Box_Striker,Box,Striker,5996,21,enemy,False,4,0.0,0.0,0,True
5,136,Golden_Striker,Golden,Striker,6017,46,party,False,3,0.0,0.0,0,True
5,136,Golden_Striker,Golden,Striker,360,46,party,False,3,0.0,0.0,0,True
5,136,Golden_Striker,Golden,Striker,9646,45,party,False,3,0.0,0.0,0,True
5,136,Golden_Striker,Golden,Striker,8082,45,party,False,3,0.0,0.0,0,True
5,136,Golden_Striker,Golden,Striker,1052,48,party,False,3,1027.1755634113172,0.0,0,True
5,136,Dead_Tactician,Dead,Tactician,9551,36,enemy,True,3,1531.2434691745036,0.0,0,False
5,136,Dead_Fixer,Dead,Fixer,9265,35,enemy,True,3,200.08129954526615,0.0,0,False
5,136,Dead_Striker,Dead,Striker,6197,37,enemy,True,3,1553.3894291485765,0.0,0,False
5,136,Master_Bulwark,Master,Bulwark,7582,35,enemy,True,3,566.1320366602504,0.0,0,True
5,136,Blackhole_Tactician,Blackhole,Tactician,4211,39,enemy,True,3,1412.3703973085617,0.0,0,False
5,137,Box_Striker,Box,Striker,3034,22,party,True,5,502.36645454116103,0.0,0,False
5,137,Murder_Tactician,Murder,Tactician,4968,23,party,True,5,1029.343257193041,0.0,0,False
5,137,Animal_Striker,Animal,Striker,8751,24,party,True,5,511.4323250695504,0.0,0,False
5,137,Food_Striker,Food,Striker,3549,24,party,True,5,0.0,0.0,0,False
5,137,Box_Tactician,Box,Tactician,2964,23,party,True,5,1334.8894474737394,0.0,0,False
5,137,Industrial_Fixer,Industrial,Fixer,6874,19,enemy,False,5,0.0,0.0,0,True
5,137,Bee_Bulwark,Bee,Bulwark,4320,15,enemy,False,5,0.0,0.0,0,True
5,137,Animal_Striker,Animal,Striker,1212,16,enemy,False,5,0.0,0.0,0,True
5,137,Bee_Striker,Bee,Striker,1580,18,enemy,False,5,0.0,0.0,0,True
5,137,Game_Striker,Game,Striker,1033,15,enemy,False,5,0.0,0.0,0,True
5,138,Box_Striker,Box,Striker,4052,22,party,False,3,0.0,0.0,0,True
5,138,Industrial_Tactician,Industrial,Tactician,878,21,party,False,3,0.0,0.0,0,True
5,138,Master_Fixer,Master,Fixer,2117,23,party,False,3,0.0,184.86715039873042,0,True
5,138,Game_Fixer,Game,Fixer,8183,22,party,False,3,0.0,0.0,0,True
5,138,Box_Bulwark,Box,Bulwark,327,20,party,False,3,854.6860673609165,0.0,0,True
5,138,Master_Tactician,Master,Tactician,7916,21,enemy,True,3,760.1258873471272,0.0,0,False
5,138,Dead_Fixer,Dead,Fixer,6895,24,enemy,True,3,184.86715039873042,0.0,0,False
5,138,Industrial_Tactician,Industrial,Tactician,9483,21,enemy,True,3,1822.2171635678274,0.0,0,False
5,138,Animal_Tactician,Animal,Tactician,4202,22,enemy,True,3,702.8897375244919,0.0,0,False
5,138,Industrial_Tactician,Industrial,Tactician,3441,23,enemy,True,3,1617.3796570432376,0.0,0,True
5,139,Master_Fixer,Master,Fixer,4206,36,party,False,15,457.9962375753953,0.0,0,True
5,139,Dead_Fixer,Dead,Fixer,2441,36,party,False,15,1047.0679827781403,3439.533809226089,0,True
5,139,Dead_Fixer,Dead,Fixer,8308,37,party,False,15,224.82435597189698,0.0,0,True
5,139,Dead_Bulwark,Dead,Bulwark,544,37,party,False,15,240.56249767683806,0.0,0,True
5,139,Dead_Striker,Dead,Striker,5008,36,party,False,15,1260.4575270537105,0.0,0,True
5,139,Game_Bulwark,Game,Bulwark,4746,24,enemy,True,15,0.0,0.0,0,True
5,139,Game_Fixer,Game,Fixer,4427,21,enemy,True,15,728.9385041824908,852.6724337840121,0,False
5,139,Industrial_Tactician,Industrial,Tactician,3338,23,enemy,True,15,2490.070618627706,0.0,0,False
5,139,Game_Fixer,Game,Fixer,496,20,enemy,True,15,583.4839587279453,419.2199049660252,0,False
5,139,Murder_Tactician,Murder,Tactician,6459,20,enemy,True,15,1348.880414794176,0.0,0,True
5,140,Industrial_Tactician,Industrial,Tactician,9975,31,party,True,3,1929.3553884722094,0.0,0,False
5,140,Master_Bulwark,Master,Bulwark,6921,30,party,True,3,205.89504366261406,0.0,0,False
5,140,Blackhole_Tactician,Blackhole,Tactician,2711,34,party,True,3,991.2536443148689,0.0,0,False
5,140,Blackhole_Tactician,Blackhole,Tactician,657,30,party,True,3,1782.8198972012963,0.0,0,False
5,140,Industrial_Tactician,Industrial,Tactician,2232,32,party,True,3,1340.0959116243775,0.0,0,False
5,140,Master_Tactician,Master,Tactician,573,25,enemy,False,3,0.0,0.0,0,True
5,140,Murder_Fixer,Murder,Fixer,9845,28,enemy,False,3,0.0,0.0,0,True
5,140,Industrial_Tactician,Industrial,Tactician,4339,27,enemy,False,3,0.0,0.0,0,True
5,140,Animal_Tactician,Animal,Tactician,650,26,enemy,False,3,0.0,0.0,0,True
5,140,Box_Striker,Box,Striker,2164,29,enemy,False,3,0.0,0.0,0,True
5,141,Box_Fixer,Box,Fixer,4050,31,party,False,9,400.1625990905323,490.7201292215235,0,True
5,141,Master_Striker,Master,Striker,2781,32,party,False,9,2012.6008457759428,0.0,0,True
5,141,Game_Bulwark,Game,Bulwark,8456,30,party,False,9,506.8489101656304,0.0,0,True
5,141,Blackhole_Striker,Blackhole,Striker,3861,31,party,False,9,591.5944340661206,0.0,0,True
5,141,Box_Striker,Box,Striker,3201,31,party,False,9,1102.6031951128655,0.0,0,True
5,141,Golden_Striker,Golden,Striker,1142,46,enemy,True,9,3137.204584013647,0.0,0,False
5,141,Golden_Striker,Golden,Striker,6011,46,enemy,True,9,1033.147514361383,0.0,0,True
5,141,Golden_Striker,Golden,Striker,2690,46,enemy,True,9,2071.317140904651,0.0,0,False
5,141,Ultimate_Fixer,Ultimate,Fixer,8288,45,enemy,True,9,745.3799570041499,1609.4521052784958,0,False
5,141,Ultimate_Fixer,Ultimate,Fixer,433,45,enemy,True,9,737.0514279260807,591.5944340661206,0,False
5,142,Dead_Fixer,Dead,Fixer,9664,31,party,True,6,377.8045407912931,496.98045941450135,0,False
5,142,Blackhole_Fixer,Blackhole,Fixer,4181,33,party,True,6,456.9437904028023,1023.75,0,False
5,142,Blackhole_Tactician,Blackhole,Tactician,8943,31,party,True,6,2310.977718319379,0.0,0,False
5,142,Box_Bulwark,Box,Bulwark,8665,30,party,True,6,1243.2444850483585,0.0,0,True
5,142,Dead_Tactician,Dead,Tactician,547,33,party,True,6,2293.6077754790767,0.0,0,False
5,142,Dead_Fixer,Dead,Fixer,7893,25,enemy,False,6,0.0,0.0,0,True
5,142,Industrial_Striker,Industrial,Striker,6973,27,enemy,False,6,0.0,0.0,0,True
5,142,Game_Bulwark,Game,Bulwark,393,28,enemy,False,6,496.98045941450135,0.0,0,True
5,142,Industrial_Fixer,Industrial,Fixer,5318,26,enemy,False,6,0.0,432.55788949047917,0,True
5,142,Murder_Striker,Murder,Striker,6189,28,enemy,False,6,1489.0423461818978,0.0,0,True
5,143,Master_Fixer,Master,Fixer,604,34,party,True,3,213.12016699827834,0.0,0,False
5,143,Blackhole_Tactician,Blackhole,Tactician,6767,33,party,True,3,1989.5817272540748,0.0,0,True
5,143,Blackhole_Tactician,Blackhole,Tactician,8269,32,party,True,3,2378.1007096562166,0.0,0,False
5,143,Dead_Bulwark,Dead,Bulwark,8359,32,party,True,3,796.7307561254444,0.0,0,False
5,143,Blackhole_Fixer,Blackhole,Fixer,6219,32,party,True,3,230.76923076923077,0.0,0,False
5,143,Industrial_Fixer,Industrial,Fixer,7097,13,enemy,False,3,0.0,0.0,0,True
5,143,Game_Tactician,Game,Tactician,5150,14,enemy,False,3,0.0,0.0,0,True
5,143,Industrial_Fixer,Industrial,Fixer,7846,13,enemy,False,3,0.0,0.0,0,True
5,143,Box_Tactician,Box,Tactician,7924,14,enemy,False,3,441.0802533717255,0.0,0,True
5,143,Box_Fixer,Box,Fixer,2877,14,enemy,False,3,104.03410114008976,0.0,0,True
5,144,Industrial_Tactician,Industrial,Tactician,3988,14,party,False,3,0.0,0.0,0,True
5,144,Murder_Tactician,Murder,Tactician,5322,14,party,False,3,0.0,0.0,0,True
5,144,Animal_Fixer,Animal,Fixer,786,12,party,False,3,0.0,0.0,0,True
5,144,Industrial_Tactician,Industrial,Tactician,4082,14,party,False,3,0.0,0.0,0,True
5,144,Animal_Bulwark,Animal,Bulwark,5088,14,party,False,3,0.0,0.0,0,True
5,144,Blackhole_Tactician,Blackhole,Tactician,3033,43,enemy,True,3,2704.121293585968,0.0,0,False
5,144,Blackhole_Fixer,Blackhole,Fixer,2680,44,enemy,True,3,503.208711697036,0.0,0,False
5,144,Blackhole_Tactician,Blackhole,Tactician,7753,40,enemy,True,3,1100.4585874939191,0.0,0,False
5,144,Ultimate_Bulwark,Ultimate,Bulwark,5143,42,enemy,True,3,0.0,0.0,0,False
5,144,Blackhole_Tactician,Blackhole,Tactician,2545,40,enemy,True,3,1115.383213373725,0.0,0,False
5,145,Bee_Bulwark,Bee,Bulwark,4439,24,party,False,3,0.0,0.0,0,True
5,145,Murder_Bulwark,Murder,Bulwark,3687,21,party,False,3,0.0,0.0,0,True
5,145,Industrial_Tactician,Industrial,Tactician,7764,24,party,False,3,0.0,0.0,0,True
5,145,Master_Striker,Master,Striker,1091,24,party,False,3,0.0,0.0,0,True
5,145,Murder_Bulwark,Murder,Bulwark,3776,24,party,False,3,477.9492181040347,0.0,0,True
5,145,Box_Bulwark,Box,Bulwark,3491,32,enemy,True,3,0.0,0.0,0,False
5,145,Blackhole_Tactician,Blackhole,Tactician,6034,32,enemy,True,3,2356.859464834876,0.0,0,False
5,145,Dead_Fixer,Dead,Fixer,8543,33,enemy,True,3,224.30634248718923,477.9492181040347,0,True
5,145,Master_Tactician,Master,Tactician,9679,30,enemy,True,3,987.5388107645997,0.0,0,False
5,145,Blackhole_Tactician,Blackhole,Tactician,6767,33,enemy,True,3,1373.769800771382,0.0,0,False
5,146,Murder_Tactician,Murder,Tactician,7532,13,party,True,3,713.8630045174057,0.0,0,False
5,146,Murder_Striker,Murder,Striker,6906,14,party,True,3,0.0,0.0,0,False
5,146,Industrial_Tactician,Industrial,Tactician,5777,14,party,True,3,563.0167940952605,0.0,0,True
5,146,Industrial_Tactician,Industrial,Tactician,5038,12,party,True,3,693.3507588089517,0.0,0,False
5,146,Industrial_Tactician,Industrial,Tactician,35,14,party,True,3,1282.6071730899566,0.0,0,True
5,146,Industrial_Tactician,Industrial,Tactician,6715,12,enemy,False,3,0.0,0.0,0,True
5,146,Animal_Tactician,Animal,Tactician,6625,14,enemy,False,3,523.8499175289871,0.0,0,True
5,146,Murder_Fixer,Murder,Fixer,5251,14,enemy,False,3,144.25667033345317,0.0,0,True
5,146,Bee_Striker,Bee,Striker,4855,14,enemy,False,3,0.0,0.0,0,True
5,146,Murder_Tactician,Murder,Tactician,5820,11,enemy,False,3,890.8431888964379,0.0,0,True
5,147,Box_Fixer,Box,Fixer,4658,21,party,True,14,1039.2306113827024,0.0,0,False
5,147,Industrial_Bulwark,Industrial,Bulwark,4683,20,party,True,14,436.30594682922725,0.0,0,True
5,147,Animal_Striker,Animal,Striker,1301,20,party,True,14,1398.9791468004905,0.0,0,True
5,147,Industrial_Tactician,Industrial,Tactician,2128,23,party,True,14,805.5308838789562,0.0,0,True
5,147,Industrial_Fixer,Industrial,Fixer,6441,21,party,True,14,808.1220356417684,0.0,0,True
5,147,Master_Striker,Master,Striker,4297,24,enemy,False,14,0.0,0.0,0,True
5,147,Bee_Bulwark,Bee,Bulwark,1922,24,enemy,False,14,0.0,0.0,0,True
5,147,Master_Tactician,Master,Tactician,8717,22,enemy,False,14,526.1336417646564,0.0,0,True
5,147,Food_Striker,Food,Striker,1266,22,enemy,False,14,1002.7570331549231,0.0,0,True
5,147,Master_Striker,Master,Striker,3869,24,enemy,False,14,999.3200450964812,0.0,0,True
5,148,Ultimate_Bulwark,Ultimate,Bulwark,921,38,party,False,4,0.0,0.0,0,True
5,148,Dead_Tactician,Dead,Tactician,2605,37,party,False,4,1166.3974171233403,0.0,0,True
5,148,Master_Striker,Master,Striker,9401,36,party,False,4,0.0,0.0,0,True
5,148,Wild_Striker,Wild,Striker,559,37,party,False,4,0.0,0.0,0,True
5,148,Blackhole_Fixer,Blackhole,Fixer,5449,36,party,False,4,223.652208724498,0.0,0,True
5,148,Blackhole_Bulwark,Blackhole,Bulwark,4343,40,enemy,True,4,2353.013653700934,0.0,0,False
5,148,Golden_Striker,Golden,Striker,8782,44,enemy,True,4,9968.853604350143,0.0,0,False
5,148,Blackhole_Tactician,Blackhole,Tactician,7919,44,enemy,True,4,1108.6500933954765,0.0,0,True
5,148,Ultimate_Bulwark,Ultimate,Bulwark,8633,40,enemy,True,4,627.3708323724937,0.0,0,False
5,148,Dead_Fixer,Dead,Fixer,4247,41,enemy,True,4,238.37207166557644,223.652208724498,0,True
5,149,Dead_Bulwark,Dead,Bulwark,8559,32,party,True,11,568.8733555946635,0.0,0,True
5,149,Master_Fixer,Master,Fixer,6597,33,party,True,11,444.26300151202287,0.0,0,True
5,149,Blackhole_Fixer,Blackhole,Fixer,5500,32,party,True,11,692.4312065778238,0.0,0,False
5,149,Blackhole_Tactician,Blackhole,Tactician,8262,32,party,True,11,973.7345993356593,0.0,0,True
5,149,Blackhole_Fixer,Blackhole,Fixer,5995,34,party,True,11,1075.4534009867707,484.96605237633366,0,False
5,149,Industrial_Bulwark,Industrial,Bulwark,9248,24,enemy,False,11,0.0,0.0,0,True
5,149,Game_Fixer,Game,Fixer,425,21,enemy,False,11,0.0,0.0,0,True
5,149,Industrial_Tactician,Industrial,Tactician,2912,22,enemy,False,11,722.647529319551,0.0,0,True
5,149,Box_Tactician,Box,Tactician,9554,20,enemy,False,11,960.3056895726895,0.0,0,True
5,149,Box_Striker,Box,Striker,5769,23,enemy,False,11,966.6616207771044,0.0,0,True
5,150,Golden_Striker,Golden,Striker,10,46,party,False,7,0.0,0.0,0,True
5,150,Golden_Striker,Golden,Striker,947,45,party,False,7,1033.147514361383,0.0,0,True
5,150,Golden_Striker,Golden,Striker,360,46,party,False,7,1039.1893126909815,0.0,0,True
5,150,Golden_Striker,Golden,Striker,8000,46,party,False,7,1043.2565898443709,0.0,0,True
5,150,Ultimate_Fixer,Ultimate,Fixer,8288,45,party,False,7,251.36127147538625,0.0,0,True
5,150,Food_Bulwark,Food,Bulwark,2555,28,enemy,True,7,534.3343918262976,0.0,0,True
5,150,Food_Striker,Food,Striker,557,25,enemy,True,7,3095.9123612691465,0.0,0,False
5,150,Industrial_Tactician,Industrial,Tactician,4429,29,enemy,True,7,895.8883487425228,0.0,0,True
5,150,Industrial_Tactician,Industrial,Tactician,569,29,enemy,True,7,846.272847794572,0.0,0,True
5,150,Dead_Fixer,Dead,Fixer,5610,25,enemy,True,7,333.6612750901279,1657.7112590766426,0,False
5,151,Golden_Striker,Golden,Striker,6011,46,party,True,6,2042.5445111512397,0.0,0,True
5,151,Golden_Striker,Golden,Striker,947,45,party,True,6,1022.2514236058938,0.0,0,False
5,151,Ultimate_Fixer,Ultimate,Fixer,2358,45,party,True,6,241.1938492584043,0.0,0,True
5,151,Golden_Striker,Golden,Striker,8000,46,party,True,6,2047.4478743235898,0.0,0,False
5,151,Golden_Striker,Golden,Striker,4113,47,party,True,6,1042.0158960286872,0.0,0,False
5,151,Blackhole_Fixer,Blackhole,Fixer,1901,40,enemy,False,6,236.73938624320948,0.0,0,True
5,151,Ultimate_Tactician,Ultimate,Tactician,2719,42,enemy,False,6,838.3939665774246,0.0,0,True
5,151,Dead_Fixer,Dead,Fixer,4247,41,enemy,False,6,473.47877248641896,0.0,0,True
5,151,Blackhole_Bulwark,Blackhole,Bulwark,1891,43,enemy,False,6,1240.3331480206432,0.0,0,True
5,151,Blackhole_Fixer,Blackhole,Fixer,6096,44,enemy,False,6,232.31289750323262,241.19384925840427,0,True
5,152,Industrial_Tactician,Industrial,Tactician,1068,25,party,False,4,0.0,0.0,0,True
5,152,Food_Bulwark,Food,Bulwark,2555,28,party,False,4,534.8476813477446,0.0,0,True
5,152,Game_Striker,Game,Striker,3171,27,party,False,4,1497.573507773685,0.0,0,True
5,152,Blackhole_Tactician,Blackhole,Tactician,7018,27,party,False,4,912.7482562016428,0.0,0,True
5,152,Master_Fixer,Master,Fixer,1939,29,party,False,4,0.0,431.2856397661684,0,True
5,152,Dead_Fixer,Dead,Fixer,1675,35,enemy,True,4,208.62817284608983,534.8476813477446,0,True
5,152,Ultimate_Bulwark,Ultimate,Bulwark,6469,39,enemy,True,4,3316.026417271354,0.0,0,False
5,152,Dead_Bulwark,Dead,Bulwark,6932,39,enemy,True,4,1253.0575807109292,0.0,0,False
5,152,Master_Bulwark,Master,Bulwark,1319,35,enemy,True,4,779.841040784097,0.0,0,True
5,152,Dead_Tactician,Dead,Tactician,6822,35,enemy,True,4,2220.551226493574,0.0,0,True
5,153,Dead_Striker,Dead,Striker,1320,39,party,True,5,0.0,0.0,0,True
5,153,Dead_Tactician,Dead,Tactician,4369,35,party,True,5,2828.7291964223386,0.0,0,True
5,153,Dead_Fixer,Dead,Fixer,5679,35,party,True,5,401.0783029786113,1954.1630850761924,0,False
5,153,Dead_Tactician,Dead,Tactician,4043,35,party,True,5,1748.5573857388931,0.0,0,False
5,153,Master_Bulwark,Master,Bulwark,3859,37,party,True,5,1471.943295316651,0.0,0,False
5,153,Golden_Striker,Golden,Striker,6017,46,enemy,False,5,0.0,0.0,0,True
5,153,Ultimate_Fixer,Ultimate,Fixer,8631,45,enemy,False,5,488.98069667421373,0.0,0,True
5,153,Ultimate_Fixer,Ultimate,Fixer,433,45,enemy,False,5,241.75852685961908,0.0,0,True
5,153,Golden_Striker,Golden,Striker,2022,46,enemy,False,5,1029.158527819447,0.0,0,True
5,153,Ultimate_Fixer,Ultimate,Fixer,2358,45,enemy,False,5,246.1726213761237,0.0,0,True
5,154,Dead_Fixer,Dead,Fixer,7417,33,party,True,6,202.46415864836442,2075.12194871113,0,False
5,154,Dead_Tactician,Dead,Tactician,9992,33,party,True,6,1493.4767242786463,0.0,0,False
5,154,Industrial_Tactician,Industrial,Tactician,9210,30,party,True,6,1962.1814884290354,0.0,0,False
5,154,Dead_Tactician,Dead,Tactician,547,33,party,True,6,2627.523222761278,0.0,0,False
5,154,Box_Bulwark,Box,Bulwark,6170,31,party,True,6,536.3934838949924,0.0,0,True
5,154,Master_Striker,Master,Striker,6543,37,enemy,False,6,0.0,0.0,0,True
5,154,Dead_Fixer,Dead,Fixer,6305,36,enemy,False,6,209.02925633228196,0.0,0,True
5,154,Dead_Fixer,Dead,Fixer,766,35,enemy,False,6,397.97984717853143,1641.8061157076243,0,True
5,154,Dead_Bulwark,Dead,Bulwark,6433,36,enemy,False,6,1240.9155498900868,0.0,0,True
5,154,Dead_Fixer,Dead,Fixer,2439,36,enemy,False,6,222.73781902552204,0.0,0,True
5,155,Game_Fixer,Game,Fixer,5135,20,party,False,6,0.0,0.0,0,True
5,155,Animal_Tactician,Animal,Tactician,4243,21,party,False,6,0.0,0.0,0,True
5,155,Bee_Striker,Bee,Striker,321,22,party,False,6,468.3429221985077,0.0,0,True
5,155,Box_Tactician,Box,Tactician,5125,20,party,False,6,969.5955423112248,0.0,0,True
5,155,Game_Bulwark,Game,Bulwark,3822,24,party,False,6,1785.8435481749436,0.0,0,True
5,155,Murder_Striker,Murder,Striker,4163,25,enemy,True,6,557.8751725337653,0.0,0,False
5,155,Food_Striker,Food,Striker,2195,26,enemy,True,6,1106.4965901228634,0.0,0,False
5,155,Game_Tactician,Game,Tactician,225,25,enemy,True,6,854.454741944661,0.0,0,True
5,155,Box_Tactician,Box,Tactician,6773,28,enemy,True,6,771.4928323726546,0.0,0,True
5,155,Master_Striker,Master,Striker,2397,26,enemy,True,6,505.9544715391073,0.0,0,True
5,156,Golden_Striker,Golden,Striker,5677,45,party,True,10,4083.134434253531,0.0,0,False
5,156,Golden_Striker,Golden,Striker,1965,45,party,True,10,978.1337663140812,0.0,0,True
5,156,Ultimate_Fixer,Ultimate,Fixer,2358,45,party,True,10,977.4310547545895,0.0,0,False
5,156,Golden_Striker,Golden,Striker,2869,45,party,True,10,985.426908016221,0.0,0,True
5,156,Golden_Striker,Golden,Striker,2913,47,party,True,10,1023.2324710373773,0.0,0,True
5,156,Golden_Striker,Golden,Striker,2690,46,enemy,False,10,0.0,0.0,0,True
5,156,Golden_Striker,Golden,Striker,947,45,enemy,False,10,0.0,0.0,0,True
5,156,Golden_Striker,Golden,Striker,2913,47,enemy,False,10,1021.2722555756199,0.0,0,True
5,156,Golden_Striker,Golden,Striker,1706,46,enemy,False,10,985.426908016221,0.0,0,True
5,156,Golden_Striker,Golden,Striker,2022,46,enemy,False,10,1022.2514236058938,0.0,0,True
5,157,Blackhole_Fixer,Blackhole,Fixer,1901,40,party,True,3,502.13971513087535,0.0,0,False
5,157,Ultimate_Bulwark,Ultimate,Bulwark,19,40,party,True,3,1174.1558765416723,0.0,0,False
5,157,Golden_Striker,Golden,Striker,12,42,party,True,3,30723.286460313888,0.0,0,False
5,157,Blackhole_Tactician,Blackhole,Tactician,7919,44,party,True,3,1579.257549328986,0.0,0,False
5,157,Blackhole_Fixer,Blackhole,Fixer,2680,44,party,True,3,254.04120191000484,640.3941005250565,0,False
5,157,Industrial_Bulwark,Industrial,Bulwark,4380,18,enemy,False,3,0.0,0.0,0,True
5,157,Industrial_Tactician,Industrial,Tactician,9370,15,enemy,False,3,0.0,0.0,0,True
5,157,Industrial_Striker,Industrial,Striker,7662,19,enemy,False,3,0.0,0.0,0,True
5,157,Game_Bulwark,Game,Bulwark,8008,19,enemy,False,3,371.3310974312001,0.0,0,True
5,157,Industrial_Fixer,Industrial,Fixer,3355,19,enemy,False,3,269.0630030938565,0.0,0,True
5,158,Industrial_Tactician,Industrial,Tactician,2162,30,party,False,7,0.0,0.0,0,True
5,158,Dead_Tactician,Dead,Tactician,2602,33,party,False,7,0.0,0.0,0,True
5,158,Box_Striker,Box,Striker,4147,31,party,False,7,2098.7051963057124,0.0,0,True
5,158,Master_Striker,Master,Striker,2781,32,party,False,7,4060.237296217231,0.0,0,True
5,158,Master_Bulwark,Master,Bulwark,5254,33,party,False,7,1101.5460491923354,0.0,0,True
5,158,Blackhole_Tactician,Blackhole,Tactician,3575,40,enemy,True,7,1960.686916370511,0.0,0,True
5,158,Blackhole_Tactician,Blackhole,Tactician,2683,43,enemy,True,7,2126.0373444601255,0.0,0,True
5,158,Ultimate_Tactician,Ultimate,Tactician,2719,42,enemy,True,7,853.9966125570834,0.0,0,False
5,158,Blackhole_Fixer,Blackhole,Fixer,6096,44,enemy,True,7,472.11975944205335,0.0,0,True
5,158,Golden_Striker,Golden,Striker,8782,44,enemy,True,7,1998.616563349433,0.0,0,False
5,159,Industrial_Tactician,Industrial,Tactician,1622,14,party,False,3,0.0,0.0,0,True
5,159,Industrial_Tactician,Industrial,Tactician,710,14,party,False,3,0.0,0.0,0,True
5,159,Industrial_Tactician,Industrial,Tactician,6731,14,party,False,3,655.7919470489868,0.0,0,True
5,159,Industrial_Fixer,Industrial,Fixer,494,14,party,False,3,146.15031495122327,0.0,0,True
5,159,Industrial_Fixer,Industrial,Fixer,6195,11,party,False,3,106.73309904702604,0.0,0,True
5,159,Game_Bulwark,Game,Bulwark,8461,26,enemy,True,3,970.0949476369021,0.0,0,False
5,159,Murder_Bulwark,Murder,Bulwark,4788,27,enemy,True,3,522.8757531748203,0.0,0,False
5,159,Box_Tactician,Box,Tactician,3978,28,enemy,True,3,1610.7465393382934,0.0,0,True
5,159,Bee_Tactician,Bee,Tactician,4168,27,enemy,True,3,1523.2948543343755,0.0,0,False
5,159,Master_Striker,Master,Striker,2318,28,enemy,True,3,0.0,0.0,0,False
5,160,Golden_Striker,Golden,Striker,2913,47,party,True,9,0.0,0.0,0,True
5,160,Golden_Striker,Golden,Striker,8082,45,party,True,9,1006.4016025904933,0.0,0,True
5,160,Golden_Striker,Golden,Striker,5136,46,party,True,9,1032.147371559484,0.0,0,True
5,160,Ultimate_Fixer,Ultimate,Fixer,8631,45,party,True,9,244.49034833710687,0.0,0,True
5,160,Golden_Striker,Golden,Striker,1965,45,party,True,9,3922.9617449254533,0.0,0,False
5,160,Golden_Striker,Golden,Striker,8782,44,enemy,False,9,11855.410967140446,0.0,0,True
5,160,Ultimate_Fixer,Ultimate,Fixer,416,41,enemy,False,9,461.54649602124715,244.49034833710687,0,True
5,160,Blackhole_Tactician,Blackhole,Tactician,7753,40,enemy,False,9,2133.5206681939526,0.0,0,True
5,160,Ultimate_Bulwark,Ultimate,Bulwark,4051,40,enemy,False,9,1241.5212065915441,0.0,0,True
5,160,Blackhole_Fixer,Blackhole,Fixer,1901,40,enemy,False,9,231.9728214195207,0.0,0,True
5,161,Game_Striker,Game,Striker,8597,17,party,False,5,0.0,0.0,0,True
5,161,Murder_Tactician,Murder,Tactician,9801,15,party,False,5,0.0,0.0,0,True
5,161,Bee_Tactician,Bee,Tactician,9930,15,party,False,5,463.6770762710234,0.0,0,True
5,161,Game_Striker,Game,Striker,3640,16,party,False,5,0.0,0.0,0,True
5,161,Game_Striker,Game,Striker,6164,17,party,False,5,414.72538486014514,0.0,0,True
5,161,Dead_Tactician,Dead,Tactician,5001,25,enemy,True,5,1716.9903456724746,0.0,0,False
5,161,Food_Striker,Food,Striker,365,25,enemy,True,5,0.0,0.0,0,False
5,161,Murder_Fixer,Murder,Fixer,3407,26,enemy,True,5,831.486246456342,414.72538486014514,0,False
5,161,Game_Fixer,Game,Fixer,1521,28,enemy,True,5,400.66717476292104,463.6770762710234,0,False
5,161,Murder_Striker,Murder,Striker,8177,26,enemy,True,5,530.5581090772911,0.0,0,False
5,162,Animal_Fixer,Animal,Fixer,5096,14,party,False,3,0.0,0.0,0,True
5,162,Industrial_Fixer,Industrial,Fixer,5110,14,party,False,3,0.0,0.0,0,True
5,162,Game_Bulwark,Game,Bulwark,475,14,party,False,3,0.0,0.0,0,True
5,162,Murder_Tactician,Murder,Tactician,4382,14,party,False,3,582.3591263461387,0.0,0,True
5,162,Animal_Fixer,Animal,Fixer,9526,14,party,False,3,0.0,197.54070754838875,0,True
5,162,Animal_Fixer,Animal,Fixer,5895,26,enemy,True,3,390.3555608492084,0.0,0,False
5,162,Industrial_Tactician,Industrial,Tactician,6938,26,enemy,True,3,1657.7391386006793,0.0,0,False
5,162,Murder_Bulwark,Murder,Bulwark,4939,25,enemy,True,3,675.5312854888638,0.0,0,False
5,162,Dead_Fixer,Dead,Fixer,1683,25,enemy,True,3,197.54070754838875,0.0,0,False
5,162,Master_Striker,Master,Striker,7703,26,enemy,True,3,1806.7391977297268,0.0,0,True
5,163,Ultimate_Fixer,Ultimate,Fixer,2358,45,party,True,10,243.93468845452253,0.0,0,True
5,163,Golden_Striker,Golden,Striker,10,46,party,True,10,2050.4004515787447,0.0,0,True
5,163,Golden_Striker,Golden,Striker,2913,47,party,True,10,1024.2154032862124,0.0,0,True
5,163,Ultimate_Fixer,Ultimate,Fixer,8631,45,party,True,10,243.93468845452253,0.0,0,True
5,163,Golden_Striker,Golden,Striker,5677,45,party,True,10,3076.6502187712717,0.0,0,False
5,163,Ultimate_Bulwark,Ultimate,Bulwark,383,43,enemy,False,10,3562.6988426935955,0.0,0,True
5,163,Blackhole_Bulwark,Blackhole,Bulwark,2649,41,enemy,False,10,627.5060788805743,0.0,0,True
5,163,Blackhole_Tactician,Blackhole,Tactician,2683,43,enemy,False,10,1041.656574510607,0.0,0,True
5,163,Blackhole_Fixer,Blackhole,Fixer,5204,40,enemy,False,10,468.3580946920579,487.86937690904506,0,True
5,163,Blackhole_Bulwark,Blackhole,Bulwark,4343,40,enemy,False,10,649.0267926435663,0.0,0,True
5,164,Golden_Striker,Golden,Striker,2913,47,party,True,8,0.0,0.0,0,False
5,164,Ultimate_Fixer,Ultimate,Fixer,2358,45,party,True,8,981.3182578144108,0.0,0,False
5,164,Golden_Striker,Golden,Striker,1706,46,party,True,8,987.3183224270007,0.0,0,True
5,164,Golden_Striker,Golden,Striker,5485,45,party,True,8,1972.7434170065865,0.0,0,True
5,164,Golden_Striker,Golden,Striker,6011,46,party,True,8,1023.2324710373773,0.0,0,True
5,164,Golden_Striker,Golden,Striker,1142,46,enemy,False,8,0.0,0.0,0,True
5,164,Golden_Striker,Golden,Striker,947,45,enemy,False,8,0.0,0.0,0,True
5,164,Golden_Striker,Golden,Striker,2869,45,enemy,False,8,0.0,0.0,0,True
5,164,Golden_Striker,Golden,Striker,6017,46,enemy,False,8,1971.7986165195143,0.0,0,True
5,164,Golden_Striker,Golden,Striker,8082,45,enemy,False,8,1003.5096439623597,0.0,0,True
5,165,Industrial_Fixer,Industrial,Fixer,2733,14,party,False,6,0.0,0.0,0,True
5,165,Industrial_Fixer,Industrial,Fixer,3041,14,party,False,6,0.0,0.0,0,True
5,165,Game_Bulwark,Game,Bulwark,2852,14,party,False,6,0.0,0.0,0,True
5,165,Industrial_Tactician,Industrial,Tactician,4420,13,party,False,6,1286.7682320831955,0.0,0,True
5,165,Game_Striker,Game,Striker,9564,13,party,False,6,383.5091083413231,0.0,0,True
5,165,Golden_Striker,Golden,Striker,5485,45,enemy,True,6,1011.5886843352357,0.0,0,True
5,165,Blackhole_Fixer,Blackhole,Fixer,4829,45,enemy,True,6,784.4988802270611,0.0,0,False
5,165,Golden_Striker,Golden,Striker,6017,46,enemy,True,6,1015.5831115191854,0.0,0,False
5,165,Ultimate_Fixer,Ultimate,Fixer,8060,46,enemy,True,6,1026.7073560261708,579.8367679526638,0,False
5,165,Golden_Striker,Golden,Striker,4113,47,enemy,True,6,0.0,0.0,0,False
5,166,Murder_Striker,Murder,Striker,349,20,party,False,5,0.0,0.0,0,True
5,166,Bee_Tactician,Bee,Tactician,4313,22,party,False,5,0.0,0.0,0,True
5,166,Box_Tactician,Box,Tactician,9962,22,party,False,5,962.272128630293,0.0,0,True
5,166,Food_Fixer,Food,Fixer,1875,23,party,False,5,187.3536299765808,0.0,0,True
5,166,Game_Bulwark,Game,Bulwark,7408,24,party,False,5,447.9546133876676,0.0,0,True
5,166,Master_Striker,Master,Striker,7455,27,enemy,True,5,1959.3305675648169,0.0,0,False
5,166,Dead_Fixer,Dead,Fixer,7777,26,enemy,True,5,185.7432980309519,447.9546133876676,0,True
5,166,Murder_Bulwark,Murder,Bulwark,3102,27,enemy,True,5,1052.8181441123174,0.0,0,False
5,166,Industrial_Tactician,Industrial,Tactician,3825,28,enemy,True,5,953.1265145370803,0.0,0,True
5,166,Animal_Tactician,Animal,Tactician,653,26,enemy,True,5,1478.833827883342,0.0,0,False
5,167,Dead_Fixer,Dead,Fixer,8811,26,party,False,6,207.62081184133027,0.0,0,True
5,167,Food_Striker,Food,Striker,5286,27,party,False,6,0.0,0.0,0,True
5,167,Animal_Striker,Animal,Striker,2474,27,party,False,6,0.0,0.0,0,True
5,167,Murder_Striker,Murder,Striker,6925,28,party,False,6,585.1710962511984,0.0,0,True
5,167,Industrial_Striker,Industrial,Striker,2260,28,party,False,6,549.631230289242,0.0,0,True
5,167,Industrial_Tactician,Industrial,Tactician,8540,13,enemy,True,6,1020.5298882572328,0.0,0,False
5,167,Industrial_Fixer,Industrial,Fixer,5391,13,enemy,True,6,271.4768019172886,0.0,0,False
5,167,Murder_Tactician,Murder,Tactician,3875,13,enemy,True,6,831.7245488288773,0.0,0,True
5,167,Industrial_Tactician,Industrial,Tactician,353,14,enemy,True,6,1167.1406886881173,0.0,0,True
5,167,Industrial_Fixer,Industrial,Fixer,5003,14,enemy,True,6,374.87798962241277,207.62081184133027,0,False
5,168,Murder_Striker,Murder,Striker,6189,28,party,True,3,0.0,0.0,0,False
5,168,Blackhole_Bulwark,Blackhole,Bulwark,6575,27,party,True,3,1177.6251226692837,0.0,0,False
5,168,Master_Tactician,Master,Tactician,1997,29,party,True,3,1530.2768529035457,0.0,0,False
5,168,Murder_Tactician,Murder,Tactician,9804,29,party,True,3,1202.025525474669,0.0,0,False
5,168,Box_Striker,Box,Striker,4340,29,party,True,3,1472.3764720510342,0.0,0,False
5,168,Box_Bulwark,Box,Bulwark,7667,23,enemy,False,3,0.0,0.0,0,True
5,168,Game_Fixer,Game,Fixer,5378,20,enemy,False,3,0.0,0.0,0,True
5,168,Game_Striker,Game,Striker,1182,21,enemy,False,3,0.0,0.0,0,True
5,168,Industrial_Fixer,Industrial,Fixer,4496,20,enemy,False,3,149.53271028037383,0.0,0,True
5,168,Animal_Fixer,Animal,Fixer,4319,22,enemy,False,3,0.0,196.27085377821393,0,True
5,169,Blackhole_Fixer,Blackhole,Fixer,5849,37,party,False,6,0.0,0.0,0,True
5,169,Dead_Bulwark,Dead,Bulwark,9573,35,party,False,6,0.0,0.0,0,True
5,169,Dead_Bulwark,Dead,Bulwark,2255,35,party,False,6,578.0346820809249,0.0,0,True
5,169,Master_Fixer,Master,Fixer,4617,38,party,False,6,680.2183733569622,0.0,0,True
5,169,Blackhole_Fixer,Blackhole,Fixer,9339,36,party,False,6,687.5299655514586,218.7060685051045,0,True
5,169,Wild_Striker,Wild,Striker,2104,37,enemy,True,6,1255.384910144052,0.0,0,False
5,169,Dead_Fixer,Dead,Fixer,8550,36,enemy,True,6,440.4012860102788,2037.362602558626,0,False
5,169,Dead_Tactician,Dead,Tactician,7623,37,enemy,True,6,1160.541586073501,0.0,0,True
5,169,Dead_Tactician,Dead,Tactician,3948,36,enemy,True,6,1495.3750695591132,0.0,0,True
5,169,Master_Striker,Master,Striker,5951,36,enemy,True,6,594.4468662458029,0.0,0,False
5,170,Game_Tactician,Game,Tactician,5120,19,party,False,3,0.0,0.0,0,True
5,170,Bee_Tactician,Bee,Tactician,5667,16,party,False,3,0.0,0.0,0,True
5,170,Food_Fixer,Food,Fixer,5771,15,party,False,3,0.0,0.0,0,True
5,170,Murder_Tactician,Murder,Tactician,4041,18,party,False,3,1339.9112986868547,0.0,0,True
5,170,Bee_Striker,Bee,Striker,1422,16,party,False,3,0.0,0.0,0,True
5,170,Master_Tactician,Master,Tactician,2095,35,enemy,True,3,2130.6084880134904,0.0,0,False
5,170,Dead_Bulwark,Dead,Bulwark,5813,36,enemy,True,3,607.3314288639386,0.0,0,False
5,170,Dead_Fixer,Dead,Fixer,8308,37,enemy,True,3,229.11694510739858,0.0,0,False
5,170,Blackhole_Tactician,Blackhole,Tactician,7905,39,enemy,True,3,1916.7333658713737,0.0,0,True
5,170,Dead_Fixer,Dead,Fixer,766,35,enemy,True,3,205.63875158508847,0.0,0,False
5,171,Ultimate_Tactician,Ultimate,Tactician,2719,42,party,True,11,438.2059157051456,0.0,0,True
5,171,Blackhole_Bulwark,Blackhole,Bulwark,1891,43,party,True,11,251.9238366728031,0.0,0,True
5,171,Ultimate_Fixer,Ultimate,Fixer,416,41,party,True,11,1196.7486249999358,306.4661444420251,0,False
5,171,Blackhole_Tactician,Blackhole,Tactician,7919,44,party,True,11,1131.4976419345394,0.0,0,True
5,171,Blackhole_Fixer,Blackhole,Fixer,5741,40,party,True,11,720.5468126451681,282.6632206320276,0,False
5,171,Industrial_Tactician,Industrial,Tactician,2528,22,enemy,False,11,0.0,0.0,0,True
5,171,Master_Bulwark,Master,Bulwark,585,23,enemy,False,11,0.0,0.0,0,True
5,171,Industrial_Fixer,Industrial,Fixer,2616,22,enemy,False,11,612.2436009190119,438.2059157051456,0,True
5,171,Master_Tactician,Master,Tactician,9854,23,enemy,False,11,1083.0846521029462,0.0,0,True
5,171,Box_Tactician,Box,Tactician,6875,21,enemy,False,11,1288.2105401870297,0.0,0,True
5,172,Master_Fixer,Master,Fixer,9059,27,party,True,8,543.3921657870923,429.9328431942185,0,False
5,172,Dead_Tactician,Dead,Tactician,1027,26,party,True,8,2015.4227326453693,0.0,0,True
5,172,Master_Fixer,Master,Fixer,8218,29,party,True,8,351.6604849846208,0.0,0,True
5,172,Industrial_Fixer,Industrial,Fixer,1755,26,party,True,8,378.66508100995986,0.0,0,True
5,172,Dead_Fixer,Dead,Fixer,851,26,party,True,8,395.0837313660372,0.0,0,False
5,172,Industrial_Fixer,Industrial,Fixer,8105,14,enemy,False,8,0.0,0.0,0,True
5,172,Industrial_Tactician,Industrial,Tactician,6993,14,enemy,False,8,0.0,0.0,0,True
5,172,Animal_Striker,Animal,Striker,6770,13,enemy,False,8,0.0,0.0,0,True
5,172,Industrial_Tactician,Industrial,Tactician,5426,12,enemy,False,8,1809.9095389796937,0.0,0,True
5,172,Industrial_Tactician,Industrial,Tactician,3204,13,enemy,False,8,1590.5464490732875,0.0,0,True
5,173,Murder_Striker,Murder,Striker,9600,16,party,False,10,0.0,0.0,0,True
5,173,Animal_Fixer,Animal,Fixer,1067,16,party,False,10,489.535463898379,1038.0228596909653,0,True
5,173,Game_Bulwark,Game,Bulwark,5797,16,party,False,10,368.99974228539855,0.0,0,True
5,173,Animal_Bulwark,Animal,Bulwark,7462,15,party,False,10,367.54984152985674,0.0,0,True
5,173,Industrial_Tactician,Industrial,Tactician,4831,15,party,False,10,1168.5398600846327,0.0,0,True
5,173,Box_Fixer,Box,Fixer,1795,19,enemy,True,10,444.74960217601233,947.1990423274358,0,False
5,173,Game_Striker,Game,Striker,3615,18,enemy,True,10,2111.0302595443886,0.0,0,False
5,173,Animal_Fixer,Animal,Fixer,355,19,enemy,True,10,473.47210736622856,782.5706536057677,0,False
5,173,Industrial_Tactician,Industrial,Tactician,9014,19,enemy,True,10,710.7601184600197,0.0,0,True
5,173,Murder_Bulwark,Murder,Bulwark,7963,17,enemy,True,10,1284.723701345377,0.0,0,False
5,174,Box_Bulwark,Box,Bulwark,6509,24,party,False,6,0.0,0.0,0,True
5,174,Box_Bulwark,Box,Bulwark,330,21,party,False,6,1488.3122276008492,0.0,0,True
5,174,Industrial_Fixer,Industrial,Fixer,3704,22,party,False,6,160.09964857053905,0.0,0,True
5,174,Murder_Bulwark,Murder,Bulwark,8714,20,party,False,6,460.29595287766733,0.0,0,True
5,174,Master_Bulwark,Master,Bulwark,9231,21,party,False,6,425.67372495514394,0.0,0,True
5,174,Box_Fixer,Box,Fixer,8992,22,enemy,True,6,524.972871975848,510.85540974697665,0,False
5,174,Food_Bulwark,Food,Bulwark,9603,23,enemy,True,6,478.41596538733944,0.0,0,True
5,174,Murder_Tactician,Murder,Tactician,917,22,enemy,True,6,718.8354031303278,0.0,0,True
5,174,Box_Striker,Box,Striker,2587,20,enemy,True,6,1213.034742782428,0.0,0,True
5,174,Box_Tactician,Box,Tactician,1987,20,enemy,True,6,994.229807094544,0.0,0,False
5,175,Box_Fixer,Box,Fixer,94,31,party,False,5,0.0,0.0,0,True
5,175,Master_Bulwark,Master,Bulwark,5254,33,party,False,5,555.5669870926528,0.0,0,True
5,175,Blackhole_Fixer,Blackhole,Fixer,5500,32,party,False,5,225.28750112215627,0.0,0,True
5,175,Master_Striker,Master,Striker,42,33,party,False,5,568.85382529804,0.0,0,True
5,175,Dead_Fixer,Dead,Fixer,2685,34,party,False,5,204.32162799376226,0.0,0,True
5,175,Dead_Striker,Dead,Striker,821,38,enemy,True,5,1262.072190537071,0.0,0,False
5,175,Master_Striker,Master,Striker,4738,35,enemy,True,5,3421.5357133742755,0.0,0,False
5,175,Dead_Striker,Dead,Striker,1763,35,enemy,True,5,0.0,0.0,0,False
5,175,Dead_Bulwark,Dead,Bulwark,847,36,enemy,True,5,604.5496610259825,0.0,0,True
5,175,Dead_Tactician,Dead,Tactician,3112,36,enemy,True,5,2334.6303501945526,0.0,0,True
5,176,Ultimate_Bulwark,Ultimate,Bulwark,383,43,party,True,5,2857.3582706363545,0.0,0,False
5,176,Ultimate_Bulwark,Ultimate,Bulwark,4051,40,party,True,5,254.64599993744045,0.0,0,True
5,176,Blackhole_Bulwark,Blackhole,Bulwark,4705,41,party,True,5,269.64226550249924,0.0,0,True
5,176,Blackhole_Fixer,Blackhole,Fixer,1901,40,party,True,5,246.885359939347,0.0,0,True
5,176,Golden_Striker,Golden,Striker,12,42,party,True,5,10241.095486771297,0.0,0,False
5,176,Box_Tactician,Box,Tactician,2426,20,enemy,False,5,0.0,0.0,0,True
5,176,Industrial_Tactician,Industrial,Tactician,8482,21,enemy,False,5,1110.866827803904,0.0,0,True
5,176,Bee_Bulwark,Bee,Bulwark,4439,24,enemy,False,5,949.4146289857279,0.0,0,True
5,176,Master_Fixer,Master,Fixer,5628,24,enemy,False,5,171.3393884867006,269.64226550249924,0,True
5,176,Game_Tactician,Game,Tactician,6892,24,enemy,False,5,910.8341323106424,0.0,0,True
5,177,Game_Bulwark,Game,Bulwark,9997,27,party,True,6,526.9241494260767,0.0,0,True
5,177,Box_Tactician,Box,Tactician,5346,28,party,True,6,2449.5382523830644,0.0,0,False
5,177,Master_Striker,Master,Striker,3737,25,party,True,6,1024.8821346561406,0.0,0,False
5,177,Industrial_Fixer,Industrial,Fixer,3693,27,party,True,6,328.5864775197365,316.9369432978807,0,False
5,177,Master_Striker,Master,Striker,3806,28,party,True,6,573.348268913009,0.0,0,False
5,177,Animal_Striker,Animal,Striker,3707,24,enemy,False,6,0.0,0.0,0,True
5,177,Murder_Fixer,Murder,Fixer,6675,21,enemy,False,6,178.03550898608702,0.0,0,True
5,177,Box_Tactician,Box,Tactician,5125,20,enemy,False,6,677.7685432133215,0.0,0,True
5,177,Box_Fixer,Box,Fixer,2969,24,enemy,False,6,0.0,164.48675258644053,0,True
5,177,Industrial_Fixer,Industrial,Fixer,8590,20,enemy,False,6,138.90143431179365,164.09972493329593,0,True
5,178,Master_Bulwark,Master,Bulwark,5709,39,party,False,11,0.0,0.0,0,True
5,178,Dead_Tactician,Dead,Tactician,2605,37,party,False,11,1553.1018802843132,0.0,0,True
5,178,Master_Fixer,Master,Fixer,6325,36,party,False,11,196.49239731127037,0.0,0,True
5,178,Dead_Fixer,Dead,Fixer,335,35,party,False,11,868.8494379261625,0.0,0,True
5,178,Dead_Fixer,Dead,Fixer,9821,35,party,False,11,860.0661645068114,1450.1964632445436,0,True
5,178,Golden_Striker,Golden,Striker,12,42,enemy,True,11,1008.3388530285887,0.0,0,True
5,178,Ultimate_Fixer,Ultimate,Fixer,416,41,enemy,True,11,696.2837615415159,1028.4172069476583,0,False
5,178,Blackhole_Fixer,Blackhole,Fixer,5204,40,enemy,True,11,469.9540724721357,0.0,0,True
5,178,Ultimate_Bulwark,Ultimate,Bulwark,8633,40,enemy,True,11,628.5878465963007,0.0,0,True
5,178,Golden_Striker,Golden,Striker,2062,43,enemy,True,11,2962.85763271427,0.0,0,False
5,179,Ultimate_Bulwark,Ultimate,Bulwark,8633,40,party,True,3,631.6511401956978,0.0,0,False
5,179,Blackhole_Tactician,Blackhole,Tactician,3033,43,party,True,3,1113.6666684813406,0.0,0,True
5,179,Blackhole_Bulwark,Blackhole,Bulwark,4343,40,party,True,3,1192.2064423462384,0.0,0,False
5,179,Dead_Fixer,Dead,Fixer,4247,41,party,True,3,240.58434147221752,0.0,0,False
5,179,Blackhole_Tactician,Blackhole,Tactician,2683,43,party,True,3,1474.7458610983795,0.0,0,False
5,179,Industrial_Tactician,Industrial,Tactician,4816,27,enemy,False,3,0.0,0.0,0,True
5,179,Murder_Tactician,Murder,Tactician,3106,26,enemy,False,3,0.0,0.0,0,True
5,179,Industrial_Fixer,Industrial,Fixer,4401,25,enemy,False,3,0.0,0.0,0,True
5,179,Master_Fixer,Master,Fixer,9059,27,enemy,False,3,168.2660362268495,0.0,0,True
5,179,Animal_Tactician,Animal,Tactician,1913,27,enemy,False,3,719.5268663199893,0.0,0,True
5,180,Food_Striker,Food,Striker,7057,16,party,True,10,0.0,0.0,0,True
5,180,Food_Striker,Food,Striker,624,16,party,True,10,1315.769438499195,0.0,0,False
5,180,Bee_Striker,Bee,Striker,6372,16,party,True,10,920.5927923379319,0.0,0,True
5,180,Game_Fixer,Game,Fixer,5843,17,party,True,10,476.76999964551726,342.21341578629756,0,False
5,180,Game_Bulwark,Game,Bulwark,8350,18,party,True,10,447.9546133876676,0.0,0,True
5,180,Food_Striker,Food,Striker,3549,24,enemy,False,10,540.1603131214656,0.0,0,True
5,180,Industrial_Fixer,Industrial,Fixer,2962,23,enemy,False,10,368.02544063790657,0.0,0,True
5,180,Industrial_Fixer,Industrial,Fixer,1957,21,enemy,False,10,474.6020864020329,237.5419838624135,0,True
5,180,Dead_Tactician,Dead,Tactician,985,23,enemy,False,10,1934.4440219413054,0.0,0,True
5,180,Animal_Striker,Animal,Striker,6695,20,enemy,False,10,938.5188891022933,0.0,0,True
5,181,Industrial_Fixer,Industrial,Fixer,4997,22,party,False,11,484.873221385061,0.0,0,True
5,181,Industrial_Fixer,Industrial,Fixer,5649,20,party,False,11,303.3243486073675,176.99682112541245,0,True
5,181,Master_Fixer,Master,Fixer,5094,24,party,False,11,371.4949403250678,350.6852904540882,0,True
5,181,Industrial_Tactician,Industrial,Tactician,7200,24,party,False,11,1697.6394772788385,0.0,0,True
5,181,Game_Fixer,Game,Fixer,3371,20,party,False,11,440.53387065270454,176.16585013421331,0,True
5,181,Game_Fixer,Game,Fixer,8766,21,enemy,True,11,0.0,0.0,0,True
5,181,Animal_Bulwark,Animal,Bulwark,6891,23,enemy,True,11,480.2921064280741,0.0,0,True
5,181,Master_Fixer,Master,Fixer,2961,24,enemy,True,11,703.847961713714,952.0510088218939,0,False
5,181,Box_Striker,Box,Striker,6539,24,enemy,True,11,1001.2862514352632,0.0,0,False
5,181,Game_Striker,Game,Striker,5482,24,enemy,True,11,3349.8029605077686,0.0,0,False
5,182,Game_Tactician,Game,Tactician,8413,28,party,False,7,0.0,0.0,0,True
5,182,Murder_Striker,Murder,Striker,621,25,party,False,7,1051.2947703366917,0.0,0,True
5,182,Box_Tactician,Box,Tactician,3351,27,party,False,7,826.8967074294824,0.0,0,True
5,182,Animal_Tactician,Animal,Tactician,2004,25,party,False,7,1048.7290498124994,0.0,0,True
5,182,Box_Tactician,Box,Tactician,8024,27,party,False,7,782.2081708291904,0.0,0,True
5,182,Blackhole_Tactician,Blackhole,Tactician,7919,44,enemy,True,7,2254.1468174609886,0.0,0,True
5,182,Ultimate_Bulwark,Ultimate,Bulwark,5143,42,enemy,True,7,653.8210460525701,0.0,0,True
5,182,Blackhole_Bulwark,Blackhole,Bulwark,2649,41,enemy,True,7,1917.8816766681716,0.0,0,False
5,182,Blackhole_Fixer,Blackhole,Fixer,1901,40,enemy,True,7,245.71528714342597,0.0,0,True
5,182,Blackhole_Fixer,Blackhole,Fixer,2680,44,enemy,True,7,248.62326158490998,0.0,0,True
5,183,Bee_Striker,Bee,Striker,8069,15,party,False,3,0.0,0.0,0,True
5,183,Game_Bulwark,Game,Bulwark,5031,16,party,False,3,0.0,0.0,0,True
5,183,Industrial_Bulwark,Industrial,Bulwark,9130,15,party,False,3,0.0,0.0,0,True
5,183,Box_Striker,Box,Striker,5876,16,party,False,3,0.0,0.0,0,True
5,183,Industrial_Bulwark,Industrial,Bulwark,1988,19,party,False,3,865.0166257252572,0.0,0,True
5,183,Dead_Tactician,Dead,Tactician,9184,36,enemy,True,3,1934.2779528500769,0.0,0,False
5,183,Dead_Tactician,Dead,Tactician,3865,35,enemy,True,3,1178.7819253438113,0.0,0,True
5,183,Wild_Striker,Wild,Striker,559,37,enemy,True,3,1274.483178820753,0.0,0,False
5,183,Master_Striker,Master,Striker,8656,36,enemy,True,3,0.0,0.0,0,False
5,183,Master_Striker,Master,Striker,5951,36,enemy,True,3,0.0,0.0,0,False
5,184,Blackhole_Striker,Blackhole,Striker,1057,30,party,False,7,0.0,0.0,0,True
5,184,Ultimate_Bulwark,Ultimate,Bulwark,6466,31,party,False,7,0.0,0.0,0,True
5,184,Dead_Fixer,Dead,Fixer,9713,34,party,False,7,413.76334607893943,420.97519996222366,0,True
5,184,Dead_Tactician,Dead,Tactician,1866,32,party,False,7,1091.0037125346923,0.0,0,True
5,184,Industrial_Tactician,Industrial,Tactician,1985,30,party,False,7,1565.0036281317552,0.0,0,True
5,184,Ultimate_Fixer,Ultimate,Fixer,588,39,enemy,True,7,452.6706999291698,0.0,0,True
5,184,Dead_Bulwark,Dead,Bulwark,6932,39,enemy,True,7,1863.4229603971135,0.0,0,False
5,184,Dead_Fixer,Dead,Fixer,6305,36,enemy,True,7,631.4627999433355,747.4612080876223,0,False
5,184,Dead_Bulwark,Dead,Bulwark,9717,38,enemy,True,7,471.98933309782495,0.0,0,True
5,184,Master_Fixer,Master,Fixer,9862,35,enemy,True,7,601.134676145247,2326.5142827989825,0,False
5,185,Game_Striker,Game,Striker,1809,16,party,False,4,0.0,0.0,0,True
5,185,Animal_Striker,Animal,Striker,4087,15,party,False,4,0.0,0.0,0,True
5,185,Industrial_Striker,Industrial,Striker,3164,17,party,False,4,0.0,0.0,0,True
5,185,Industrial_Fixer,Industrial,Fixer,2353,19,party,False,4,0.0,351.6604849846208,0,True
5,185,Murder_Bulwark,Murder,Bulwark,1424,17,party,False,4,399.52573891643993,0.0,0,True
5,185,Game_Bulwark,Game,Bulwark,3451,28,enemy,True,4,1306.0613096852808,0.0,0,False
5,185,Box_Tactician,Box,Tactician,2204,29,enemy,True,4,2250.9861932938857,0.0,0,False
5,185,Game_Fixer,Game,Fixer,5964,26,enemy,True,4,175.7532837404564,0.0,0,False
5,185,Master_Striker,Master,Striker,7455,27,enemy,True,4,3957.3448580825425,0.0,0,False
5,185,Industrial_Fixer,Industrial,Fixer,5554,26,enemy,True,4,351.6604849846208,399.52573891643993,0,False
5,186,Golden_Striker,Golden,Striker,360,46,party,True,6,0.0,0.0,0,True
5,186,Golden_Striker,Golden,Striker,6011,46,party,True,6,3091.4568543589967,0.0,0,False
5,186,Golden_Striker,Golden,Striker,2690,46,party,True,6,3078.5665410878546,0.0,0,False
5,186,Ultimate_Fixer,Ultimate,Fixer,8631,45,party,True,6,493.4770708965054,0.0,0,True
5,186,Golden_Striker,Golden,Striker,4113,47,party,True,6,2068.000778272318,0.0,0,False
5,186,Dead_Tactician,Dead,Tactician,8529,35,enemy,False,6,2266.6972349040675,0.0,0,True
5,186,Dead_Fixer,Dead,Fixer,9265,35,enemy,False,6,0.0,1200.4284751793698,0,True
5,186,Dead_Tactician,Dead,Tactician,2840,36,enemy,False,6,1132.2640733205008,0.0,0,True
5,186,Dead_Fixer,Dead,Fixer,9821,35,enemy,False,6,216.1125034922234,2325.419139039598,0,True
5,186,Dead_Fixer,Dead,Fixer,5306,36,enemy,False,6,213.00280894412055,1712.1108679502295,0,True
5,187,Ultimate_Fixer,Ultimate,Fixer,416,41,party,True,5,471.2182509850403,0.0,0,False
5,187,Ultimate_Bulwark,Ultimate,Bulwark,4051,40,party,True,5,2147.760695518472,0.0,0,False
5,187,Blackhole_Fixer,Blackhole,Fixer,6096,44,party,True,5,475.40597586508386,0.0,0,True
5,187,Blackhole_Bulwark,Blackhole,Bulwark,4705,41,party,True,5,267.27698247177557,0.0,0,True
5,187,Blackhole_Fixer,Blackhole,Fixer,5741,40,party,True,5,472.31282570015924,0.0,0,False
5,187,Game_Tactician,Game,Tactician,7100,28,enemy,False,5,0.0,0.0,0,True
5,187,Master_Fixer,Master,Fixer,2596,28,enemy,False,5,0.0,0.0,0,True
5,187,Industrial_Tactician,Industrial,Tactician,2535,25,enemy,False,5,845.4614644313941,0.0,0,True
5,187,Animal_Striker,Animal,Striker,143,29,enemy,False,5,559.0557904933175,0.0,0,True
5,187,Food_Striker,Food,Striker,2480,27,enemy,False,5,533.8220865608841,0.0,0,True
5,188,Industrial_Tactician,Industrial,Tactician,3611,21,party,True,3,974.029217958119,0.0,0,False
5,188,Murder_Striker,Murder,Striker,7262,22,party,True,3,506.8489101656304,0.0,0,False
5,188,Industrial_Tactician,Industrial,Tactician,8570,21,party,True,3,1056.3876624809868,0.0,0,False
5,188,Game_Tactician,Game,Tactician,2126,20,party,True,3,1709.9069512862616,0.0,0,False
5,188,Master_Tactician,Master,Tactician,7698,24,party,True,3,818.7010290107866,0.0,0,False
5,188,Golden_Striker,Golden,Striker,947,45,enemy,False,3,0.0,0.0,0,True
5,188,Golden_Striker,Golden,Striker,1965,45,enemy,False,3,0.0,0.0,0,True
5,188,Golden_Striker,Golden,Striker,6011,46,enemy,False,3,0.0,0.0,0,True
5,188,Golden_Striker,Golden,Striker,8000,46,enemy,False,3,0.0,0.0,0,True
5,188,Golden_Striker,Golden,Striker,2913,47,enemy,False,3,0.0,0.0,0,True
5,189,Blackhole_Fixer,Blackhole,Fixer,4962,35,party,False,8,0.0,0.0,0,True
5,189,Dead_Fixer,Dead,Fixer,6453,37,party,False,8,0.0,0.0,0,True
5,189,Dead_Fixer,Dead,Fixer,1889,36,party,False,8,614.845868087718,1712.8097445362848,0,True
5,189,Blackhole_Striker,Blackhole,Striker,3656,37,party,False,8,637.263219076968,0.0,0,True
5,189,Dead_Fixer,Dead,Fixer,147,35,party,False,8,214.96596847355946,1144.267343840344,0,True
5,189,Box_Fixer,Box,Fixer,2252,33,enemy,True,8,810.3178285767113,0.0,0,False
5,189,Blackhole_Fixer,Blackhole,Fixer,2389,30,enemy,True,8,617.5799462274556,2363.9468080290594,0,False
5,189,Dead_Fixer,Dead,Fixer,3197,33,enemy,True,8,598.4229060669406,0.0,0,False
5,189,Dead_Fixer,Dead,Fixer,813,32,enemy,True,8,420.178664246998,829.8118365612775,0,False
5,189,Dead_Tactician,Dead,Tactician,2748,33,enemy,True,8,1473.640453081562,0.0,0,True
5,190,Industrial_Tactician,Industrial,Tactician,8951,12,party,False,5,0.0,0.0,0,True
5,190,Industrial_Tactician,Industrial,Tactician,240,12,party,False,5,0.0,0.0,0,True
5,190,Game_Striker,Game,Striker,6179,14,party,False,5,0.0,0.0,0,True
5,190,Murder_Tactician,Murder,Tactician,3875,13,party,False,5,835.7956199904443,0.0,0,True
5,190,Bee_Tactician,Bee,Tactician,2612,12,party,False,5,739.8678670006918,0.0,0,True
5,190,Animal_Striker,Animal,Striker,6004,23,enemy,True,5,497.0178926441352,0.0,0,False
5,190,Master_Striker,Master,Striker,5963,24,enemy,True,5,494.5598417408507,0.0,0,False
5,190,Animal_Tactician,Animal,Tactician,479,23,enemy,True,5,725.9525853395389,0.0,0,True
5,190,Box_Tactician,Box,Tactician,5356,21,enemy,True,5,1035.2009943988137,0.0,0,True
5,190,Industrial_Tactician,Industrial,Tactician,8362,22,enemy,True,5,1555.2067588450373,0.0,0,True
5,191,Animal_Striker,Animal,Striker,6059,24,party,False,12,999.8115917140474,0.0,0,True
5,191,Food_Striker,Food,Striker,1639,23,party,False,12,518.7747668754099,0.0,0,True
5,191,Food_Fixer,Food,Fixer,7300,24,party,False,12,567.8453269901647,0.0,0,True
5,191,Master_Tactician,Master,Tactician,8874,23,party,False,12,513.8191289045981,0.0,0,True
5,191,Box_Fixer,Box,Fixer,4221,23,party,False,12,347.9183420405974,738.2814910437517,0,True
5,191,Game_Tactician,Game,Tactician,7578,21,enemy,True,12,0.0,0.0,0,True
5,191,Industrial_Tactician,Industrial,Tactician,6354,23,enemy,True,12,1160.8039656234257,0.0,0,True
5,191,Animal_Striker,Animal,Striker,893,23,enemy,True,12,1995.2175142314356,0.0,0,False
5,191,Box_Striker,Box,Striker,2938,20,enemy,True,12,917.8904599767627,0.0,0,True
5,191,Food_Bulwark,Food,Bulwark,7789,22,enemy,True,12,468.8007354166881,0.0,0,True
5,192,Dead_Bulwark,Dead,Bulwark,9573,35,party,True,5,1892.427300610777,0.0,0,False
5,192,Dead_Fixer,Dead,Fixer,3547,35,party,True,5,452.84026433482416,1410.993873575008,0,False
5,192,Dead_Bulwark,Dead,Bulwark,1030,37,party,True,5,249.8780190217697,0.0,0,True
5,192,Ultimate_Bulwark,Ultimate,Bulwark,921,38,party,True,5,259.87265742255823,0.0,0,True
5,192,Blackhole_Striker,Blackhole,Striker,7316,36,party,True,5,2559.00039972761,0.0,0,False
5,192,Industrial_Striker,Industrial,Striker,5583,21,enemy,False,5,0.0,0.0,0,True
5,192,Industrial_Tactician,Industrial,Tactician,2912,22,enemy,False,5,983.3503172528102,0.0,0,True
5,192,Game_Fixer,Game,Fixer,8240,21,enemy,False,5,174.39387357500797,0.0,0,True
5,192,Bee_Tactician,Bee,Tactician,477,20,enemy,False,5,1185.9364215582916,0.0,0,True
5,192,Murder_Fixer,Murder,Fixer,9838,20,enemy,False,5,175.3426452270441,249.8780190217697,0,True
5,193,Bee_Tactician,Bee,Tactician,3187,23,party,False,11,0.0,0.0,0,True
5,193,Box_Tactician,Box,Tactician,4873,23,party,False,11,1816.2193742003885,0.0,0,True
5,193,Animal_Striker,Animal,Striker,222,24,party,False,11,1439.0792836992066,0.0,0,True
5,193,Murder_Striker,Murder,Striker,6474,24,party,False,11,516.3149383638067,0.0,0,True
5,193,Animal_Bulwark,Animal,Bulwark,2780,20,party,False,11,438.9440320838927,0.0,0,True
5,193,Golden_Striker,Golden,Striker,360,46,enemy,True,11,1040.2031559228753,0.0,0,True
5,193,Golden_Striker,Golden,Striker,2869,45,enemy,True,11,0.0,0.0,0,True
5,193,Golden_Striker,Golden,Striker,1142,46,enemy,True,11,1050.1566452164113,0.0,0,True
5,193,Golden_Striker,Golden,Striker,2913,47,enemy,True,11,2084.4815445819813,0.0,0,False
5,193,Ultimate_Fixer,Ultimate,Fixer,8060,46,enemy,True,11,499.4446743123425,0.0,0,True
5,194,Ultimate_Bulwark,Ultimate,Bulwark,8633,40,party,True,3,634.7444366707012,0.0,0,False
5,194,Ultimate_Bulwark,Ultimate,Bulwark,5143,42,party,True,3,525.6183296767381,0.0,0,False
5,194,Ultimate_Fixer,Ultimate,Fixer,416,41,party,True,3,238.10090617738388,0.0,0,False
5,194,Blackhole_Tactician,Blackhole,Tactician,2545,40,party,True,3,1974.1768909937564,0.0,0,False
5,194,Blackhole_Bulwark,Blackhole,Bulwark,2649,41,party,True,3,639.126561822807,0.0,0,False
5,194,Master_Fixer,Master,Fixer,5094,24,enemy,False,3,0.0,0.0,0,True
5,194,Industrial_Tactician,Industrial,Tactician,2021,20,enemy,False,3,0.0,0.0,0,True
5,194,Master_Striker,Master,Striker,6723,24,enemy,False,3,0.0,0.0,0,True
5,194,Game_Striker,Game,Striker,3758,21,enemy,False,3,0.0,0.0,0,True
5,194,Bee_Fixer,Bee,Fixer,5413,20,enemy,False,3,72.39819004524887,0.0,0,True
5,195,Blackhole_Tactician,Blackhole,Tactician,2683,43,party,True,3,1506.554571352239,0.0,0,False
5,195,Golden_Striker,Golden,Striker,2062,43,party,True,3,20262.731302172415,0.0,0,False
5,195,Ultimate_Bulwark,Ultimate,Bulwark,4051,40,party,True,3,512.3115176607004,0.0,0,False
5,195,Blackhole_Bulwark,Blackhole,Bulwark,6022,40,party,True,3,487.3054547801562,0.0,0,False
5,195,Blackhole_Bulwark,Blackhole,Bulwark,2649,41,party,True,3,0.0,0.0,0,False
5,195,Animal_Fixer,Animal,Fixer,1645,14,enemy,False,3,0.0,0.0,0,True
5,195,Animal_Striker,Animal,Striker,536,13,enemy,False,3,0.0,0.0,0,True
5,195,Industrial_Tactician,Industrial,Tactician,436,14,enemy,False,3,0.0,0.0,0,True
5,195,Animal_Striker,Animal,Striker,3812,14,enemy,False,3,0.0,0.0,0,True
5,195,Animal_Fixer,Animal,Fixer,6404,12,enemy,False,3,129.3471309583494,0.0,0,True
5,196,Murder_Fixer,Murder,Fixer,3853,30,party,False,8,0.0,0.0,0,True
5,196,Dead_Fixer,Dead,Fixer,853,33,party,False,8,0.0,0.0,0,True
5,196,Industrial_Tactician,Industrial,Tactician,3709,30,party,False,8,1175.9703108087213,0.0,0,True
5,196,Dead_Tactician,Dead,Tactician,3571,33,party,False,8,1484.1803098110038,0.0,0,True
5,196,Master_Fixer,Master,Fixer,8382,30,party,False,8,389.9081179848804,0.0,0,True
5,196,Golden_Striker,Golden,Striker,2869,45,enemy,True,8,997.8522715508582,0.0,0,False
5,196,Ultimate_Fixer,Ultimate,Fixer,8060,46,enemy,True,8,489.0875266883538,0.0,0,True
5,196,Ultimate_Fixer,Ultimate,Fixer,8288,45,enemy,True,8,493.4770708965054,0.0,0,True
5,196,Ultimate_Fixer,Ultimate,Fixer,2358,45,enemy,True,8,246.7385354482527,0.0,0,True
5,196,Golden_Striker,Golden,Striker,947,45,enemy,True,8,2074.342938730736,0.0,0,False
5,197,Golden_Striker,Golden,Striker,947,45,party,False,3,0.0,0.0,0,True
5,197,Golden_Striker,Golden,Striker,6011,46,party,False,3,0.0,0.0,0,True
5,197,Golden_Striker,Golden,Striker,6017,46,party,False,3,993.9958376511447,0.0,0,True
5,197,Ultimate_Fixer,Ultimate,Fixer,433,45,party,False,3,486.8440059237284,0.0,0,True
5,197,Golden_Striker,Golden,Striker,5485,45,party,False,3,996.8853604350143,0.0,0,True
5,197,Blackhole_Tactician,Blackhole,Tactician,4114,33,enemy,True,3,1258.4697644015982,0.0,0,False
5,197,Game_Bulwark,Game,Bulwark,8456,30,enemy,True,3,507.33486309963394,0.0,0,True
5,197,Blackhole_Fixer,Blackhole,Fixer,124,32,enemy,True,3,403.0960624673319,486.8440059237284,0,False
5,197,Dead_Tactician,Dead,Tactician,4093,32,enemy,True,3,1864.694456034806,0.0,0,False
5,197,Box_Bulwark,Box,Bulwark,3144,30,enemy,True,3,507.33486309963394,0.0,0,True
5,198,Ultimate_Bulwark,Ultimate,Bulwark,4531,35,party,False,15,580.2707930367505,0.0,0,True
5,198,Blackhole_Fixer,Blackhole,Fixer,8233,37,party,False,15,1162.6030617326837,436.39774375794923,0,True
5,198,Master_Bulwark,Master,Bulwark,7582,35,party,False,15,576.0545066309265,0.0,0,True
5,198,Blackhole_Tactician,Blackhole,Tactician,3470,38,party,False,15,1050.7057146366642,0.0,0,True
5,198,Dead_Fixer,Dead,Fixer,2439,36,party,False,15,885.3247794707297,1678.9894747935273,0,True
5,198,Dead_Fixer,Dead,Fixer,9663,34,enemy,True,15,0.0,0.0,0,True
5,198,Dead_Fixer,Dead,Fixer,8140,34,enemy,True,15,1530.8607753473927,7775.578254026557,0,False
5,198,Box_Bulwark,Box,Bulwark,4173,30,enemy,True,15,1838.3585247439923,0.0,0,True
5,198,Blackhole_Fixer,Blackhole,Fixer,5030,33,enemy,True,15,1109.5737981525856,232.0937732233673,0,False
5,198,Blackhole_Tactician,Blackhole,Tactician,3462,34,enemy,True,15,1002.005455572381,0.0,0,True
5,199,Ultimate_Fixer,Ultimate,Fixer,8288,45,party,True,6,516.0156871153362,0.0,0,True
5,199,Golden_Striker,Golden,Striker,5485,45,party,True,6,0.0,0.0,0,True
5,199,Golden_Striker,Golden,Striker,1895,46,party,True,6,1061.0913277280592,0.0,0,True
5,199,Golden_Striker,Golden,Striker,8082,45,party,True,6,2058.3108912138946,0.0,0,False
5,199,Golden_Striker,Golden,Striker,360,46,party,True,6,1046.3280027683486,0.0,0,False
5,199,Food_Striker,Food,Striker,8980,16,enemy,False,6,0.0,0.0,0,True
5,199,Industrial_Tactician,Industrial,Tactician,3108,15,enemy,False,6,885.3383237560471,0.0,0,True
5,199,Animal_Bulwark,Animal,Bulwark,2141,17,enemy,False,6,383.1417624521073,0.0,0,True
5,199,Murder_Bulwark,Murder,Bulwark,789,19,enemy,False,6,449.2735402129722,0.0,0,True
5,199,Industrial_Tactician,Industrial,Tactician,1305,19,enemy,False,6,914.2183259229419,0.0,0,True
